-- phpMyAdmin SQL Dump
-- version 4.5.1
-- http://www.phpmyadmin.net
--
-- Host: 127.0.0.1
-- Generation Time: Jul 17, 2018 at 05:01 PM
-- Server version: 10.1.9-MariaDB
-- PHP Version: 5.6.15

SET SQL_MODE = "NO_AUTO_VALUE_ON_ZERO";
SET time_zone = "+00:00";


/*!40101 SET @OLD_CHARACTER_SET_CLIENT=@@CHARACTER_SET_CLIENT */;
/*!40101 SET @OLD_CHARACTER_SET_RESULTS=@@CHARACTER_SET_RESULTS */;
/*!40101 SET @OLD_COLLATION_CONNECTION=@@COLLATION_CONNECTION */;
/*!40101 SET NAMES utf8mb4 */;

--
-- Database: `megahjaya2`
--

-- --------------------------------------------------------

--
-- Table structure for table `btkl`
--

CREATE TABLE `btkl` (
  `id` int(10) UNSIGNED NOT NULL,
  `qty` float DEFAULT NULL,
  `price` float DEFAULT NULL,
  `month` varchar(10) NOT NULL,
  `year` int(4) NOT NULL,
  `created_at` timestamp NOT NULL DEFAULT CURRENT_TIMESTAMP ON UPDATE CURRENT_TIMESTAMP
) ENGINE=InnoDB DEFAULT CHARSET=utf8;

--
-- Dumping data for table `btkl`
--

INSERT INTO `btkl` (`id`, `qty`, `price`, `month`, `year`, `created_at`) VALUES
(3, 8, 100000, '', 0, '2018-07-07 00:57:32');

-- --------------------------------------------------------

--
-- Table structure for table `ci_sessions`
--

CREATE TABLE `ci_sessions` (
  `id` varchar(128) NOT NULL,
  `ip_address` varchar(45) NOT NULL,
  `timestamp` int(10) UNSIGNED NOT NULL DEFAULT '0',
  `data` blob NOT NULL
) ENGINE=InnoDB DEFAULT CHARSET=utf8;

--
-- Dumping data for table `ci_sessions`
--

INSERT INTO `ci_sessions` (`id`, `ip_address`, `timestamp`, `data`) VALUES
('2cj9mf8lodr40gaj0tl3i23dkud0ejs5', '::1', 1528152556, 0x5f5f63695f6c6173745f726567656e65726174657c693a313532383135323339313b6c6f67676564496e7c623a313b757365725f69647c733a313a2231223b757365726e616d657c733a353a2261646d696e223b6e616d657c733a31353a2241646d696e204d656761686a617961223b726f6c655f69647c733a313a2231223b726f6c657c733a353a2241646d696e223b6c6f676f5f706174687c733a32333a22696d616765732f636f6d70616e795f6c6f676f2e6a7067223b6c6f676f5f7469746c655f706174687c733a32353a22696d616765732f6c6f676f2d746578742d6461726b2e706e67223b6c616e67756167657c733a373a22656e676c697368223b),
('1tfiacg271asogcqm8h5bc2el8aspsjc', '::1', 1528153047, 0x5f5f63695f6c6173745f726567656e65726174657c693a313532383135323734373b6c6f67676564496e7c623a313b757365725f69647c733a313a2231223b757365726e616d657c733a353a2261646d696e223b6e616d657c733a31353a2241646d696e204d656761686a617961223b726f6c655f69647c733a313a2231223b726f6c657c733a353a2241646d696e223b6c6f676f5f706174687c733a32333a22696d616765732f636f6d70616e795f6c6f676f2e6a7067223b6c6f676f5f7469746c655f706174687c733a32353a22696d616765732f6c6f676f2d746578742d6461726b2e706e67223b6c616e67756167657c733a373a22656e676c697368223b),
('cvahpirckgu9d8o6v24pdkj67d3qh2et', '::1', 1528153155, 0x5f5f63695f6c6173745f726567656e65726174657c693a313532383135333035323b6c6f67676564496e7c623a313b757365725f69647c733a313a2231223b757365726e616d657c733a353a2261646d696e223b6e616d657c733a31353a2241646d696e204d656761686a617961223b726f6c655f69647c733a313a2231223b726f6c657c733a353a2241646d696e223b6c6f676f5f706174687c733a32333a22696d616765732f636f6d70616e795f6c6f676f2e6a7067223b6c6f676f5f7469746c655f706174687c733a32353a22696d616765732f6c6f676f2d746578742d6461726b2e706e67223b6c616e67756167657c733a373a22656e676c697368223b),
('t5nam34jl9ooacrm1j81rrttenl9t1n3', '::1', 1528153631, 0x5f5f63695f6c6173745f726567656e65726174657c693a313532383135333431303b6c6f67676564496e7c623a313b757365725f69647c733a313a2231223b757365726e616d657c733a353a2261646d696e223b6e616d657c733a31353a2241646d696e204d656761686a617961223b726f6c655f69647c733a313a2231223b726f6c657c733a353a2241646d696e223b6c6f676f5f706174687c733a32333a22696d616765732f636f6d70616e795f6c6f676f2e6a7067223b6c6f676f5f7469746c655f706174687c733a32353a22696d616765732f6c6f676f2d746578742d6461726b2e706e67223b6c616e67756167657c733a373a22656e676c697368223b),
('05vova6lips5ld6qnums72taq0r8np40', '::1', 1528153972, 0x5f5f63695f6c6173745f726567656e65726174657c693a313532383135333734323b6c6f67676564496e7c623a313b757365725f69647c733a313a2231223b757365726e616d657c733a353a2261646d696e223b6e616d657c733a31353a2241646d696e204d656761686a617961223b726f6c655f69647c733a313a2231223b726f6c657c733a353a2241646d696e223b6c6f676f5f706174687c733a32333a22696d616765732f636f6d70616e795f6c6f676f2e6a7067223b6c6f676f5f7469746c655f706174687c733a32353a22696d616765732f6c6f676f2d746578742d6461726b2e706e67223b6c616e67756167657c733a373a22656e676c697368223b),
('sgqu35k822c9lm0kd4ghchusopmd15t8', '::1', 1528154481, 0x5f5f63695f6c6173745f726567656e65726174657c693a313532383135343136313b6c6f67676564496e7c623a313b757365725f69647c733a313a2231223b757365726e616d657c733a353a2261646d696e223b6e616d657c733a31353a2241646d696e204d656761686a617961223b726f6c655f69647c733a313a2231223b726f6c657c733a353a2241646d696e223b6c6f676f5f706174687c733a32333a22696d616765732f636f6d70616e795f6c6f676f2e6a7067223b6c6f676f5f7469746c655f706174687c733a32353a22696d616765732f6c6f676f2d746578742d6461726b2e706e67223b6c616e67756167657c733a373a22656e676c697368223b),
('ogb6hg4kps3sb61bcokoa0drhd1crlju', '::1', 1528154904, 0x5f5f63695f6c6173745f726567656e65726174657c693a313532383135343630323b6c6f67676564496e7c623a313b757365725f69647c733a313a2231223b757365726e616d657c733a353a2261646d696e223b6e616d657c733a31353a2241646d696e204d656761686a617961223b726f6c655f69647c733a313a2231223b726f6c657c733a353a2241646d696e223b6c6f676f5f706174687c733a32333a22696d616765732f636f6d70616e795f6c6f676f2e6a7067223b6c6f676f5f7469746c655f706174687c733a32353a22696d616765732f6c6f676f2d746578742d6461726b2e706e67223b6c616e67756167657c733a373a22656e676c697368223b),
('speu2nu7h2lj4ftrqvi095ksclteqs52', '::1', 1528155223, 0x5f5f63695f6c6173745f726567656e65726174657c693a313532383135343932383b6c6f67676564496e7c623a313b757365725f69647c733a313a2231223b757365726e616d657c733a353a2261646d696e223b6e616d657c733a31353a2241646d696e204d656761686a617961223b726f6c655f69647c733a313a2231223b726f6c657c733a353a2241646d696e223b6c6f676f5f706174687c733a32333a22696d616765732f636f6d70616e795f6c6f676f2e6a7067223b6c6f676f5f7469746c655f706174687c733a32353a22696d616765732f6c6f676f2d746578742d6461726b2e706e67223b6c616e67756167657c733a373a22656e676c697368223b),
('nag8him2b2j37goih5gddssd5s8s7akt', '::1', 1528155430, 0x5f5f63695f6c6173745f726567656e65726174657c693a313532383135353233343b6c6f67676564496e7c623a313b757365725f69647c733a313a2231223b757365726e616d657c733a353a2261646d696e223b6e616d657c733a31353a2241646d696e204d656761686a617961223b726f6c655f69647c733a313a2231223b726f6c657c733a353a2241646d696e223b6c6f676f5f706174687c733a32333a22696d616765732f636f6d70616e795f6c6f676f2e6a7067223b6c6f676f5f7469746c655f706174687c733a32353a22696d616765732f6c6f676f2d746578742d6461726b2e706e67223b6c616e67756167657c733a373a22656e676c697368223b),
('gt6b91lsbgdrkqnv5p890nt1hsls617s', '::1', 1528155786, 0x5f5f63695f6c6173745f726567656e65726174657c693a313532383135353534393b6c6f67676564496e7c623a313b757365725f69647c733a313a2231223b757365726e616d657c733a353a2261646d696e223b6e616d657c733a31353a2241646d696e204d656761686a617961223b726f6c655f69647c733a313a2231223b726f6c657c733a353a2241646d696e223b6c6f676f5f706174687c733a32333a22696d616765732f636f6d70616e795f6c6f676f2e6a7067223b6c6f676f5f7469746c655f706174687c733a32353a22696d616765732f6c6f676f2d746578742d6461726b2e706e67223b6c616e67756167657c733a373a22656e676c697368223b),
('apo1tij0dvehqcerl2o75hner94cndrl', '::1', 1528156135, 0x5f5f63695f6c6173745f726567656e65726174657c693a313532383135353835313b6c6f67676564496e7c623a313b757365725f69647c733a313a2231223b757365726e616d657c733a353a2261646d696e223b6e616d657c733a31353a2241646d696e204d656761686a617961223b726f6c655f69647c733a313a2231223b726f6c657c733a353a2241646d696e223b6c6f676f5f706174687c733a32333a22696d616765732f636f6d70616e795f6c6f676f2e6a7067223b6c6f676f5f7469746c655f706174687c733a32353a22696d616765732f6c6f676f2d746578742d6461726b2e706e67223b6c616e67756167657c733a373a22656e676c697368223b),
('kutidqimr01ad2plfot07kmuo4ljb1fu', '::1', 1528156478, 0x5f5f63695f6c6173745f726567656e65726174657c693a313532383135363139313b6c6f67676564496e7c623a313b757365725f69647c733a313a2231223b757365726e616d657c733a353a2261646d696e223b6e616d657c733a31353a2241646d696e204d656761686a617961223b726f6c655f69647c733a313a2231223b726f6c657c733a353a2241646d696e223b6c6f676f5f706174687c733a32333a22696d616765732f636f6d70616e795f6c6f676f2e6a7067223b6c6f676f5f7469746c655f706174687c733a32353a22696d616765732f6c6f676f2d746578742d6461726b2e706e67223b6c616e67756167657c733a373a22656e676c697368223b),
('b037st377aooj81e1cegscghv9q7ra0r', '::1', 1528156904, 0x5f5f63695f6c6173745f726567656e65726174657c693a313532383135363537353b6c6f67676564496e7c623a313b757365725f69647c733a313a2231223b757365726e616d657c733a353a2261646d696e223b6e616d657c733a31353a2241646d696e204d656761686a617961223b726f6c655f69647c733a313a2231223b726f6c657c733a353a2241646d696e223b6c6f676f5f706174687c733a32333a22696d616765732f636f6d70616e795f6c6f676f2e6a7067223b6c6f676f5f7469746c655f706174687c733a32353a22696d616765732f6c6f676f2d746578742d6461726b2e706e67223b6c616e67756167657c733a373a22656e676c697368223b),
('ve4dt1g9um4oqcub0di74ov463cbgls6', '::1', 1528157241, 0x5f5f63695f6c6173745f726567656e65726174657c693a313532383135363934383b6c6f67676564496e7c623a313b757365725f69647c733a313a2231223b757365726e616d657c733a353a2261646d696e223b6e616d657c733a31353a2241646d696e204d656761686a617961223b726f6c655f69647c733a313a2231223b726f6c657c733a353a2241646d696e223b6c6f676f5f706174687c733a32333a22696d616765732f636f6d70616e795f6c6f676f2e6a7067223b6c6f676f5f7469746c655f706174687c733a32353a22696d616765732f6c6f676f2d746578742d6461726b2e706e67223b6c616e67756167657c733a373a22656e676c697368223b),
('2eeil3tp8gdt987lc02fji3glg9is3fd', '::1', 1528157574, 0x5f5f63695f6c6173745f726567656e65726174657c693a313532383135373338343b6c6f67676564496e7c623a313b757365725f69647c733a313a2231223b757365726e616d657c733a353a2261646d696e223b6e616d657c733a31353a2241646d696e204d656761686a617961223b726f6c655f69647c733a313a2231223b726f6c657c733a353a2241646d696e223b6c6f676f5f706174687c733a32333a22696d616765732f636f6d70616e795f6c6f676f2e6a7067223b6c6f676f5f7469746c655f706174687c733a32353a22696d616765732f6c6f676f2d746578742d6461726b2e706e67223b6c616e67756167657c733a373a22656e676c697368223b),
('5r1kmro5tjfu4lcat4i83p5o4ao4h0hl', '::1', 1528158498, 0x5f5f63695f6c6173745f726567656e65726174657c693a313532383135373730343b6c6f67676564496e7c623a313b757365725f69647c733a313a2231223b757365726e616d657c733a353a2261646d696e223b6e616d657c733a31353a2241646d696e204d656761686a617961223b726f6c655f69647c733a313a2231223b726f6c657c733a353a2241646d696e223b6c6f676f5f706174687c733a32333a22696d616765732f636f6d70616e795f6c6f676f2e6a7067223b6c6f676f5f7469746c655f706174687c733a32353a22696d616765732f6c6f676f2d746578742d6461726b2e706e67223b6c616e67756167657c733a373a22656e676c697368223b),
('0kubqv020u2n13nfhl25ns7714buktp3', '::1', 1528158533, 0x5f5f63695f6c6173745f726567656e65726174657c693a313532383135383530303b6c6f67676564496e7c623a313b757365725f69647c733a313a2231223b757365726e616d657c733a353a2261646d696e223b6e616d657c733a31353a2241646d696e204d656761686a617961223b726f6c655f69647c733a313a2231223b726f6c657c733a353a2241646d696e223b6c6f676f5f706174687c733a32333a22696d616765732f636f6d70616e795f6c6f676f2e6a7067223b6c6f676f5f7469746c655f706174687c733a32353a22696d616765732f6c6f676f2d746578742d6461726b2e706e67223b6c616e67756167657c733a373a22656e676c697368223b),
('n0osl98rpbu05phbl9l0cpkjujah9cr5', '::1', 1528196987, 0x5f5f63695f6c6173745f726567656e65726174657c693a313532383139363835333b6c6f67676564496e7c623a313b757365725f69647c733a313a2231223b757365726e616d657c733a353a2261646d696e223b6e616d657c733a31353a2241646d696e204d656761686a617961223b726f6c655f69647c733a313a2231223b726f6c657c733a353a2241646d696e223b6c6f676f5f706174687c733a32333a22696d616765732f636f6d70616e795f6c6f676f2e6a7067223b6c6f676f5f7469746c655f706174687c733a32353a22696d616765732f6c6f676f2d746578742d6461726b2e706e67223b6c616e67756167657c733a373a22656e676c697368223b),
('17q84hka7jd9rc1en2o20e6lpdv9qaqe', '::1', 1528197760, 0x5f5f63695f6c6173745f726567656e65726174657c693a313532383139373436333b6c6f67676564496e7c623a313b757365725f69647c733a313a2231223b757365726e616d657c733a353a2261646d696e223b6e616d657c733a31353a2241646d696e204d656761686a617961223b726f6c655f69647c733a313a2231223b726f6c657c733a353a2241646d696e223b6c6f676f5f706174687c733a32333a22696d616765732f636f6d70616e795f6c6f676f2e6a7067223b6c6f676f5f7469746c655f706174687c733a32353a22696d616765732f6c6f676f2d746578742d6461726b2e706e67223b6c616e67756167657c733a373a22656e676c697368223b),
('ft9cmq1rjun7cpvpjhvnshn0v12hj33h', '::1', 1528198097, 0x5f5f63695f6c6173745f726567656e65726174657c693a313532383139373830343b6c6f67676564496e7c623a313b757365725f69647c733a313a2231223b757365726e616d657c733a353a2261646d696e223b6e616d657c733a31353a2241646d696e204d656761686a617961223b726f6c655f69647c733a313a2231223b726f6c657c733a353a2241646d696e223b6c6f676f5f706174687c733a32333a22696d616765732f636f6d70616e795f6c6f676f2e6a7067223b6c6f676f5f7469746c655f706174687c733a32353a22696d616765732f6c6f676f2d746578742d6461726b2e706e67223b6c616e67756167657c733a373a22656e676c697368223b),
('rd9qktamllkjrrg7foo4n83bjsd0piqr', '::1', 1528198164, 0x5f5f63695f6c6173745f726567656e65726174657c693a313532383139383133333b6c6f67676564496e7c623a313b757365725f69647c733a313a2231223b757365726e616d657c733a353a2261646d696e223b6e616d657c733a31353a2241646d696e204d656761686a617961223b726f6c655f69647c733a313a2231223b726f6c657c733a353a2241646d696e223b6c6f676f5f706174687c733a32333a22696d616765732f636f6d70616e795f6c6f676f2e6a7067223b6c6f676f5f7469746c655f706174687c733a32353a22696d616765732f6c6f676f2d746578742d6461726b2e706e67223b6c616e67756167657c733a373a22656e676c697368223b),
('nsma6l6oe48q40e3uvs8fqeop6gqas7r', '::1', 1528198861, 0x5f5f63695f6c6173745f726567656e65726174657c693a313532383139383539343b6c6f67676564496e7c623a313b757365725f69647c733a313a2231223b757365726e616d657c733a353a2261646d696e223b6e616d657c733a31353a2241646d696e204d656761686a617961223b726f6c655f69647c733a313a2231223b726f6c657c733a353a2241646d696e223b6c6f676f5f706174687c733a32333a22696d616765732f636f6d70616e795f6c6f676f2e6a7067223b6c6f676f5f7469746c655f706174687c733a32353a22696d616765732f6c6f676f2d746578742d6461726b2e706e67223b6c616e67756167657c733a373a22656e676c697368223b),
('rnqquu9uijtfuljag7j0qm2gmd4srlca', '::1', 1528200402, 0x5f5f63695f6c6173745f726567656e65726174657c693a313532383230303334333b6c6f67676564496e7c623a313b757365725f69647c733a313a2231223b757365726e616d657c733a353a2261646d696e223b6e616d657c733a31353a2241646d696e204d656761686a617961223b726f6c655f69647c733a313a2231223b726f6c657c733a353a2241646d696e223b6c6f676f5f706174687c733a32333a22696d616765732f636f6d70616e795f6c6f676f2e6a7067223b6c6f676f5f7469746c655f706174687c733a32353a22696d616765732f6c6f676f2d746578742d6461726b2e706e67223b6c616e67756167657c733a373a22656e676c697368223b),
('formq943p7cjnh00e6mt056vrbihl0bc', '::1', 1528200972, 0x5f5f63695f6c6173745f726567656e65726174657c693a313532383230303730323b6c6f67676564496e7c623a313b757365725f69647c733a313a2231223b757365726e616d657c733a353a2261646d696e223b6e616d657c733a31353a2241646d696e204d656761686a617961223b726f6c655f69647c733a313a2231223b726f6c657c733a353a2241646d696e223b6c6f676f5f706174687c733a32333a22696d616765732f636f6d70616e795f6c6f676f2e6a7067223b6c6f676f5f7469746c655f706174687c733a32353a22696d616765732f6c6f676f2d746578742d6461726b2e706e67223b6c616e67756167657c733a373a22656e676c697368223b),
('f70au7ht36kqi8opur3rlou5950l7i38', '::1', 1528201276, 0x5f5f63695f6c6173745f726567656e65726174657c693a313532383230313030363b6c6f67676564496e7c623a313b757365725f69647c733a313a2231223b757365726e616d657c733a353a2261646d696e223b6e616d657c733a31353a2241646d696e204d656761686a617961223b726f6c655f69647c733a313a2231223b726f6c657c733a353a2241646d696e223b6c6f676f5f706174687c733a32333a22696d616765732f636f6d70616e795f6c6f676f2e6a7067223b6c6f676f5f7469746c655f706174687c733a32353a22696d616765732f6c6f676f2d746578742d6461726b2e706e67223b6c616e67756167657c733a373a22656e676c697368223b),
('mpphtrbteq9s9lqcqi4e9vmqrd38k7v0', '::1', 1528201614, 0x5f5f63695f6c6173745f726567656e65726174657c693a313532383230313335383b6c6f67676564496e7c623a313b757365725f69647c733a313a2231223b757365726e616d657c733a353a2261646d696e223b6e616d657c733a31353a2241646d696e204d656761686a617961223b726f6c655f69647c733a313a2231223b726f6c657c733a353a2241646d696e223b6c6f676f5f706174687c733a32333a22696d616765732f636f6d70616e795f6c6f676f2e6a7067223b6c6f676f5f7469746c655f706174687c733a32353a22696d616765732f6c6f676f2d746578742d6461726b2e706e67223b6c616e67756167657c733a373a22656e676c697368223b),
('e84jpiu6mu44tgo7s6kt7vma5unf0851', '::1', 1528201907, 0x5f5f63695f6c6173745f726567656e65726174657c693a313532383230313637393b6c6f67676564496e7c623a313b757365725f69647c733a313a2231223b757365726e616d657c733a353a2261646d696e223b6e616d657c733a31353a2241646d696e204d656761686a617961223b726f6c655f69647c733a313a2231223b726f6c657c733a353a2241646d696e223b6c6f676f5f706174687c733a32333a22696d616765732f636f6d70616e795f6c6f676f2e6a7067223b6c6f676f5f7469746c655f706174687c733a32353a22696d616765732f6c6f676f2d746578742d6461726b2e706e67223b6c616e67756167657c733a373a22656e676c697368223b),
('6i5bgnchnb5aq0pkionqh3c6p4kgm9ol', '::1', 1528202009, 0x5f5f63695f6c6173745f726567656e65726174657c693a313532383230313938373b6c6f67676564496e7c623a313b757365725f69647c733a313a2231223b757365726e616d657c733a353a2261646d696e223b6e616d657c733a31353a2241646d696e204d656761686a617961223b726f6c655f69647c733a313a2231223b726f6c657c733a353a2241646d696e223b6c6f676f5f706174687c733a32333a22696d616765732f636f6d70616e795f6c6f676f2e6a7067223b6c6f676f5f7469746c655f706174687c733a32353a22696d616765732f6c6f676f2d746578742d6461726b2e706e67223b6c616e67756167657c733a373a22656e676c697368223b),
('f2c8a54uf08c8rdqidsisutttdmv0l6c', '::1', 1528202423, 0x5f5f63695f6c6173745f726567656e65726174657c693a313532383230323239383b6c6f67676564496e7c623a313b757365725f69647c733a313a2231223b757365726e616d657c733a353a2261646d696e223b6e616d657c733a31353a2241646d696e204d656761686a617961223b726f6c655f69647c733a313a2231223b726f6c657c733a353a2241646d696e223b6c6f676f5f706174687c733a32333a22696d616765732f636f6d70616e795f6c6f676f2e6a7067223b6c6f676f5f7469746c655f706174687c733a32353a22696d616765732f6c6f676f2d746578742d6461726b2e706e67223b6c616e67756167657c733a373a22656e676c697368223b),
('enc4k31m56u1nihgvkce9molnl9dokl9', '::1', 1528202915, 0x5f5f63695f6c6173745f726567656e65726174657c693a313532383230323631393b6c6f67676564496e7c623a313b757365725f69647c733a313a2231223b757365726e616d657c733a353a2261646d696e223b6e616d657c733a31353a2241646d696e204d656761686a617961223b726f6c655f69647c733a313a2231223b726f6c657c733a353a2241646d696e223b6c6f676f5f706174687c733a32333a22696d616765732f636f6d70616e795f6c6f676f2e6a7067223b6c6f676f5f7469746c655f706174687c733a32353a22696d616765732f6c6f676f2d746578742d6461726b2e706e67223b6c616e67756167657c733a373a22656e676c697368223b),
('iiifn03vfvfb3p7r21f972u7o1r4c9sm', '::1', 1528203264, 0x5f5f63695f6c6173745f726567656e65726174657c693a313532383230333031343b6c6f67676564496e7c623a313b757365725f69647c733a313a2231223b757365726e616d657c733a353a2261646d696e223b6e616d657c733a31353a2241646d696e204d656761686a617961223b726f6c655f69647c733a313a2231223b726f6c657c733a353a2241646d696e223b6c6f676f5f706174687c733a32333a22696d616765732f636f6d70616e795f6c6f676f2e6a7067223b6c6f676f5f7469746c655f706174687c733a32353a22696d616765732f6c6f676f2d746578742d6461726b2e706e67223b6c616e67756167657c733a373a22656e676c697368223b),
('410qekcrn4q5en8nq2qr4aftnshe248e', '::1', 1528203702, 0x5f5f63695f6c6173745f726567656e65726174657c693a313532383230333434333b6c6f67676564496e7c623a313b757365725f69647c733a313a2231223b757365726e616d657c733a353a2261646d696e223b6e616d657c733a31353a2241646d696e204d656761686a617961223b726f6c655f69647c733a313a2231223b726f6c657c733a353a2241646d696e223b6c6f676f5f706174687c733a32333a22696d616765732f636f6d70616e795f6c6f676f2e6a7067223b6c6f676f5f7469746c655f706174687c733a32353a22696d616765732f6c6f676f2d746578742d6461726b2e706e67223b6c616e67756167657c733a373a22656e676c697368223b),
('3lcm7v2s4v7bvt2i61spf26fn44124le', '::1', 1528204138, 0x5f5f63695f6c6173745f726567656e65726174657c693a313532383230343039373b6c6f67676564496e7c623a313b757365725f69647c733a313a2231223b757365726e616d657c733a353a2261646d696e223b6e616d657c733a31353a2241646d696e204d656761686a617961223b726f6c655f69647c733a313a2231223b726f6c657c733a353a2241646d696e223b6c6f676f5f706174687c733a32333a22696d616765732f636f6d70616e795f6c6f676f2e6a7067223b6c6f676f5f7469746c655f706174687c733a32353a22696d616765732f6c6f676f2d746578742d6461726b2e706e67223b6c616e67756167657c733a373a22656e676c697368223b),
('k36c7jcuoe60uisqpeidfaplr4l893m8', '::1', 1528319944, 0x5f5f63695f6c6173745f726567656e65726174657c693a313532383331393633313b6c6f67676564496e7c623a313b757365725f69647c733a313a2231223b757365726e616d657c733a353a2261646d696e223b6e616d657c733a31353a2241646d696e204d656761686a617961223b726f6c655f69647c733a313a2231223b726f6c657c733a353a2241646d696e223b6c6f676f5f706174687c733a32333a22696d616765732f636f6d70616e795f6c6f676f2e6a7067223b6c6f676f5f7469746c655f706174687c733a32353a22696d616765732f6c6f676f2d746578742d6461726b2e706e67223b6c616e67756167657c733a373a22656e676c697368223b),
('rlgsldcrpk4h2ghlcb1trvireln4mlm5', '::1', 1528320415, 0x5f5f63695f6c6173745f726567656e65726174657c693a313532383332303130303b6c6f67676564496e7c623a313b757365725f69647c733a313a2231223b757365726e616d657c733a353a2261646d696e223b6e616d657c733a31353a2241646d696e204d656761686a617961223b726f6c655f69647c733a313a2231223b726f6c657c733a353a2241646d696e223b6c6f676f5f706174687c733a32333a22696d616765732f636f6d70616e795f6c6f676f2e6a7067223b6c6f676f5f7469746c655f706174687c733a32353a22696d616765732f6c6f676f2d746578742d6461726b2e706e67223b6c616e67756167657c733a373a22656e676c697368223b),
('q9kj2h6t832k278tcs01spfm2qjta56j', '::1', 1528320716, 0x5f5f63695f6c6173745f726567656e65726174657c693a313532383332303432373b6c6f67676564496e7c623a313b757365725f69647c733a313a2231223b757365726e616d657c733a353a2261646d696e223b6e616d657c733a31353a2241646d696e204d656761686a617961223b726f6c655f69647c733a313a2231223b726f6c657c733a353a2241646d696e223b6c6f676f5f706174687c733a32333a22696d616765732f636f6d70616e795f6c6f676f2e6a7067223b6c6f676f5f7469746c655f706174687c733a32353a22696d616765732f6c6f676f2d746578742d6461726b2e706e67223b6c616e67756167657c733a373a22656e676c697368223b),
('8g510bec98sr5e7i9ftmsnt2g1rueld9', '::1', 1528321112, 0x5f5f63695f6c6173745f726567656e65726174657c693a313532383332303832383b6c6f67676564496e7c623a313b757365725f69647c733a313a2231223b757365726e616d657c733a353a2261646d696e223b6e616d657c733a31353a2241646d696e204d656761686a617961223b726f6c655f69647c733a313a2231223b726f6c657c733a353a2241646d696e223b6c6f676f5f706174687c733a32333a22696d616765732f636f6d70616e795f6c6f676f2e6a7067223b6c6f676f5f7469746c655f706174687c733a32353a22696d616765732f6c6f676f2d746578742d6461726b2e706e67223b6c616e67756167657c733a373a22656e676c697368223b),
('7hpui4ke0j64k8u469qcbcknjcm6i8pb', '::1', 1528321368, 0x5f5f63695f6c6173745f726567656e65726174657c693a313532383332313139353b6c6f67676564496e7c623a313b757365725f69647c733a313a2231223b757365726e616d657c733a353a2261646d696e223b6e616d657c733a31353a2241646d696e204d656761686a617961223b726f6c655f69647c733a313a2231223b726f6c657c733a353a2241646d696e223b6c6f676f5f706174687c733a32333a22696d616765732f636f6d70616e795f6c6f676f2e6a7067223b6c6f676f5f7469746c655f706174687c733a32353a22696d616765732f6c6f676f2d746578742d6461726b2e706e67223b6c616e67756167657c733a373a22656e676c697368223b),
('j22k6maogk4101tmndkcbvghsoa30ae7', '::1', 1528321727, 0x5f5f63695f6c6173745f726567656e65726174657c693a313532383332313531353b6c6f67676564496e7c623a313b757365725f69647c733a313a2231223b757365726e616d657c733a353a2261646d696e223b6e616d657c733a31353a2241646d696e204d656761686a617961223b726f6c655f69647c733a313a2231223b726f6c657c733a353a2241646d696e223b6c6f676f5f706174687c733a32333a22696d616765732f636f6d70616e795f6c6f676f2e6a7067223b6c6f676f5f7469746c655f706174687c733a32353a22696d616765732f6c6f676f2d746578742d6461726b2e706e67223b6c616e67756167657c733a373a22656e676c697368223b),
('9p6r1v87u67in1rjojfgeeb55s6kqelp', '::1', 1528322247, 0x5f5f63695f6c6173745f726567656e65726174657c693a313532383332313836333b6c6f67676564496e7c623a313b757365725f69647c733a313a2231223b757365726e616d657c733a353a2261646d696e223b6e616d657c733a31353a2241646d696e204d656761686a617961223b726f6c655f69647c733a313a2231223b726f6c657c733a353a2241646d696e223b6c6f676f5f706174687c733a32333a22696d616765732f636f6d70616e795f6c6f676f2e6a7067223b6c6f676f5f7469746c655f706174687c733a32353a22696d616765732f6c6f676f2d746578742d6461726b2e706e67223b6c616e67756167657c733a373a22656e676c697368223b),
('qaicm2i9re1rm2gtock1kv7v7hvrt57i', '::1', 1528322908, 0x5f5f63695f6c6173745f726567656e65726174657c693a313532383332323237313b6c6f67676564496e7c623a313b757365725f69647c733a313a2231223b757365726e616d657c733a353a2261646d696e223b6e616d657c733a31353a2241646d696e204d656761686a617961223b726f6c655f69647c733a313a2231223b726f6c657c733a353a2241646d696e223b6c6f676f5f706174687c733a32333a22696d616765732f636f6d70616e795f6c6f676f2e6a7067223b6c6f676f5f7469746c655f706174687c733a32353a22696d616765732f6c6f676f2d746578742d6461726b2e706e67223b6c616e67756167657c733a373a22656e676c697368223b),
('j8lfn82ruiae6mfhs0uhijo3g6fddk50', '::1', 1528323144, 0x5f5f63695f6c6173745f726567656e65726174657c693a313532383332323931303b6c6f67676564496e7c623a313b757365725f69647c733a313a2231223b757365726e616d657c733a353a2261646d696e223b6e616d657c733a31353a2241646d696e204d656761686a617961223b726f6c655f69647c733a313a2231223b726f6c657c733a353a2241646d696e223b6c6f676f5f706174687c733a32333a22696d616765732f636f6d70616e795f6c6f676f2e6a7067223b6c6f676f5f7469746c655f706174687c733a32353a22696d616765732f6c6f676f2d746578742d6461726b2e706e67223b6c616e67756167657c733a373a22656e676c697368223b),
('0kg0kvcpmrtq8igqbbnbknsm19lin05d', '::1', 1528323632, 0x5f5f63695f6c6173745f726567656e65726174657c693a313532383332333233313b6c6f67676564496e7c623a313b757365725f69647c733a313a2231223b757365726e616d657c733a353a2261646d696e223b6e616d657c733a31353a2241646d696e204d656761686a617961223b726f6c655f69647c733a313a2231223b726f6c657c733a353a2241646d696e223b6c6f676f5f706174687c733a32333a22696d616765732f636f6d70616e795f6c6f676f2e6a7067223b6c6f676f5f7469746c655f706174687c733a32353a22696d616765732f6c6f676f2d746578742d6461726b2e706e67223b6c616e67756167657c733a373a22656e676c697368223b),
('a0h50136c2bk7bk2htbp0djskofbpqhh', '::1', 1528323869, 0x5f5f63695f6c6173745f726567656e65726174657c693a313532383332333633353b6c6f67676564496e7c623a313b757365725f69647c733a313a2231223b757365726e616d657c733a353a2261646d696e223b6e616d657c733a31353a2241646d696e204d656761686a617961223b726f6c655f69647c733a313a2231223b726f6c657c733a353a2241646d696e223b6c6f676f5f706174687c733a32333a22696d616765732f636f6d70616e795f6c6f676f2e6a7067223b6c6f676f5f7469746c655f706174687c733a32353a22696d616765732f6c6f676f2d746578742d6461726b2e706e67223b6c616e67756167657c733a373a22656e676c697368223b),
('ds9057sgfs274qdcrfs938cpbdi4va7u', '::1', 1528324271, 0x5f5f63695f6c6173745f726567656e65726174657c693a313532383332333938303b6c6f67676564496e7c623a313b757365725f69647c733a313a2231223b757365726e616d657c733a353a2261646d696e223b6e616d657c733a31353a2241646d696e204d656761686a617961223b726f6c655f69647c733a313a2231223b726f6c657c733a353a2241646d696e223b6c6f676f5f706174687c733a32333a22696d616765732f636f6d70616e795f6c6f676f2e6a7067223b6c6f676f5f7469746c655f706174687c733a32353a22696d616765732f6c6f676f2d746578742d6461726b2e706e67223b6c616e67756167657c733a373a22656e676c697368223b),
('8h0d12pm818jl372llbt871ors8jqge6', '::1', 1528324606, 0x5f5f63695f6c6173745f726567656e65726174657c693a313532383332343238353b6c6f67676564496e7c623a313b757365725f69647c733a313a2231223b757365726e616d657c733a353a2261646d696e223b6e616d657c733a31353a2241646d696e204d656761686a617961223b726f6c655f69647c733a313a2231223b726f6c657c733a353a2241646d696e223b6c6f676f5f706174687c733a32333a22696d616765732f636f6d70616e795f6c6f676f2e6a7067223b6c6f676f5f7469746c655f706174687c733a32353a22696d616765732f6c6f676f2d746578742d6461726b2e706e67223b6c616e67756167657c733a373a22656e676c697368223b),
('3mch3isliisuh41miistbdnp7r4kcitr', '::1', 1528325028, 0x5f5f63695f6c6173745f726567656e65726174657c693a313532383332343732333b6c6f67676564496e7c623a313b757365725f69647c733a313a2231223b757365726e616d657c733a353a2261646d696e223b6e616d657c733a31353a2241646d696e204d656761686a617961223b726f6c655f69647c733a313a2231223b726f6c657c733a353a2241646d696e223b6c6f676f5f706174687c733a32333a22696d616765732f636f6d70616e795f6c6f676f2e6a7067223b6c6f676f5f7469746c655f706174687c733a32353a22696d616765732f6c6f676f2d746578742d6461726b2e706e67223b6c616e67756167657c733a373a22656e676c697368223b),
('arpifri484od3sjlc88n5s60qg9p9n0j', '::1', 1528325317, 0x5f5f63695f6c6173745f726567656e65726174657c693a313532383332353033333b6c6f67676564496e7c623a313b757365725f69647c733a313a2231223b757365726e616d657c733a353a2261646d696e223b6e616d657c733a31353a2241646d696e204d656761686a617961223b726f6c655f69647c733a313a2231223b726f6c657c733a353a2241646d696e223b6c6f676f5f706174687c733a32333a22696d616765732f636f6d70616e795f6c6f676f2e6a7067223b6c6f676f5f7469746c655f706174687c733a32353a22696d616765732f6c6f676f2d746578742d6461726b2e706e67223b6c616e67756167657c733a373a22656e676c697368223b),
('bud47qmntsnp5klcqiljtf36fh3mfuqs', '::1', 1528325787, 0x5f5f63695f6c6173745f726567656e65726174657c693a313532383332353338383b6c6f67676564496e7c623a313b757365725f69647c733a313a2231223b757365726e616d657c733a353a2261646d696e223b6e616d657c733a31353a2241646d696e204d656761686a617961223b726f6c655f69647c733a313a2231223b726f6c657c733a353a2241646d696e223b6c6f676f5f706174687c733a32333a22696d616765732f636f6d70616e795f6c6f676f2e6a7067223b6c6f676f5f7469746c655f706174687c733a32353a22696d616765732f6c6f676f2d746578742d6461726b2e706e67223b6c616e67756167657c733a373a22656e676c697368223b),
('libc687495o0uojucfmnqt7ptqcpf9rr', '::1', 1528326086, 0x5f5f63695f6c6173745f726567656e65726174657c693a313532383332353831363b6c6f67676564496e7c623a313b757365725f69647c733a313a2231223b757365726e616d657c733a353a2261646d696e223b6e616d657c733a31353a2241646d696e204d656761686a617961223b726f6c655f69647c733a313a2231223b726f6c657c733a353a2241646d696e223b6c6f676f5f706174687c733a32333a22696d616765732f636f6d70616e795f6c6f676f2e6a7067223b6c6f676f5f7469746c655f706174687c733a32353a22696d616765732f6c6f676f2d746578742d6461726b2e706e67223b6c616e67756167657c733a373a22656e676c697368223b),
('m26dqbmm8pqhe52c562edm6u507nflci', '::1', 1528326444, 0x5f5f63695f6c6173745f726567656e65726174657c693a313532383332363132303b6c6f67676564496e7c623a313b757365725f69647c733a313a2231223b757365726e616d657c733a353a2261646d696e223b6e616d657c733a31353a2241646d696e204d656761686a617961223b726f6c655f69647c733a313a2231223b726f6c657c733a353a2241646d696e223b6c6f676f5f706174687c733a32333a22696d616765732f636f6d70616e795f6c6f676f2e6a7067223b6c6f676f5f7469746c655f706174687c733a32353a22696d616765732f6c6f676f2d746578742d6461726b2e706e67223b6c616e67756167657c733a373a22656e676c697368223b),
('me2873mrga9ucj7tu7n9ndftgneo4n5u', '::1', 1528326665, 0x5f5f63695f6c6173745f726567656e65726174657c693a313532383332363434383b6c6f67676564496e7c623a313b757365725f69647c733a313a2231223b757365726e616d657c733a353a2261646d696e223b6e616d657c733a31353a2241646d696e204d656761686a617961223b726f6c655f69647c733a313a2231223b726f6c657c733a353a2241646d696e223b6c6f676f5f706174687c733a32333a22696d616765732f636f6d70616e795f6c6f676f2e6a7067223b6c6f676f5f7469746c655f706174687c733a32353a22696d616765732f6c6f676f2d746578742d6461726b2e706e67223b6c616e67756167657c733a373a22656e676c697368223b),
('242km5b621q4i1hrob8690h7u3ab56tp', '::1', 1528326885, 0x5f5f63695f6c6173745f726567656e65726174657c693a313532383332363832353b6c6f67676564496e7c623a313b757365725f69647c733a313a2231223b757365726e616d657c733a353a2261646d696e223b6e616d657c733a31353a2241646d696e204d656761686a617961223b726f6c655f69647c733a313a2231223b726f6c657c733a353a2241646d696e223b6c6f676f5f706174687c733a32333a22696d616765732f636f6d70616e795f6c6f676f2e6a7067223b6c6f676f5f7469746c655f706174687c733a32353a22696d616765732f6c6f676f2d746578742d6461726b2e706e67223b6c616e67756167657c733a373a22656e676c697368223b),
('t0vtj5oh7e6bctfs1dcq2mra434sikbs', '::1', 1528327757, 0x5f5f63695f6c6173745f726567656e65726174657c693a313532383332373436353b6c6f67676564496e7c623a313b757365725f69647c733a313a2231223b757365726e616d657c733a353a2261646d696e223b6e616d657c733a31353a2241646d696e204d656761686a617961223b726f6c655f69647c733a313a2231223b726f6c657c733a353a2241646d696e223b6c6f676f5f706174687c733a32333a22696d616765732f636f6d70616e795f6c6f676f2e6a7067223b6c6f676f5f7469746c655f706174687c733a32353a22696d616765732f6c6f676f2d746578742d6461726b2e706e67223b6c616e67756167657c733a373a22656e676c697368223b),
('ipnbu9kjkn7nb39ugtg00aildfbr68pa', '::1', 1528328048, 0x5f5f63695f6c6173745f726567656e65726174657c693a313532383332373739303b6c6f67676564496e7c623a313b757365725f69647c733a313a2231223b757365726e616d657c733a353a2261646d696e223b6e616d657c733a31353a2241646d696e204d656761686a617961223b726f6c655f69647c733a313a2231223b726f6c657c733a353a2241646d696e223b6c6f676f5f706174687c733a32333a22696d616765732f636f6d70616e795f6c6f676f2e6a7067223b6c6f676f5f7469746c655f706174687c733a32353a22696d616765732f6c6f676f2d746578742d6461726b2e706e67223b6c616e67756167657c733a373a22656e676c697368223b),
('qehrmpmkdgj9h6700eeh7rhaf8hst5en', '::1', 1528328184, 0x5f5f63695f6c6173745f726567656e65726174657c693a313532383332383039363b6c6f67676564496e7c623a313b757365725f69647c733a313a2231223b757365726e616d657c733a353a2261646d696e223b6e616d657c733a31353a2241646d696e204d656761686a617961223b726f6c655f69647c733a313a2231223b726f6c657c733a353a2241646d696e223b6c6f676f5f706174687c733a32333a22696d616765732f636f6d70616e795f6c6f676f2e6a7067223b6c6f676f5f7469746c655f706174687c733a32353a22696d616765732f6c6f676f2d746578742d6461726b2e706e67223b6c616e67756167657c733a373a22656e676c697368223b),
('7r8b96n1bsr7036njigtbg4s9jer7eb6', '::1', 1528329214, 0x5f5f63695f6c6173745f726567656e65726174657c693a313532383332383433343b6c6f67676564496e7c623a313b757365725f69647c733a313a2231223b757365726e616d657c733a353a2261646d696e223b6e616d657c733a31353a2241646d696e204d656761686a617961223b726f6c655f69647c733a313a2231223b726f6c657c733a353a2241646d696e223b6c6f676f5f706174687c733a32333a22696d616765732f636f6d70616e795f6c6f676f2e6a7067223b6c6f676f5f7469746c655f706174687c733a32353a22696d616765732f6c6f676f2d746578742d6461726b2e706e67223b6c616e67756167657c733a373a22656e676c697368223b),
('6bigi4i9n4t6ltu9i28vh0a41ghm7lmn', '::1', 1528329519, 0x5f5f63695f6c6173745f726567656e65726174657c693a313532383332393233383b6c6f67676564496e7c623a313b757365725f69647c733a313a2231223b757365726e616d657c733a353a2261646d696e223b6e616d657c733a31353a2241646d696e204d656761686a617961223b726f6c655f69647c733a313a2231223b726f6c657c733a353a2241646d696e223b6c6f676f5f706174687c733a32333a22696d616765732f636f6d70616e795f6c6f676f2e6a7067223b6c6f676f5f7469746c655f706174687c733a32353a22696d616765732f6c6f676f2d746578742d6461726b2e706e67223b6c616e67756167657c733a373a22656e676c697368223b),
('ju4eksmcanqur2qri4gq37utlg3lg48u', '::1', 1528330245, 0x5f5f63695f6c6173745f726567656e65726174657c693a313532383332393536313b6c6f67676564496e7c623a313b757365725f69647c733a313a2231223b757365726e616d657c733a353a2261646d696e223b6e616d657c733a31353a2241646d696e204d656761686a617961223b726f6c655f69647c733a313a2231223b726f6c657c733a353a2241646d696e223b6c6f676f5f706174687c733a32333a22696d616765732f636f6d70616e795f6c6f676f2e6a7067223b6c6f676f5f7469746c655f706174687c733a32353a22696d616765732f6c6f676f2d746578742d6461726b2e706e67223b6c616e67756167657c733a373a22656e676c697368223b),
('67dcdvdso1p56f52f5nfp6ifraqhqtft', '::1', 1528330527, 0x5f5f63695f6c6173745f726567656e65726174657c693a313532383333303338353b6c6f67676564496e7c623a313b757365725f69647c733a313a2231223b757365726e616d657c733a353a2261646d696e223b6e616d657c733a31353a2241646d696e204d656761686a617961223b726f6c655f69647c733a313a2231223b726f6c657c733a353a2241646d696e223b6c6f676f5f706174687c733a32333a22696d616765732f636f6d70616e795f6c6f676f2e6a7067223b6c6f676f5f7469746c655f706174687c733a32353a22696d616765732f6c6f676f2d746578742d6461726b2e706e67223b6c616e67756167657c733a373a22656e676c697368223b),
('9mavb0sng7ups1rl3mmhmm3cr1d7blge', '::1', 1528331156, 0x5f5f63695f6c6173745f726567656e65726174657c693a313532383333303838303b6c6f67676564496e7c623a313b757365725f69647c733a313a2231223b757365726e616d657c733a353a2261646d696e223b6e616d657c733a31353a2241646d696e204d656761686a617961223b726f6c655f69647c733a313a2231223b726f6c657c733a353a2241646d696e223b6c6f676f5f706174687c733a32333a22696d616765732f636f6d70616e795f6c6f676f2e6a7067223b6c6f676f5f7469746c655f706174687c733a32353a22696d616765732f6c6f676f2d746578742d6461726b2e706e67223b6c616e67756167657c733a373a22656e676c697368223b),
('37e4rgdt7414r6t5ph7lr8lhmtqhu86h', '::1', 1528331572, 0x5f5f63695f6c6173745f726567656e65726174657c693a313532383333313139393b6c6f67676564496e7c623a313b757365725f69647c733a313a2231223b757365726e616d657c733a353a2261646d696e223b6e616d657c733a31353a2241646d696e204d656761686a617961223b726f6c655f69647c733a313a2231223b726f6c657c733a353a2241646d696e223b6c6f676f5f706174687c733a32333a22696d616765732f636f6d70616e795f6c6f676f2e6a7067223b6c6f676f5f7469746c655f706174687c733a32353a22696d616765732f6c6f676f2d746578742d6461726b2e706e67223b6c616e67756167657c733a373a22656e676c697368223b),
('33taq4v4ujfn4p99gb46h47gcq9m2fsi', '::1', 1528331777, 0x5f5f63695f6c6173745f726567656e65726174657c693a313532383333313537393b6c6f67676564496e7c623a313b757365725f69647c733a313a2231223b757365726e616d657c733a353a2261646d696e223b6e616d657c733a31353a2241646d696e204d656761686a617961223b726f6c655f69647c733a313a2231223b726f6c657c733a353a2241646d696e223b6c6f676f5f706174687c733a32333a22696d616765732f636f6d70616e795f6c6f676f2e6a7067223b6c6f676f5f7469746c655f706174687c733a32353a22696d616765732f6c6f676f2d746578742d6461726b2e706e67223b6c616e67756167657c733a373a22656e676c697368223b),
('mk9m855fi329pqdv4oi0hnmiv97dlucn', '::1', 1528332240, 0x5f5f63695f6c6173745f726567656e65726174657c693a313532383333313932303b6c6f67676564496e7c623a313b757365725f69647c733a313a2231223b757365726e616d657c733a353a2261646d696e223b6e616d657c733a31353a2241646d696e204d656761686a617961223b726f6c655f69647c733a313a2231223b726f6c657c733a353a2241646d696e223b6c6f676f5f706174687c733a32333a22696d616765732f636f6d70616e795f6c6f676f2e6a7067223b6c6f676f5f7469746c655f706174687c733a32353a22696d616765732f6c6f676f2d746578742d6461726b2e706e67223b6c616e67756167657c733a373a22656e676c697368223b),
('3alcet35av1kpqd67g76ei3vmr6a6pl6', '::1', 1528332583, 0x5f5f63695f6c6173745f726567656e65726174657c693a313532383333323234313b6c6f67676564496e7c623a313b757365725f69647c733a313a2231223b757365726e616d657c733a353a2261646d696e223b6e616d657c733a31353a2241646d696e204d656761686a617961223b726f6c655f69647c733a313a2231223b726f6c657c733a353a2241646d696e223b6c6f676f5f706174687c733a32333a22696d616765732f636f6d70616e795f6c6f676f2e6a7067223b6c6f676f5f7469746c655f706174687c733a32353a22696d616765732f6c6f676f2d746578742d6461726b2e706e67223b6c616e67756167657c733a373a22656e676c697368223b),
('afhh9iftlegcg725sle4h4r9tlbenorb', '::1', 1528332925, 0x5f5f63695f6c6173745f726567656e65726174657c693a313532383333323630373b6c6f67676564496e7c623a313b757365725f69647c733a313a2231223b757365726e616d657c733a353a2261646d696e223b6e616d657c733a31353a2241646d696e204d656761686a617961223b726f6c655f69647c733a313a2231223b726f6c657c733a353a2241646d696e223b6c6f676f5f706174687c733a32333a22696d616765732f636f6d70616e795f6c6f676f2e6a7067223b6c6f676f5f7469746c655f706174687c733a32353a22696d616765732f6c6f676f2d746578742d6461726b2e706e67223b6c616e67756167657c733a373a22656e676c697368223b),
('pbg0juorn1imn4ln7fscha790jdi2p3b', '::1', 1528333122, 0x5f5f63695f6c6173745f726567656e65726174657c693a313532383333323937303b6c6f67676564496e7c623a313b757365725f69647c733a313a2231223b757365726e616d657c733a353a2261646d696e223b6e616d657c733a31353a2241646d696e204d656761686a617961223b726f6c655f69647c733a313a2231223b726f6c657c733a353a2241646d696e223b6c6f676f5f706174687c733a32333a22696d616765732f636f6d70616e795f6c6f676f2e6a7067223b6c6f676f5f7469746c655f706174687c733a32353a22696d616765732f6c6f676f2d746578742d6461726b2e706e67223b6c616e67756167657c733a373a22656e676c697368223b),
('sueb2mppd7oppjees9m3q7phm6p86ofq', '::1', 1528333346, 0x5f5f63695f6c6173745f726567656e65726174657c693a313532383333333334363b6c6f67676564496e7c623a313b757365725f69647c733a313a2231223b757365726e616d657c733a353a2261646d696e223b6e616d657c733a31353a2241646d696e204d656761686a617961223b726f6c655f69647c733a313a2231223b726f6c657c733a353a2241646d696e223b6c6f676f5f706174687c733a32333a22696d616765732f636f6d70616e795f6c6f676f2e6a7067223b6c6f676f5f7469746c655f706174687c733a32353a22696d616765732f6c6f676f2d746578742d6461726b2e706e67223b6c616e67756167657c733a373a22656e676c697368223b),
('62lc6r1i2oiq0df1gurgs8lu8b14emk0', '::1', 1528333889, 0x5f5f63695f6c6173745f726567656e65726174657c693a313532383333333736353b6c6f67676564496e7c623a313b757365725f69647c733a313a2231223b757365726e616d657c733a353a2261646d696e223b6e616d657c733a31353a2241646d696e204d656761686a617961223b726f6c655f69647c733a313a2231223b726f6c657c733a353a2241646d696e223b6c6f676f5f706174687c733a32333a22696d616765732f636f6d70616e795f6c6f676f2e6a7067223b6c6f676f5f7469746c655f706174687c733a32353a22696d616765732f6c6f676f2d746578742d6461726b2e706e67223b6c616e67756167657c733a373a22656e676c697368223b),
('r3fal8qrclqn8vl15oqnp5mgodiq4lms', '::1', 1528334413, 0x5f5f63695f6c6173745f726567656e65726174657c693a313532383333343135363b6c6f67676564496e7c623a313b757365725f69647c733a313a2231223b757365726e616d657c733a353a2261646d696e223b6e616d657c733a31353a2241646d696e204d656761686a617961223b726f6c655f69647c733a313a2231223b726f6c657c733a353a2241646d696e223b6c6f676f5f706174687c733a32333a22696d616765732f636f6d70616e795f6c6f676f2e6a7067223b6c6f676f5f7469746c655f706174687c733a32353a22696d616765732f6c6f676f2d746578742d6461726b2e706e67223b6c616e67756167657c733a373a22656e676c697368223b),
('88c436e0ed55f65e7275a902725d9dfbb4c6be0f', '103.213.131.119', 1528334813, 0x5f5f63695f6c6173745f726567656e65726174657c693a313532383333343731363b6c6f67676564496e7c623a313b757365725f69647c733a313a2231223b757365726e616d657c733a353a2261646d696e223b6e616d657c733a31353a2241646d696e204d656761686a617961223b726f6c655f69647c733a313a2231223b726f6c657c733a353a2241646d696e223b6c6f676f5f706174687c733a32333a22696d616765732f636f6d70616e795f6c6f676f2e6a7067223b6c6f676f5f7469746c655f706174687c733a32353a22696d616765732f6c6f676f2d746578742d6461726b2e706e67223b6c616e67756167657c733a373a22656e676c697368223b),
('cd271f426b58d6851da9e036edc9503e037c0356', '36.74.192.211', 1528339635, 0x5f5f63695f6c6173745f726567656e65726174657c693a313532383333393633353b6c6f67676564496e7c623a313b757365725f69647c733a313a2231223b757365726e616d657c733a353a2261646d696e223b6e616d657c733a31353a2241646d696e204d656761686a617961223b726f6c655f69647c733a313a2231223b726f6c657c733a353a2241646d696e223b6c6f676f5f706174687c733a32333a22696d616765732f636f6d70616e795f6c6f676f2e6a7067223b6c6f676f5f7469746c655f706174687c733a32353a22696d616765732f6c6f676f2d746578742d6461726b2e706e67223b6c616e67756167657c733a373a22656e676c697368223b),
('c4493bbccb495ec4e1047c863ed45a588a7ac999', '36.74.192.211', 1528340071, 0x5f5f63695f6c6173745f726567656e65726174657c693a313532383334303037313b6c6f67676564496e7c623a313b757365725f69647c733a313a2231223b757365726e616d657c733a353a2261646d696e223b6e616d657c733a31353a2241646d696e204d656761686a617961223b726f6c655f69647c733a313a2231223b726f6c657c733a353a2241646d696e223b6c6f676f5f706174687c733a32333a22696d616765732f636f6d70616e795f6c6f676f2e6a7067223b6c6f676f5f7469746c655f706174687c733a32353a22696d616765732f6c6f676f2d746578742d6461726b2e706e67223b6c616e67756167657c733a373a22656e676c697368223b),
('7d605a92489f8bb7412519002d8e1a1c987a6bcc', '36.74.192.211', 1528340623, 0x5f5f63695f6c6173745f726567656e65726174657c693a313532383334303632333b6c6f67676564496e7c623a313b757365725f69647c733a313a2231223b757365726e616d657c733a353a2261646d696e223b6e616d657c733a31353a2241646d696e204d656761686a617961223b726f6c655f69647c733a313a2231223b726f6c657c733a353a2241646d696e223b6c6f676f5f706174687c733a32333a22696d616765732f636f6d70616e795f6c6f676f2e6a7067223b6c6f676f5f7469746c655f706174687c733a32353a22696d616765732f6c6f676f2d746578742d6461726b2e706e67223b6c616e67756167657c733a373a22656e676c697368223b),
('bea8106355052d43c4d851a9975250dcacf2dbe8', '36.74.192.211', 1528341271, 0x5f5f63695f6c6173745f726567656e65726174657c693a313532383334313237313b6c6f67676564496e7c623a313b757365725f69647c733a313a2231223b757365726e616d657c733a353a2261646d696e223b6e616d657c733a31353a2241646d696e204d656761686a617961223b726f6c655f69647c733a313a2231223b726f6c657c733a353a2241646d696e223b6c6f676f5f706174687c733a32333a22696d616765732f636f6d70616e795f6c6f676f2e6a7067223b6c6f676f5f7469746c655f706174687c733a32353a22696d616765732f6c6f676f2d746578742d6461726b2e706e67223b6c616e67756167657c733a373a22656e676c697368223b),
('ebc11c0a643088399a8351ca699d17cb2310be01', '36.74.192.211', 1528341901, 0x5f5f63695f6c6173745f726567656e65726174657c693a313532383334313930313b6c6f67676564496e7c623a313b757365725f69647c733a313a2231223b757365726e616d657c733a353a2261646d696e223b6e616d657c733a31353a2241646d696e204d656761686a617961223b726f6c655f69647c733a313a2231223b726f6c657c733a353a2241646d696e223b6c6f676f5f706174687c733a32333a22696d616765732f636f6d70616e795f6c6f676f2e6a7067223b6c6f676f5f7469746c655f706174687c733a32353a22696d616765732f6c6f676f2d746578742d6461726b2e706e67223b6c616e67756167657c733a373a22656e676c697368223b),
('cf3cd00c3c2b31b6dc6b0271d52904c13f07df69', '36.74.192.211', 1528342203, 0x5f5f63695f6c6173745f726567656e65726174657c693a313532383334323230333b6c6f67676564496e7c623a313b757365725f69647c733a313a2231223b757365726e616d657c733a353a2261646d696e223b6e616d657c733a31353a2241646d696e204d656761686a617961223b726f6c655f69647c733a313a2231223b726f6c657c733a353a2241646d696e223b6c6f676f5f706174687c733a32333a22696d616765732f636f6d70616e795f6c6f676f2e6a7067223b6c6f676f5f7469746c655f706174687c733a32353a22696d616765732f6c6f676f2d746578742d6461726b2e706e67223b6c616e67756167657c733a373a22656e676c697368223b),
('6dc9076bbe39b4e018f9738c9d9820d3137a6d85', '66.102.6.44', 1528342064, 0x5f5f63695f6c6173745f726567656e65726174657c693a313532383334323036343b),
('d624e065ca9d0de6a2681c9bc5e0a0fef32bd522', '36.74.192.211', 1528342578, 0x5f5f63695f6c6173745f726567656e65726174657c693a313532383334323537383b6c6f67676564496e7c623a313b757365725f69647c733a313a2231223b757365726e616d657c733a353a2261646d696e223b6e616d657c733a31353a2241646d696e204d656761686a617961223b726f6c655f69647c733a313a2231223b726f6c657c733a353a2241646d696e223b6c6f676f5f706174687c733a32333a22696d616765732f636f6d70616e795f6c6f676f2e6a7067223b6c6f676f5f7469746c655f706174687c733a32353a22696d616765732f6c6f676f2d746578742d6461726b2e706e67223b6c616e67756167657c733a373a22656e676c697368223b),
('1c0a3833f440d65fb2a756503549529f57cd224e', '36.74.192.211', 1528342910, 0x5f5f63695f6c6173745f726567656e65726174657c693a313532383334323931303b6c6f67676564496e7c623a313b757365725f69647c733a313a2231223b757365726e616d657c733a353a2261646d696e223b6e616d657c733a31353a2241646d696e204d656761686a617961223b726f6c655f69647c733a313a2231223b726f6c657c733a353a2241646d696e223b6c6f676f5f706174687c733a32333a22696d616765732f636f6d70616e795f6c6f676f2e6a7067223b6c6f676f5f7469746c655f706174687c733a32353a22696d616765732f6c6f676f2d746578742d6461726b2e706e67223b6c616e67756167657c733a373a22656e676c697368223b),
('51c87a4ccd3c0b11d13bfc3b256dd5035bb08fc6', '36.74.192.211', 1528343359, 0x5f5f63695f6c6173745f726567656e65726174657c693a313532383334333335393b6c6f67676564496e7c623a313b757365725f69647c733a313a2231223b757365726e616d657c733a353a2261646d696e223b6e616d657c733a31353a2241646d696e204d656761686a617961223b726f6c655f69647c733a313a2231223b726f6c657c733a353a2241646d696e223b6c6f676f5f706174687c733a32333a22696d616765732f636f6d70616e795f6c6f676f2e6a7067223b6c6f676f5f7469746c655f706174687c733a32353a22696d616765732f6c6f676f2d746578742d6461726b2e706e67223b6c616e67756167657c733a373a22656e676c697368223b),
('a49673f7f90b0dead907b0648f220fbb12361623', '36.74.192.211', 1528343846, 0x5f5f63695f6c6173745f726567656e65726174657c693a313532383334333834363b6c6f67676564496e7c623a313b757365725f69647c733a313a2231223b757365726e616d657c733a353a2261646d696e223b6e616d657c733a31353a2241646d696e204d656761686a617961223b726f6c655f69647c733a313a2231223b726f6c657c733a353a2241646d696e223b6c6f676f5f706174687c733a32333a22696d616765732f636f6d70616e795f6c6f676f2e6a7067223b6c6f676f5f7469746c655f706174687c733a32353a22696d616765732f6c6f676f2d746578742d6461726b2e706e67223b6c616e67756167657c733a373a22656e676c697368223b),
('6ca66a10ff370681993bb776510a6e573af57f1d', '36.74.192.211', 1528352739, 0x5f5f63695f6c6173745f726567656e65726174657c693a313532383335323733393b6c6f67676564496e7c623a313b757365725f69647c733a313a2231223b757365726e616d657c733a353a2261646d696e223b6e616d657c733a31353a2241646d696e204d656761686a617961223b726f6c655f69647c733a313a2231223b726f6c657c733a353a2241646d696e223b6c6f676f5f706174687c733a32333a22696d616765732f636f6d70616e795f6c6f676f2e6a7067223b6c6f676f5f7469746c655f706174687c733a32353a22696d616765732f6c6f676f2d746578742d6461726b2e706e67223b6c616e67756167657c733a373a22656e676c697368223b),
('14152795436b3137afc4d7d559fc4a9bf5a58f7a', '36.74.192.211', 1528344259, 0x5f5f63695f6c6173745f726567656e65726174657c693a313532383334343235393b6c6f67676564496e7c623a313b757365725f69647c733a313a2231223b757365726e616d657c733a353a2261646d696e223b6e616d657c733a31353a2241646d696e204d656761686a617961223b726f6c655f69647c733a313a2231223b726f6c657c733a353a2241646d696e223b6c6f676f5f706174687c733a32333a22696d616765732f636f6d70616e795f6c6f676f2e6a7067223b6c6f676f5f7469746c655f706174687c733a32353a22696d616765732f6c6f676f2d746578742d6461726b2e706e67223b6c616e67756167657c733a373a22656e676c697368223b),
('caa331e17f5009f4eeea178ba0bb572850c3cb7a', '36.74.192.211', 1528345416, 0x5f5f63695f6c6173745f726567656e65726174657c693a313532383334353431363b6c6f67676564496e7c623a313b757365725f69647c733a313a2231223b757365726e616d657c733a353a2261646d696e223b6e616d657c733a31353a2241646d696e204d656761686a617961223b726f6c655f69647c733a313a2231223b726f6c657c733a353a2241646d696e223b6c6f676f5f706174687c733a32333a22696d616765732f636f6d70616e795f6c6f676f2e6a7067223b6c6f676f5f7469746c655f706174687c733a32353a22696d616765732f6c6f676f2d746578742d6461726b2e706e67223b6c616e67756167657c733a373a22656e676c697368223b),
('b28da8b33656897180551a375fa824cc751942ae', '36.74.192.211', 1528346207, 0x5f5f63695f6c6173745f726567656e65726174657c693a313532383334363230373b6c6f67676564496e7c623a313b757365725f69647c733a313a2231223b757365726e616d657c733a353a2261646d696e223b6e616d657c733a31353a2241646d696e204d656761686a617961223b726f6c655f69647c733a313a2231223b726f6c657c733a353a2241646d696e223b6c6f676f5f706174687c733a32333a22696d616765732f636f6d70616e795f6c6f676f2e6a7067223b6c6f676f5f7469746c655f706174687c733a32353a22696d616765732f6c6f676f2d746578742d6461726b2e706e67223b6c616e67756167657c733a373a22656e676c697368223b),
('56db3d03e3b055b2dd613b64e0aece862956c074', '36.74.192.211', 1528347000, 0x5f5f63695f6c6173745f726567656e65726174657c693a313532383334373030303b6c6f67676564496e7c623a313b757365725f69647c733a313a2231223b757365726e616d657c733a353a2261646d696e223b6e616d657c733a31353a2241646d696e204d656761686a617961223b726f6c655f69647c733a313a2231223b726f6c657c733a353a2241646d696e223b6c6f676f5f706174687c733a32333a22696d616765732f636f6d70616e795f6c6f676f2e6a7067223b6c6f676f5f7469746c655f706174687c733a32353a22696d616765732f6c6f676f2d746578742d6461726b2e706e67223b6c616e67756167657c733a373a22656e676c697368223b);
INSERT INTO `ci_sessions` (`id`, `ip_address`, `timestamp`, `data`) VALUES
('e718a82f2c4abdb764c97d97afbd8f9e0848fac0', '36.74.192.211', 1528347562, 0x5f5f63695f6c6173745f726567656e65726174657c693a313532383334373536323b6c6f67676564496e7c623a313b757365725f69647c733a313a2231223b757365726e616d657c733a353a2261646d696e223b6e616d657c733a31353a2241646d696e204d656761686a617961223b726f6c655f69647c733a313a2231223b726f6c657c733a353a2241646d696e223b6c6f676f5f706174687c733a32333a22696d616765732f636f6d70616e795f6c6f676f2e6a7067223b6c6f676f5f7469746c655f706174687c733a32353a22696d616765732f6c6f676f2d746578742d6461726b2e706e67223b6c616e67756167657c733a373a22656e676c697368223b),
('888cc3eca14620f253ec445aef329871f5e2bb1c', '36.74.192.211', 1528347985, 0x5f5f63695f6c6173745f726567656e65726174657c693a313532383334373938353b6c6f67676564496e7c623a313b757365725f69647c733a313a2231223b757365726e616d657c733a353a2261646d696e223b6e616d657c733a31353a2241646d696e204d656761686a617961223b726f6c655f69647c733a313a2231223b726f6c657c733a353a2241646d696e223b6c6f676f5f706174687c733a32333a22696d616765732f636f6d70616e795f6c6f676f2e6a7067223b6c6f676f5f7469746c655f706174687c733a32353a22696d616765732f6c6f676f2d746578742d6461726b2e706e67223b6c616e67756167657c733a373a22656e676c697368223b),
('4a53e0c12b1133324e8c975b20e60133807cf95d', '36.74.192.211', 1528357388, 0x5f5f63695f6c6173745f726567656e65726174657c693a313532383335373338383b6c6f67676564496e7c623a313b757365725f69647c733a313a2231223b757365726e616d657c733a353a2261646d696e223b6e616d657c733a31353a2241646d696e204d656761686a617961223b726f6c655f69647c733a313a2231223b726f6c657c733a353a2241646d696e223b6c6f676f5f706174687c733a32333a22696d616765732f636f6d70616e795f6c6f676f2e6a7067223b6c6f676f5f7469746c655f706174687c733a32353a22696d616765732f6c6f676f2d746578742d6461726b2e706e67223b6c616e67756167657c733a373a22656e676c697368223b),
('a5619461f07a00e6fff50d981e64fb0d40c148b5', '36.74.192.211', 1528348792, 0x5f5f63695f6c6173745f726567656e65726174657c693a313532383334383739323b6c6f67676564496e7c623a313b757365725f69647c733a313a2231223b757365726e616d657c733a353a2261646d696e223b6e616d657c733a31353a2241646d696e204d656761686a617961223b726f6c655f69647c733a313a2231223b726f6c657c733a353a2241646d696e223b6c6f676f5f706174687c733a32333a22696d616765732f636f6d70616e795f6c6f676f2e6a7067223b6c6f676f5f7469746c655f706174687c733a32353a22696d616765732f6c6f676f2d746578742d6461726b2e706e67223b6c616e67756167657c733a373a22656e676c697368223b),
('aec27ba19a2dd42245007b0dca7b58ee997a9dbd', '36.74.192.211', 1528351368, 0x5f5f63695f6c6173745f726567656e65726174657c693a313532383335313336383b6c6f67676564496e7c623a313b757365725f69647c733a313a2231223b757365726e616d657c733a353a2261646d696e223b6e616d657c733a31353a2241646d696e204d656761686a617961223b726f6c655f69647c733a313a2231223b726f6c657c733a353a2241646d696e223b6c6f676f5f706174687c733a32333a22696d616765732f636f6d70616e795f6c6f676f2e6a7067223b6c6f676f5f7469746c655f706174687c733a32353a22696d616765732f6c6f676f2d746578742d6461726b2e706e67223b6c616e67756167657c733a373a22656e676c697368223b),
('7bf6699705602b5fa0690a889b1bdd9a73e5d681', '36.74.192.211', 1528355218, 0x5f5f63695f6c6173745f726567656e65726174657c693a313532383335353231383b6c6f67676564496e7c623a313b757365725f69647c733a313a2231223b757365726e616d657c733a353a2261646d696e223b6e616d657c733a31353a2241646d696e204d656761686a617961223b726f6c655f69647c733a313a2231223b726f6c657c733a353a2241646d696e223b6c6f676f5f706174687c733a32333a22696d616765732f636f6d70616e795f6c6f676f2e6a7067223b6c6f676f5f7469746c655f706174687c733a32353a22696d616765732f6c6f676f2d746578742d6461726b2e706e67223b6c616e67756167657c733a373a22656e676c697368223b),
('45b76b229017d656dd1de820672ba577f10c830a', '36.74.192.211', 1528355235, 0x5f5f63695f6c6173745f726567656e65726174657c693a313532383335353233353b6c6f67676564496e7c623a313b757365725f69647c733a313a2231223b757365726e616d657c733a353a2261646d696e223b6e616d657c733a31353a2241646d696e204d656761686a617961223b726f6c655f69647c733a313a2231223b726f6c657c733a353a2241646d696e223b6c6f676f5f706174687c733a32333a22696d616765732f636f6d70616e795f6c6f676f2e6a7067223b6c6f676f5f7469746c655f706174687c733a32353a22696d616765732f6c6f676f2d746578742d6461726b2e706e67223b6c616e67756167657c733a373a22656e676c697368223b),
('60436d3e91a13ef113171fbd1cdaf808a0b6fedb', '36.74.192.211', 1528356553, 0x5f5f63695f6c6173745f726567656e65726174657c693a313532383335363535333b6c6f67676564496e7c623a313b757365725f69647c733a313a2231223b757365726e616d657c733a353a2261646d696e223b6e616d657c733a31353a2241646d696e204d656761686a617961223b726f6c655f69647c733a313a2231223b726f6c657c733a353a2241646d696e223b6c6f676f5f706174687c733a32333a22696d616765732f636f6d70616e795f6c6f676f2e6a7067223b6c6f676f5f7469746c655f706174687c733a32353a22696d616765732f6c6f676f2d746578742d6461726b2e706e67223b6c616e67756167657c733a373a22656e676c697368223b),
('023a10fa17a6fef28cbbbafcec4e6a9b5d7d6670', '36.74.192.211', 1528356134, 0x5f5f63695f6c6173745f726567656e65726174657c693a313532383335363133343b6c6f67676564496e7c623a313b757365725f69647c733a313a2231223b757365726e616d657c733a353a2261646d696e223b6e616d657c733a31353a2241646d696e204d656761686a617961223b726f6c655f69647c733a313a2231223b726f6c657c733a353a2241646d696e223b6c6f676f5f706174687c733a32333a22696d616765732f636f6d70616e795f6c6f676f2e6a7067223b6c6f676f5f7469746c655f706174687c733a32353a22696d616765732f6c6f676f2d746578742d6461726b2e706e67223b6c616e67756167657c733a373a22656e676c697368223b),
('013f567f7904f27fcf32607a80b4dd7f0525dc5f', '36.74.192.211', 1528356321, 0x5f5f63695f6c6173745f726567656e65726174657c693a313532383335363133343b6c6f67676564496e7c623a313b757365725f69647c733a313a2231223b757365726e616d657c733a353a2261646d696e223b6e616d657c733a31353a2241646d696e204d656761686a617961223b726f6c655f69647c733a313a2231223b726f6c657c733a353a2241646d696e223b6c6f676f5f706174687c733a32333a22696d616765732f636f6d70616e795f6c6f676f2e6a7067223b6c6f676f5f7469746c655f706174687c733a32353a22696d616765732f6c6f676f2d746578742d6461726b2e706e67223b6c616e67756167657c733a373a22656e676c697368223b),
('53e77b528de816a99fcd16ba7dae9fb4ab8941fc', '36.74.192.211', 1528357113, 0x5f5f63695f6c6173745f726567656e65726174657c693a313532383335373131333b6c6f67676564496e7c623a313b757365725f69647c733a313a2231223b757365726e616d657c733a353a2261646d696e223b6e616d657c733a31353a2241646d696e204d656761686a617961223b726f6c655f69647c733a313a2231223b726f6c657c733a353a2241646d696e223b6c6f676f5f706174687c733a32333a22696d616765732f636f6d70616e795f6c6f676f2e6a7067223b6c6f676f5f7469746c655f706174687c733a32353a22696d616765732f6c6f676f2d746578742d6461726b2e706e67223b6c616e67756167657c733a373a22656e676c697368223b),
('3fc1bf31a3503b0c3ccda5ab26b46098c3021dec', '36.74.192.211', 1528357354, 0x5f5f63695f6c6173745f726567656e65726174657c693a313532383335373131333b6c6f67676564496e7c623a313b757365725f69647c733a313a2231223b757365726e616d657c733a353a2261646d696e223b6e616d657c733a31353a2241646d696e204d656761686a617961223b726f6c655f69647c733a313a2231223b726f6c657c733a353a2241646d696e223b6c6f676f5f706174687c733a32333a22696d616765732f636f6d70616e795f6c6f676f2e6a7067223b6c6f676f5f7469746c655f706174687c733a32353a22696d616765732f6c6f676f2d746578742d6461726b2e706e67223b6c616e67756167657c733a373a22656e676c697368223b),
('7b9d276299527384ba1f8eac3412c5ae111244b8', '36.74.192.211', 1528357829, 0x5f5f63695f6c6173745f726567656e65726174657c693a313532383335373832393b6c6f67676564496e7c623a313b757365725f69647c733a313a2231223b757365726e616d657c733a353a2261646d696e223b6e616d657c733a31353a2241646d696e204d656761686a617961223b726f6c655f69647c733a313a2231223b726f6c657c733a353a2241646d696e223b6c6f676f5f706174687c733a32333a22696d616765732f636f6d70616e795f6c6f676f2e6a7067223b6c6f676f5f7469746c655f706174687c733a32353a22696d616765732f6c6f676f2d746578742d6461726b2e706e67223b6c616e67756167657c733a373a22656e676c697368223b),
('39a74c82b11ed9d0f2df0a694b80fd505c1c5ce6', '36.74.192.211', 1528357829, 0x5f5f63695f6c6173745f726567656e65726174657c693a313532383335373832393b6c6f67676564496e7c623a313b757365725f69647c733a313a2231223b757365726e616d657c733a353a2261646d696e223b6e616d657c733a31353a2241646d696e204d656761686a617961223b726f6c655f69647c733a313a2231223b726f6c657c733a353a2241646d696e223b6c6f676f5f706174687c733a32333a22696d616765732f636f6d70616e795f6c6f676f2e6a7067223b6c6f676f5f7469746c655f706174687c733a32353a22696d616765732f6c6f676f2d746578742d6461726b2e706e67223b6c616e67756167657c733a373a22656e676c697368223b),
('4643293bd89087b1cfd62df8de38d76126f2a451', '64.233.173.130', 1528635975, 0x5f5f63695f6c6173745f726567656e65726174657c693a313532383633353839353b6c6f67676564496e7c623a313b757365725f69647c733a313a2231223b757365726e616d657c733a353a2261646d696e223b6e616d657c733a31353a2241646d696e204d656761686a617961223b726f6c655f69647c733a313a2231223b726f6c657c733a353a2241646d696e223b6c6f676f5f706174687c733a32333a22696d616765732f636f6d70616e795f6c6f676f2e6a7067223b6c6f676f5f7469746c655f706174687c733a32353a22696d616765732f6c6f676f2d746578742d6461726b2e706e67223b6c616e67756167657c733a373a22656e676c697368223b),
('6ff0750dd60e273cd95b1bb4ef48e059269ae159', '5.45.207.16', 1528681700, 0x5f5f63695f6c6173745f726567656e65726174657c693a313532383638313730303b),
('067ea122a12e55f948c8d9a031ed315bd261782c', '178.154.171.65', 1529558174, 0x5f5f63695f6c6173745f726567656e65726174657c693a313532393535383137343b),
('dd74a55863edaf6d5f3dfbdad4527fe92c676c1b', '54.92.208.234', 1530794259, 0x5f5f63695f6c6173745f726567656e65726174657c693a313533303739343235393b),
('006b3a69f0ce0df7044ade5100073cecc3b6b05e', '34.207.98.73', 1530801644, 0x5f5f63695f6c6173745f726567656e65726174657c693a313533303830313634343b),
('cbaa8b2c6a39975d4332b2db1b56299131c3c6be', '34.207.98.73', 1530801644, 0x5f5f63695f6c6173745f726567656e65726174657c693a313533303830313634343b),
('f94aef660a1cf0ab65baaae4229052edbabbee6a', '34.207.98.73', 1530801887, 0x5f5f63695f6c6173745f726567656e65726174657c693a313533303830313838373b),
('de28668b6b31e29a8827ca019cbe3d4804263116', '34.207.98.73', 1530802959, 0x5f5f63695f6c6173745f726567656e65726174657c693a313533303830323935393b),
('4c459da8f32cae85fdc860dc42fdd9ff2df4e7ae', '34.207.98.73', 1530803203, 0x5f5f63695f6c6173745f726567656e65726174657c693a313533303830333134363b),
('93889309e89b1566889b7bd0758f95361dcee268', '34.207.98.73', 1530803385, 0x5f5f63695f6c6173745f726567656e65726174657c693a313533303830333338303b),
('68e761d12732e1cca41b244aa762f8fa03352b64', '34.207.98.73', 1530805021, 0x5f5f63695f6c6173745f726567656e65726174657c693a313533303830343939363b),
('1bf50979a6db984417cb66e36c68559185219bae', '34.207.98.73', 1530805205, 0x5f5f63695f6c6173745f726567656e65726174657c693a313533303830353230353b),
('0e5058cf2100dd462185b84043af32288f16a81b', '34.207.98.73', 1530806376, 0x5f5f63695f6c6173745f726567656e65726174657c693a313533303830363235313b),
('f9830f11ea067d65ab3346e01301223d7abca927', '34.207.98.73', 1530806622, 0x5f5f63695f6c6173745f726567656e65726174657c693a313533303830363632323b),
('02af2e9d2612c0c3ae1eeccaa8e3721a91715c25', '103.213.130.83', 1530925416, 0x5f5f63695f6c6173745f726567656e65726174657c693a313533303932353431363b6c6f67676564496e7c623a313b757365725f69647c733a313a2231223b757365726e616d657c733a353a2261646d696e223b6e616d657c733a31353a2241646d696e204d656761686a617961223b726f6c655f69647c733a313a2231223b726f6c657c733a353a2241646d696e223b6c6f676f5f706174687c733a32333a22696d616765732f636f6d70616e795f6c6f676f2e6a7067223b6c6f676f5f7469746c655f706174687c733a32353a22696d616765732f6c6f676f2d746578742d6461726b2e706e67223b6c616e67756167657c733a373a22656e676c697368223b),
('4ed8b9ffd5a5e5b6e1d828c3ae1b00d3057d1834', '103.213.130.83', 1530925423, 0x5f5f63695f6c6173745f726567656e65726174657c693a313533303932353431363b6c6f67676564496e7c623a313b757365725f69647c733a313a2231223b757365726e616d657c733a353a2261646d696e223b6e616d657c733a31353a2241646d696e204d656761686a617961223b726f6c655f69647c733a313a2231223b726f6c657c733a353a2241646d696e223b6c6f676f5f706174687c733a32333a22696d616765732f636f6d70616e795f6c6f676f2e6a7067223b6c6f676f5f7469746c655f706174687c733a32353a22696d616765732f6c6f676f2d746578742d6461726b2e706e67223b6c616e67756167657c733a373a22656e676c697368223b),
('7a0214293318a58e2cde780ec7f3f989d7ead78d', '64.233.172.154', 1530931214, 0x5f5f63695f6c6173745f726567656e65726174657c693a313533303933313231343b),
('3870e34ee2c6ab1fa281c574e7bd5485b1013c89', '36.82.102.151', 1530932996, 0x5f5f63695f6c6173745f726567656e65726174657c693a313533303933323939363b6c6f67676564496e7c623a313b757365725f69647c733a313a2231223b757365726e616d657c733a353a2261646d696e223b6e616d657c733a31353a2241646d696e204d656761686a617961223b726f6c655f69647c733a313a2231223b726f6c657c733a353a2241646d696e223b6c6f676f5f706174687c733a32333a22696d616765732f636f6d70616e795f6c6f676f2e6a7067223b6c6f676f5f7469746c655f706174687c733a32353a22696d616765732f6c6f676f2d746578742d6461726b2e706e67223b6c616e67756167657c733a373a22656e676c697368223b),
('5e714aa0b878c285a1341c3d8bc844f5eab674a3', '36.82.102.151', 1530933760, 0x5f5f63695f6c6173745f726567656e65726174657c693a313533303933333736303b6c6f67676564496e7c623a313b757365725f69647c733a313a2231223b757365726e616d657c733a353a2261646d696e223b6e616d657c733a31353a2241646d696e204d656761686a617961223b726f6c655f69647c733a313a2231223b726f6c657c733a353a2241646d696e223b6c6f676f5f706174687c733a32333a22696d616765732f636f6d70616e795f6c6f676f2e6a7067223b6c6f676f5f7469746c655f706174687c733a32353a22696d616765732f6c6f676f2d746578742d6461726b2e706e67223b6c616e67756167657c733a373a22656e676c697368223b),
('6a7664572bcc4ad928f1ca62c2bff1e1e97fcdfe', '36.82.102.151', 1530935169, 0x5f5f63695f6c6173745f726567656e65726174657c693a313533303933353136393b6c6f67676564496e7c623a313b757365725f69647c733a313a2231223b757365726e616d657c733a353a2261646d696e223b6e616d657c733a31353a2241646d696e204d656761686a617961223b726f6c655f69647c733a313a2231223b726f6c657c733a353a2241646d696e223b6c6f676f5f706174687c733a32333a22696d616765732f636f6d70616e795f6c6f676f2e6a7067223b6c6f676f5f7469746c655f706174687c733a32353a22696d616765732f6c6f676f2d746578742d6461726b2e706e67223b6c616e67756167657c733a373a22656e676c697368223b),
('8c6ef6b13c512401d6570bb6e199130b40de2ef4', '36.82.102.151', 1530935507, 0x5f5f63695f6c6173745f726567656e65726174657c693a313533303933353530373b6c6f67676564496e7c623a313b757365725f69647c733a313a2231223b757365726e616d657c733a353a2261646d696e223b6e616d657c733a31353a2241646d696e204d656761686a617961223b726f6c655f69647c733a313a2231223b726f6c657c733a353a2241646d696e223b6c6f676f5f706174687c733a32333a22696d616765732f636f6d70616e795f6c6f676f2e6a7067223b6c6f676f5f7469746c655f706174687c733a32353a22696d616765732f6c6f676f2d746578742d6461726b2e706e67223b6c616e67756167657c733a373a22656e676c697368223b),
('46afd8f196ae3ade9d9d8aed73abd204f1e68788', '36.82.102.151', 1530935826, 0x5f5f63695f6c6173745f726567656e65726174657c693a313533303933353832363b6c6f67676564496e7c623a313b757365725f69647c733a313a2231223b757365726e616d657c733a353a2261646d696e223b6e616d657c733a31353a2241646d696e204d656761686a617961223b726f6c655f69647c733a313a2231223b726f6c657c733a353a2241646d696e223b6c6f676f5f706174687c733a32333a22696d616765732f636f6d70616e795f6c6f676f2e6a7067223b6c6f676f5f7469746c655f706174687c733a32353a22696d616765732f6c6f676f2d746578742d6461726b2e706e67223b6c616e67756167657c733a373a22656e676c697368223b),
('881ff302643c05d6a892c007f195e15739e8d733', '36.82.102.151', 1530936150, 0x5f5f63695f6c6173745f726567656e65726174657c693a313533303933363135303b6c6f67676564496e7c623a313b757365725f69647c733a313a2231223b757365726e616d657c733a353a2261646d696e223b6e616d657c733a31353a2241646d696e204d656761686a617961223b726f6c655f69647c733a313a2231223b726f6c657c733a353a2241646d696e223b6c6f676f5f706174687c733a32333a22696d616765732f636f6d70616e795f6c6f676f2e6a7067223b6c6f676f5f7469746c655f706174687c733a32353a22696d616765732f6c6f676f2d746578742d6461726b2e706e67223b6c616e67756167657c733a373a22656e676c697368223b),
('b99edca66405a27308ff26a790dab2d7dd3c1d2d', '36.82.102.151', 1530936507, 0x5f5f63695f6c6173745f726567656e65726174657c693a313533303933363530373b6c6f67676564496e7c623a313b757365725f69647c733a313a2231223b757365726e616d657c733a353a2261646d696e223b6e616d657c733a31353a2241646d696e204d656761686a617961223b726f6c655f69647c733a313a2231223b726f6c657c733a353a2241646d696e223b6c6f676f5f706174687c733a32333a22696d616765732f636f6d70616e795f6c6f676f2e6a7067223b6c6f676f5f7469746c655f706174687c733a32353a22696d616765732f6c6f676f2d746578742d6461726b2e706e67223b6c616e67756167657c733a373a22656e676c697368223b),
('c6c145801c5d20275bb6193a75382c8446841f5f', '36.82.102.151', 1530937496, 0x5f5f63695f6c6173745f726567656e65726174657c693a313533303933373439363b6c6f67676564496e7c623a313b757365725f69647c733a313a2231223b757365726e616d657c733a353a2261646d696e223b6e616d657c733a31353a2241646d696e204d656761686a617961223b726f6c655f69647c733a313a2231223b726f6c657c733a353a2241646d696e223b6c6f676f5f706174687c733a32333a22696d616765732f636f6d70616e795f6c6f676f2e6a7067223b6c6f676f5f7469746c655f706174687c733a32353a22696d616765732f6c6f676f2d746578742d6461726b2e706e67223b6c616e67756167657c733a373a22656e676c697368223b),
('08cec397cec9bed91bc940d4ab54ab2673a2c2ec', '36.82.102.151', 1530938598, 0x5f5f63695f6c6173745f726567656e65726174657c693a313533303933383539383b6c6f67676564496e7c623a313b757365725f69647c733a313a2231223b757365726e616d657c733a353a2261646d696e223b6e616d657c733a31353a2241646d696e204d656761686a617961223b726f6c655f69647c733a313a2231223b726f6c657c733a353a2241646d696e223b6c6f676f5f706174687c733a32333a22696d616765732f636f6d70616e795f6c6f676f2e6a7067223b6c6f676f5f7469746c655f706174687c733a32353a22696d616765732f6c6f676f2d746578742d6461726b2e706e67223b6c616e67756167657c733a373a22656e676c697368223b),
('510f81a1c272897814e8cec77250410d22468916', '36.82.102.151', 1530939022, 0x5f5f63695f6c6173745f726567656e65726174657c693a313533303933393032323b6c6f67676564496e7c623a313b757365725f69647c733a313a2231223b757365726e616d657c733a353a2261646d696e223b6e616d657c733a31353a2241646d696e204d656761686a617961223b726f6c655f69647c733a313a2231223b726f6c657c733a353a2241646d696e223b6c6f676f5f706174687c733a32333a22696d616765732f636f6d70616e795f6c6f676f2e6a7067223b6c6f676f5f7469746c655f706174687c733a32353a22696d616765732f6c6f676f2d746578742d6461726b2e706e67223b6c616e67756167657c733a373a22656e676c697368223b),
('4f469e5e5ab35f413e948a61d669900572004a3b', '36.82.102.151', 1530940677, 0x5f5f63695f6c6173745f726567656e65726174657c693a313533303934303637373b6c6f67676564496e7c623a313b757365725f69647c733a313a2231223b757365726e616d657c733a353a2261646d696e223b6e616d657c733a31353a2241646d696e204d656761686a617961223b726f6c655f69647c733a313a2231223b726f6c657c733a353a2241646d696e223b6c6f676f5f706174687c733a32333a22696d616765732f636f6d70616e795f6c6f676f2e6a7067223b6c6f676f5f7469746c655f706174687c733a32353a22696d616765732f6c6f676f2d746578742d6461726b2e706e67223b6c616e67756167657c733a373a22656e676c697368223b),
('ed735a9eed9fabc691859831a7b91940d8f1ea63', '36.82.102.151', 1530940697, 0x5f5f63695f6c6173745f726567656e65726174657c693a313533303934303637373b6c6f67676564496e7c623a313b757365725f69647c733a313a2231223b757365726e616d657c733a353a2261646d696e223b6e616d657c733a31353a2241646d696e204d656761686a617961223b726f6c655f69647c733a313a2231223b726f6c657c733a353a2241646d696e223b6c6f676f5f706174687c733a32333a22696d616765732f636f6d70616e795f6c6f676f2e6a7067223b6c6f676f5f7469746c655f706174687c733a32353a22696d616765732f6c6f676f2d746578742d6461726b2e706e67223b6c616e67756167657c733a373a22656e676c697368223b),
('3403888091dc8200e17b63c07f438f2fc07d54f9', '180.247.64.48', 1531137783, 0x5f5f63695f6c6173745f726567656e65726174657c693a313533313133373738333b6c6f67676564496e7c623a313b757365725f69647c733a313a2231223b757365726e616d657c733a353a2261646d696e223b6e616d657c733a31353a2241646d696e204d656761686a617961223b726f6c655f69647c733a313a2231223b726f6c657c733a353a2241646d696e223b6c6f676f5f706174687c733a32333a22696d616765732f636f6d70616e795f6c6f676f2e6a7067223b6c6f676f5f7469746c655f706174687c733a32353a22696d616765732f6c6f676f2d746578742d6461726b2e706e67223b6c616e67756167657c733a373a22656e676c697368223b),
('e312bc2b454438955ae4615786aa628dde1a77da', '180.247.64.48', 1531138072, 0x5f5f63695f6c6173745f726567656e65726174657c693a313533313133373934393b6c6f67676564496e7c623a313b757365725f69647c733a313a2231223b757365726e616d657c733a353a2261646d696e223b6e616d657c733a31353a2241646d696e204d656761686a617961223b726f6c655f69647c733a313a2231223b726f6c657c733a353a2241646d696e223b6c6f676f5f706174687c733a32333a22696d616765732f636f6d70616e795f6c6f676f2e6a7067223b6c6f676f5f7469746c655f706174687c733a32353a22696d616765732f6c6f676f2d746578742d6461726b2e706e67223b6c616e67756167657c733a373a22656e676c697368223b),
('1b98147163c4f07e0005c0427514e9d08f19fe3f', '95.108.181.93', 1531269379, 0x5f5f63695f6c6173745f726567656e65726174657c693a313533313236393337393b),
('9bb37cb35e06691f92449f655de1de7d9de3779e', '202.46.129.77', 1531312997, 0x5f5f63695f6c6173745f726567656e65726174657c693a313533313331323939373b6c6f67676564496e7c623a313b757365725f69647c733a313a2231223b757365726e616d657c733a353a2261646d696e223b6e616d657c733a31353a2241646d696e204d656761686a617961223b726f6c655f69647c733a313a2231223b726f6c657c733a353a2241646d696e223b6c6f676f5f706174687c733a32333a22696d616765732f636f6d70616e795f6c6f676f2e6a7067223b6c6f676f5f7469746c655f706174687c733a32353a22696d616765732f6c6f676f2d746578742d6461726b2e706e67223b6c616e67756167657c733a373a22656e676c697368223b),
('03a82cce656aa31506ce106db572a9a269e584a3', '202.46.129.77', 1531313609, 0x5f5f63695f6c6173745f726567656e65726174657c693a313533313331333630393b6c6f67676564496e7c623a313b757365725f69647c733a313a2231223b757365726e616d657c733a353a2261646d696e223b6e616d657c733a31353a2241646d696e204d656761686a617961223b726f6c655f69647c733a313a2231223b726f6c657c733a353a2241646d696e223b6c6f676f5f706174687c733a32333a22696d616765732f636f6d70616e795f6c6f676f2e6a7067223b6c6f676f5f7469746c655f706174687c733a32353a22696d616765732f6c6f676f2d746578742d6461726b2e706e67223b6c616e67756167657c733a373a22656e676c697368223b),
('7ca4fb3a836f8a2e0b742f6d3f7a38db4d9a81bb', '202.46.129.77', 1531315298, 0x5f5f63695f6c6173745f726567656e65726174657c693a313533313331353239383b6c6f67676564496e7c623a313b757365725f69647c733a313a2231223b757365726e616d657c733a353a2261646d696e223b6e616d657c733a31353a2241646d696e204d656761686a617961223b726f6c655f69647c733a313a2231223b726f6c657c733a353a2241646d696e223b6c6f676f5f706174687c733a32333a22696d616765732f636f6d70616e795f6c6f676f2e6a7067223b6c6f676f5f7469746c655f706174687c733a32353a22696d616765732f6c6f676f2d746578742d6461726b2e706e67223b6c616e67756167657c733a373a22656e676c697368223b),
('bb6354854f4c7388891d5c164637739fcc978427', '202.46.129.77', 1531315361, 0x5f5f63695f6c6173745f726567656e65726174657c693a313533313331353239383b6c6f67676564496e7c623a313b757365725f69647c733a313a2231223b757365726e616d657c733a353a2261646d696e223b6e616d657c733a31353a2241646d696e204d656761686a617961223b726f6c655f69647c733a313a2231223b726f6c657c733a353a2241646d696e223b6c6f676f5f706174687c733a32333a22696d616765732f636f6d70616e795f6c6f676f2e6a7067223b6c6f676f5f7469746c655f706174687c733a32353a22696d616765732f6c6f676f2d746578742d6461726b2e706e67223b6c616e67756167657c733a373a22656e676c697368223b),
('046902fb520e6ebbdb7dce6e141f63b47dbf803d', '5.45.207.57', 1531367853, 0x5f5f63695f6c6173745f726567656e65726174657c693a313533313336373835333b),
('0613772a0deb48274f1e070cdb5eab42517138f5', '36.82.100.133', 1531540085, 0x5f5f63695f6c6173745f726567656e65726174657c693a313533313534303038353b6c6f67676564496e7c623a313b757365725f69647c733a313a2231223b757365726e616d657c733a353a2261646d696e223b6e616d657c733a31353a2241646d696e204d656761686a617961223b726f6c655f69647c733a313a2231223b726f6c657c733a353a2241646d696e223b6c6f676f5f706174687c733a32333a22696d616765732f636f6d70616e795f6c6f676f2e6a7067223b6c6f676f5f7469746c655f706174687c733a32353a22696d616765732f6c6f676f2d746578742d6461726b2e706e67223b6c616e67756167657c733a373a22656e676c697368223b),
('1288d92c959b4d3cbdd0ee6bc5f048015a5c5713', '36.82.100.133', 1531541559, 0x5f5f63695f6c6173745f726567656e65726174657c693a313533313534313535393b6c6f67676564496e7c623a313b757365725f69647c733a313a2231223b757365726e616d657c733a353a2261646d696e223b6e616d657c733a31353a2241646d696e204d656761686a617961223b726f6c655f69647c733a313a2231223b726f6c657c733a353a2241646d696e223b6c6f676f5f706174687c733a32333a22696d616765732f636f6d70616e795f6c6f676f2e6a7067223b6c6f676f5f7469746c655f706174687c733a32353a22696d616765732f6c6f676f2d746578742d6461726b2e706e67223b6c616e67756167657c733a373a22656e676c697368223b),
('23b28801d463aaa17d5fdb48635c635687bba6c4', '36.82.100.133', 1531542466, 0x5f5f63695f6c6173745f726567656e65726174657c693a313533313534323436363b6c6f67676564496e7c623a313b757365725f69647c733a313a2231223b757365726e616d657c733a353a2261646d696e223b6e616d657c733a31353a2241646d696e204d656761686a617961223b726f6c655f69647c733a313a2231223b726f6c657c733a353a2241646d696e223b6c6f676f5f706174687c733a32333a22696d616765732f636f6d70616e795f6c6f676f2e6a7067223b6c6f676f5f7469746c655f706174687c733a32353a22696d616765732f6c6f676f2d746578742d6461726b2e706e67223b6c616e67756167657c733a373a22656e676c697368223b),
('428a04cf5a9b605daec8d4ae6153cba98b51902c', '36.82.100.133', 1531542825, 0x5f5f63695f6c6173745f726567656e65726174657c693a313533313534323832353b6c6f67676564496e7c623a313b757365725f69647c733a313a2231223b757365726e616d657c733a353a2261646d696e223b6e616d657c733a31353a2241646d696e204d656761686a617961223b726f6c655f69647c733a313a2231223b726f6c657c733a353a2241646d696e223b6c6f676f5f706174687c733a32333a22696d616765732f636f6d70616e795f6c6f676f2e6a7067223b6c6f676f5f7469746c655f706174687c733a32353a22696d616765732f6c6f676f2d746578742d6461726b2e706e67223b6c616e67756167657c733a373a22656e676c697368223b),
('b8f6473aea9b1c5a6e24a4175a34f859567bf193', '36.82.100.133', 1531543687, 0x5f5f63695f6c6173745f726567656e65726174657c693a313533313534333638373b6c6f67676564496e7c623a313b757365725f69647c733a313a2231223b757365726e616d657c733a353a2261646d696e223b6e616d657c733a31353a2241646d696e204d656761686a617961223b726f6c655f69647c733a313a2231223b726f6c657c733a353a2241646d696e223b6c6f676f5f706174687c733a32333a22696d616765732f636f6d70616e795f6c6f676f2e6a7067223b6c6f676f5f7469746c655f706174687c733a32353a22696d616765732f6c6f676f2d746578742d6461726b2e706e67223b6c616e67756167657c733a373a22656e676c697368223b),
('529ac12f1ed9b989d1fe479c9232fb9f0bd39e73', '36.82.100.133', 1531544197, 0x5f5f63695f6c6173745f726567656e65726174657c693a313533313534343139373b6c6f67676564496e7c623a313b757365725f69647c733a313a2231223b757365726e616d657c733a353a2261646d696e223b6e616d657c733a31353a2241646d696e204d656761686a617961223b726f6c655f69647c733a313a2231223b726f6c657c733a353a2241646d696e223b6c6f676f5f706174687c733a32333a22696d616765732f636f6d70616e795f6c6f676f2e6a7067223b6c6f676f5f7469746c655f706174687c733a32353a22696d616765732f6c6f676f2d746578742d6461726b2e706e67223b6c616e67756167657c733a373a22656e676c697368223b),
('b036b1eba9abe03556ead03593ad1c8c2d575b8c', '36.82.100.133', 1531544580, 0x5f5f63695f6c6173745f726567656e65726174657c693a313533313534343538303b6c6f67676564496e7c623a313b757365725f69647c733a313a2231223b757365726e616d657c733a353a2261646d696e223b6e616d657c733a31353a2241646d696e204d656761686a617961223b726f6c655f69647c733a313a2231223b726f6c657c733a353a2241646d696e223b6c6f676f5f706174687c733a32333a22696d616765732f636f6d70616e795f6c6f676f2e6a7067223b6c6f676f5f7469746c655f706174687c733a32353a22696d616765732f6c6f676f2d746578742d6461726b2e706e67223b6c616e67756167657c733a373a22656e676c697368223b),
('2196cf4391160aae91a8ca5d24555df50af2d48d', '36.82.100.133', 1531546186, 0x5f5f63695f6c6173745f726567656e65726174657c693a313533313534363138363b6c6f67676564496e7c623a313b757365725f69647c733a313a2231223b757365726e616d657c733a353a2261646d696e223b6e616d657c733a31353a2241646d696e204d656761686a617961223b726f6c655f69647c733a313a2231223b726f6c657c733a353a2241646d696e223b6c6f676f5f706174687c733a32333a22696d616765732f636f6d70616e795f6c6f676f2e6a7067223b6c6f676f5f7469746c655f706174687c733a32353a22696d616765732f6c6f676f2d746578742d6461726b2e706e67223b6c616e67756167657c733a373a22656e676c697368223b),
('b21b01ceb28233420da0fbc855f93639bc98f636', '36.82.100.133', 1531546225, 0x5f5f63695f6c6173745f726567656e65726174657c693a313533313534363138363b6c6f67676564496e7c623a313b757365725f69647c733a313a2231223b757365726e616d657c733a353a2261646d696e223b6e616d657c733a31353a2241646d696e204d656761686a617961223b726f6c655f69647c733a313a2231223b726f6c657c733a353a2241646d696e223b6c6f676f5f706174687c733a32333a22696d616765732f636f6d70616e795f6c6f676f2e6a7067223b6c6f676f5f7469746c655f706174687c733a32353a22696d616765732f6c6f676f2d746578742d6461726b2e706e67223b6c616e67756167657c733a373a22656e676c697368223b),
('ffed6b62abe5ffe5249540118fd7f924e1072068', '36.69.79.148', 1531817821, 0x5f5f63695f6c6173745f726567656e65726174657c693a313533313831373832313b),
('b83123b1e4258d379bd806263f2b29710dc386bb', '36.69.79.148', 1531819521, 0x5f5f63695f6c6173745f726567656e65726174657c693a313533313831393532313b),
('8743094593e43f6d4711f86c6f711f815712ffe3', '36.69.79.148', 1531819521, 0x5f5f63695f6c6173745f726567656e65726174657c693a313533313831393532313b),
('c1aa3ac563febd11ab7fcb45461f87edd6b9e86c', '36.74.82.194', 1531832787, 0x5f5f63695f6c6173745f726567656e65726174657c693a313533313833323738373b),
('b73ilg6i01ldo9agp5gkjv879r035hru', '::1', 1531833580, 0x5f5f63695f6c6173745f726567656e65726174657c693a313533313833333338313b6c6f67676564496e7c623a313b757365725f69647c733a313a2231223b757365726e616d657c733a353a2261646d696e223b6e616d657c733a31353a2241646d696e204d656761686a617961223b726f6c655f69647c733a313a2231223b726f6c657c733a353a2241646d696e223b6c6f676f5f706174687c733a32333a22696d616765732f636f6d70616e795f6c6f676f2e6a7067223b6c6f676f5f7469746c655f706174687c733a32353a22696d616765732f6c6f676f2d746578742d6461726b2e706e67223b6c616e67756167657c733a373a22656e676c697368223b),
('knjenbavtvablmom5e14iojkamjnlvp5', '::1', 1531833974, 0x5f5f63695f6c6173745f726567656e65726174657c693a313533313833333936363b6c6f67676564496e7c623a313b757365725f69647c733a313a2231223b757365726e616d657c733a353a2261646d696e223b6e616d657c733a31353a2241646d696e204d656761686a617961223b726f6c655f69647c733a313a2231223b726f6c657c733a353a2241646d696e223b6c6f676f5f706174687c733a32333a22696d616765732f636f6d70616e795f6c6f676f2e6a7067223b6c6f676f5f7469746c655f706174687c733a32353a22696d616765732f6c6f676f2d746578742d6461726b2e706e67223b6c616e67756167657c733a373a22656e676c697368223b),
('mfj3a0s8aoi83vd640t6rq9s53s7tsf3', '::1', 1531835007, 0x5f5f63695f6c6173745f726567656e65726174657c693a313533313833343531363b6c6f67676564496e7c623a313b757365725f69647c733a313a2231223b757365726e616d657c733a353a2261646d696e223b6e616d657c733a31353a2241646d696e204d656761686a617961223b726f6c655f69647c733a313a2231223b726f6c657c733a353a2241646d696e223b6c6f676f5f706174687c733a32333a22696d616765732f636f6d70616e795f6c6f676f2e6a7067223b6c6f676f5f7469746c655f706174687c733a32353a22696d616765732f6c6f676f2d746578742d6461726b2e706e67223b6c616e67756167657c733a373a22656e676c697368223b),
('e97dcff2bvmlmh02rvtq5h5t8kmmlp72', '::1', 1531835264, 0x5f5f63695f6c6173745f726567656e65726174657c693a313533313833353031303b6c6f67676564496e7c623a313b757365725f69647c733a313a2231223b757365726e616d657c733a353a2261646d696e223b6e616d657c733a31353a2241646d696e204d656761686a617961223b726f6c655f69647c733a313a2231223b726f6c657c733a353a2241646d696e223b6c6f676f5f706174687c733a32333a22696d616765732f636f6d70616e795f6c6f676f2e6a7067223b6c6f676f5f7469746c655f706174687c733a32353a22696d616765732f6c6f676f2d746578742d6461726b2e706e67223b6c616e67756167657c733a373a22656e676c697368223b),
('tk7062liro9db926j4ifh463ntnmalh5', '::1', 1531835394, 0x5f5f63695f6c6173745f726567656e65726174657c693a313533313833353334383b6c6f67676564496e7c623a313b757365725f69647c733a313a2231223b757365726e616d657c733a353a2261646d696e223b6e616d657c733a31353a2241646d696e204d656761686a617961223b726f6c655f69647c733a313a2231223b726f6c657c733a353a2241646d696e223b6c6f676f5f706174687c733a32333a22696d616765732f636f6d70616e795f6c6f676f2e6a7067223b6c6f676f5f7469746c655f706174687c733a32353a22696d616765732f6c6f676f2d746578742d6461726b2e706e67223b6c616e67756167657c733a373a22656e676c697368223b),
('ul9jvups15te49mqqktapsnnvnqnbqi5', '::1', 1531836005, 0x5f5f63695f6c6173745f726567656e65726174657c693a313533313833353835383b6c6f67676564496e7c623a313b757365725f69647c733a313a2231223b757365726e616d657c733a353a2261646d696e223b6e616d657c733a31353a2241646d696e204d656761686a617961223b726f6c655f69647c733a313a2231223b726f6c657c733a353a2241646d696e223b6c6f676f5f706174687c733a32333a22696d616765732f636f6d70616e795f6c6f676f2e6a7067223b6c6f676f5f7469746c655f706174687c733a32353a22696d616765732f6c6f676f2d746578742d6461726b2e706e67223b6c616e67756167657c733a373a22656e676c697368223b),
('b6s760p12ahffj7pnbmf4bj4mhcakkif', '::1', 1531836485, 0x5f5f63695f6c6173745f726567656e65726174657c693a313533313833363435343b6c6f67676564496e7c623a313b757365725f69647c733a313a2231223b757365726e616d657c733a353a2261646d696e223b6e616d657c733a31353a2241646d696e204d656761686a617961223b726f6c655f69647c733a313a2231223b726f6c657c733a353a2241646d696e223b6c6f676f5f706174687c733a32333a22696d616765732f636f6d70616e795f6c6f676f2e6a7067223b6c6f676f5f7469746c655f706174687c733a32353a22696d616765732f6c6f676f2d746578742d6461726b2e706e67223b6c616e67756167657c733a373a22656e676c697368223b),
('gvnnrubhs57jjgkmg5nvcd5lhm7el642', '::1', 1531837531, 0x5f5f63695f6c6173745f726567656e65726174657c693a313533313833373435323b6c6f67676564496e7c623a313b757365725f69647c733a313a2231223b757365726e616d657c733a353a2261646d696e223b6e616d657c733a31353a2241646d696e204d656761686a617961223b726f6c655f69647c733a313a2231223b726f6c657c733a353a2241646d696e223b6c6f676f5f706174687c733a32333a22696d616765732f636f6d70616e795f6c6f676f2e6a7067223b6c6f676f5f7469746c655f706174687c733a32353a22696d616765732f6c6f676f2d746578742d6461726b2e706e67223b6c616e67756167657c733a373a22656e676c697368223b),
('v8k8srbooc8mtqrqfv5t2q0hbqquvbfg', '::1', 1531838248, 0x5f5f63695f6c6173745f726567656e65726174657c693a313533313833383234333b6c6f67676564496e7c623a313b757365725f69647c733a313a2231223b757365726e616d657c733a353a2261646d696e223b6e616d657c733a31353a2241646d696e204d656761686a617961223b726f6c655f69647c733a313a2231223b726f6c657c733a353a2241646d696e223b6c6f676f5f706174687c733a32333a22696d616765732f636f6d70616e795f6c6f676f2e6a7067223b6c6f676f5f7469746c655f706174687c733a32353a22696d616765732f6c6f676f2d746578742d6461726b2e706e67223b6c616e67756167657c733a373a22656e676c697368223b),
('tsgk5ei1o23n3h3ptb4701o3c56utog6', '::1', 1531838993, 0x5f5f63695f6c6173745f726567656e65726174657c693a313533313833383839383b6c6f67676564496e7c623a313b757365725f69647c733a313a2231223b757365726e616d657c733a353a2261646d696e223b6e616d657c733a31353a2241646d696e204d656761686a617961223b726f6c655f69647c733a313a2231223b726f6c657c733a353a2241646d696e223b6c6f676f5f706174687c733a32333a22696d616765732f636f6d70616e795f6c6f676f2e6a7067223b6c6f676f5f7469746c655f706174687c733a32353a22696d616765732f6c6f676f2d746578742d6461726b2e706e67223b6c616e67756167657c733a373a22656e676c697368223b),
('59kj5ctof4ncvc2pfb3t6umjth4vlif0', '::1', 1531839525, 0x5f5f63695f6c6173745f726567656e65726174657c693a313533313833393432313b6c6f67676564496e7c623a313b757365725f69647c733a313a2231223b757365726e616d657c733a353a2261646d696e223b6e616d657c733a31353a2241646d696e204d656761686a617961223b726f6c655f69647c733a313a2231223b726f6c657c733a353a2241646d696e223b6c6f676f5f706174687c733a32333a22696d616765732f636f6d70616e795f6c6f676f2e6a7067223b6c6f676f5f7469746c655f706174687c733a32353a22696d616765732f6c6f676f2d746578742d6461726b2e706e67223b6c616e67756167657c733a373a22656e676c697368223b);

-- --------------------------------------------------------

--
-- Table structure for table `colours`
--

CREATE TABLE `colours` (
  `id` int(10) UNSIGNED NOT NULL,
  `code` varchar(5) DEFAULT NULL,
  `name` varchar(255) DEFAULT NULL,
  `deleted` tinyint(4) DEFAULT '0'
) ENGINE=InnoDB DEFAULT CHARSET=utf8;

--
-- Dumping data for table `colours`
--

INSERT INTO `colours` (`id`, `code`, `name`, `deleted`) VALUES
(1, 'RG', 'RED GLOSS', 0),
(2, 'RD', 'RED DOFF', 0),
(3, 'SD', 'SILVER DOFF', 0),
(4, 'SG', 'SILVER GLOSS', 0),
(5, 'GG', 'GOLD GLOSS', 0),
(6, 'GD', 'GOLD DOFF', 0);

-- --------------------------------------------------------

--
-- Table structure for table `company_info`
--

CREATE TABLE `company_info` (
  `id` int(10) UNSIGNED NOT NULL,
  `name` varchar(100) DEFAULT NULL,
  `address` varchar(255) DEFAULT NULL,
  `telp` varchar(25) DEFAULT NULL,
  `logo_path` varchar(255) DEFAULT NULL,
  `logo_title_path` varchar(255) DEFAULT NULL,
  `taxpayer_reg_number` varchar(100) DEFAULT NULL,
  `owner` varchar(100) DEFAULT NULL,
  `currency_id` int(10) UNSIGNED DEFAULT NULL
) ENGINE=InnoDB DEFAULT CHARSET=utf8;

--
-- Dumping data for table `company_info`
--

INSERT INTO `company_info` (`id`, `name`, `address`, `telp`, `logo_path`, `logo_title_path`, `taxpayer_reg_number`, `owner`, `currency_id`) VALUES
(1, 'PT. MEGAHJAYA CEMERLANG', 'Jl. Mojosari Trawas KM 7 No. 88 Kec. Pungging Mojosari - Mojokerto', '0321 - 590588', 'images/company_logo.jpg', 'images/logo-text-dark.png', 'Your Company Tax Reg. Number', 'Your Company Owner', 1);

-- --------------------------------------------------------

--
-- Table structure for table `currency`
--

CREATE TABLE `currency` (
  `id` int(10) UNSIGNED NOT NULL,
  `name` varchar(25) DEFAULT NULL,
  `symbol` varchar(10) DEFAULT NULL,
  `rate` float DEFAULT NULL,
  `deleted` tinyint(4) DEFAULT '0'
) ENGINE=InnoDB DEFAULT CHARSET=utf8;

--
-- Dumping data for table `currency`
--

INSERT INTO `currency` (`id`, `name`, `symbol`, `rate`, `deleted`) VALUES
(1, 'Rupiah', 'Rp.', 1, 0),
(2, 'USD', '$', 13000, 0);

-- --------------------------------------------------------

--
-- Table structure for table `customers`
--

CREATE TABLE `customers` (
  `id` int(10) UNSIGNED NOT NULL,
  `code` varchar(25) NOT NULL,
  `name` varchar(255) NOT NULL,
  `description` varchar(255) DEFAULT NULL,
  `address` varchar(255) NOT NULL,
  `telp` varchar(50) NOT NULL,
  `created_at` datetime NOT NULL,
  `updated_at` datetime DEFAULT NULL,
  `ppn` tinyint(4) DEFAULT '0',
  `deleted` tinyint(4) DEFAULT '0'
) ENGINE=InnoDB DEFAULT CHARSET=utf8;

--
-- Dumping data for table `customers`
--

INSERT INTO `customers` (`id`, `code`, `name`, `description`, `address`, `telp`, `created_at`, `updated_at`, `ppn`, `deleted`) VALUES
(1, '-', 'CV. A Surya Sejahtera Abadi', '-', 'JL. Mayjen Sungkono RT.02 RW.02 Wonokoyo , Kedungkandang - Kota Malang', '-', '0000-00-00 00:00:00', '0000-00-00 00:00:00', 1, 0),
(2, '-', 'PT. Alam Indo Megah', '-', 'Jl. Raya Gunung Gangsir , Gunung Gangsir - Beji - Pasuruan', '-', '0000-00-00 00:00:00', '0000-00-00 00:00:00', 1, 0),
(3, '-', 'Ali Usman', '-', 'Jl. Probolinggo No 158 RT 04 RW 02 , Penarukan - Kepanjen - Malang', '-', '0000-00-00 00:00:00', '0000-00-00 00:00:00', 1, 0),
(4, '-', 'PT. Asia Marko', '-', 'Jl. Adi Sumarmo No. 280-282 Klodran - Colomadu - Karanganyar - Jawa Tengah', '-', '0000-00-00 00:00:00', '0000-00-00 00:00:00', 1, 0),
(5, '-', 'PT. Atraco Multiguna', '-', 'Jl. Raya Karangduren RT.011 RW.003 , Pakisaji , Pakisaji - Malang - 65162', '-', '0000-00-00 00:00:00', '0000-00-00 00:00:00', 1, 0),
(6, '-', 'PT. Batu Karang', '-', 'JL. Raya Parangargo , Parangargo - Wagir - Malang', '-', '0000-00-00 00:00:00', '0000-00-00 00:00:00', 1, 0),
(7, '-', 'Bernard Daniel', '-', 'Jl. Mendit Barat 60 RT/RW 02/01, Mangliawan , Pakisaji - Kabupaten Malang - 65164', '-', '0000-00-00 00:00:00', '0000-00-00 00:00:00', 1, 0),
(8, '-', 'PT. Bonanza Karya Manunggal', '-', 'Perum Jember D-17 RT.005 RW.009 Purwosari Kab. Kudus - Jawa Tengah', '-', '0000-00-00 00:00:00', '0000-00-00 00:00:00', 1, 0),
(9, '-', 'CV. Boss Image Nusantara', '-', 'Jl. Brawijaya No. 05 RT.006 RW.001 Jubung - Sukorambi - Jember', '-', '0000-00-00 00:00:00', '0000-00-00 00:00:00', 1, 0),
(10, '-', 'PT. Cakra Guna Cipta', '-', 'Jl. Raya Kendal Payak No. 425 RT 12 RW 07, Kendalpayak - Pakisaji - Malang', '-', '0000-00-00 00:00:00', '0000-00-00 00:00:00', 1, 0),
(11, '-', 'CV. Daun Jeruk', '-', 'Jl. Singosari 8A , Rejowinangun Selatan , Magelang Selatan - Magelang', '-', '0000-00-00 00:00:00', '0000-00-00 00:00:00', 1, 0),
(12, '-', 'PT. Fantastik Internasional', '-', 'Kawasan Industri Tunas Type 2-X Belian , Batam Kota - Batam', '-', '0000-00-00 00:00:00', '0000-00-00 00:00:00', 1, 0),
(13, '-', 'PT. Gandum', '-', 'Desa Mulyorejo , Kec. Sukun , Malang', '-', '0000-00-00 00:00:00', '0000-00-00 00:00:00', 1, 0),
(14, '-', 'PT. Globalindo Thamrin Jaya', '-', 'Jl. Raya Bakalan RT.001 RW.001 Pagak - beji - Pasuruan', '-', '0000-00-00 00:00:00', '0000-00-00 00:00:00', 1, 0),
(15, '-', 'PT. Gudang Baru Berkah', '-', 'Jl. Probolinggo No 162 RT.04 RW.02 , Penarukan - Kepanjen - Kab. Malang - Jawa Timur', '-', '0000-00-00 00:00:00', '0000-00-00 00:00:00', 1, 0),
(16, '-', 'Hairul Amam', '-', 'Jl. Sersan Mesrul No.8 Pamekasan', '-', '0000-00-00 00:00:00', '0000-00-00 00:00:00', 1, 0),
(17, '-', 'Herrry Wiyono / PR Putra Mandiri', '-', 'Jl. Raya Karangpandan RT.02 RW.09 Karangpandan - Pakisaji - Malang', '-', '0000-00-00 00:00:00', '0000-00-00 00:00:00', 1, 0),
(18, '-', 'Kamal Mustofa', '-', 'Gondosari RT.01 RW.05 Gondosari , Gebog - Kudus - Jawa Tengah', '-', '0000-00-00 00:00:00', '0000-00-00 00:00:00', 1, 0),
(19, '-', 'PT. Karya Bina Sentausa', '-', 'Jl. Kertanegara No. 81 Girimoyo , Karangploso - Malang', '-', '0000-00-00 00:00:00', '0000-00-00 00:00:00', 1, 0),
(20, '-', 'PT. Kolang Citra Abadi', '-', 'Jl. Jawa No 602 , Wadungasih - Buduran , Sidoarjo', '-', '0000-00-00 00:00:00', '0000-00-00 00:00:00', 1, 0),
(21, '-', 'Loekito Ongkowijoyo', '-', 'Jl. HM Noor 7 - Kedungkendo , Candi - Sidoarjo - Jawa Timur', '-', '0000-00-00 00:00:00', '0000-00-00 00:00:00', 1, 0),
(22, '-', 'PT. Mandiri Maha Mulia', '-', 'Desa Purwosari RT 006 RW 003 Purwosari , Purwosari - Kabupaten Pasuruan - 67162', '-', '0000-00-00 00:00:00', '0000-00-00 00:00:00', 1, 0),
(23, '-', 'CV. Megah Sejahtera', '-', 'Desa Karang Duren , Karang Duren , Pakisaji - Kabupaten Malang', '-', '0000-00-00 00:00:00', '0000-00-00 00:00:00', 1, 0),
(24, '-', 'PT. Merapi Agung Lestari', '-', 'Jl. Raya Pandan Landung RT.005 RW.001 Pandan Landung Wagir , Kab. Malang', '-', '0000-00-00 00:00:00', '0000-00-00 00:00:00', 1, 0),
(25, '-', 'CV. Mulyoraharjo', '-', 'Jl. Sunan Muria  GG Mangga No. 32B RT.003 RW.001 Barongan - Kudus - Jawa Tengah', '-', '0000-00-00 00:00:00', '0000-00-00 00:00:00', 1, 0),
(26, '-', 'Nur Rahmad', '-', 'Ngaban RT.004 RW.002 Ngaban - Tanggulangin , Sidoarjo', '-', '0000-00-00 00:00:00', '0000-00-00 00:00:00', 1, 0),
(27, '-', 'PT. Purindo Ilufa', '-', 'Ds Purwosari , Purwosari , Purwosari - Pasuruan', '-', '0000-00-00 00:00:00', '0000-00-00 00:00:00', 1, 0),
(28, '-', 'CV. Pusaka Hidup', '-', 'Jl. Semarang Demak KM. 7 No.443 Banjardowo , Genuk , Semarang , Jawa Tengah', '-', '0000-00-00 00:00:00', '0000-00-00 00:00:00', 1, 0),
(29, '-', 'Rudy Bintoro SL', '-', 'Jl. Mayjen Sungkono gg III RT 001 / RW 005 Buring / Kedung Kandang - Malang', '-', '0000-00-00 00:00:00', '0000-00-00 00:00:00', 1, 0),
(30, '-', 'Saptono Adi Soetantyo', '-', 'Jl. Adi Sumarmo No. 290 RT 01 RW 01 Klodran - Colomadu - Karanganyar - Jawa Tengah', '-', '0000-00-00 00:00:00', '0000-00-00 00:00:00', 1, 0),
(31, '-', 'Sautik', '-', 'Jl. Probolinggo No 160 RT.04 RW.02 , Penarukan - Kepanjen - Malang', '-', '0000-00-00 00:00:00', '0000-00-00 00:00:00', 1, 0),
(32, '-', 'CV. Sejahtera', '-', 'Jl. Raya Karangduren 92, Karangduren , Pakisaji - Malang', '-', '0000-00-00 00:00:00', '0000-00-00 00:00:00', 1, 0),
(33, '-', 'PT. Sentosa Abadi Purwosari', '-', 'Jl. Raya Polorejo RT 01/ RW 07 Purwosari - Pasuruan', '-', '0000-00-00 00:00:00', '0000-00-00 00:00:00', 1, 0),
(34, '-', 'CV. Sinar Jaya', '-', 'Jl. Raya Bakalan IV/19 Pagak , Beji - Kabupaten Pasuruan 67154', '-', '0000-00-00 00:00:00', '0000-00-00 00:00:00', 1, 0),
(35, '-', 'Soegandi', '-', 'Jl. Cemara No. 10 Welahan - Jepara - Jawa Tengah', '-', '0000-00-00 00:00:00', '0000-00-00 00:00:00', 1, 0),
(36, '-', 'PT. Surya Putera Eka Karunia', '-', 'Dusun Candi RT.018 RW.004 Kel. Jabung Candi - Paiton , Kab. Probolinggo - Jawa Timur', '-', '0000-00-00 00:00:00', '0000-00-00 00:00:00', 1, 0),
(37, '-', 'PT. Tembakau Djajasakti Sari', '-', 'Jl. Raya Pasuruan  Purwosari KM 10-11 , Kurung - Kejayan - Kab Pasuruan - Jawa Timur', '-', '0000-00-00 00:00:00', '0000-00-00 00:00:00', 1, 0),
(38, '-', 'Yosep Firmanto', '-', 'Jl. Bendungan Sutami I-C No.429 RT.004 RW.002 , Sumbersari - Lowok Waru - Malang', '-', '0000-00-00 00:00:00', '0000-00-00 00:00:00', 1, 0),
(39, '', 'p', '', 'sby', '02', '2018-04-04 12:04:22', NULL, 0, 0),
(40, '', 'asd', 'asd', 'asd', '1111', '2018-05-07 21:05:09', NULL, 0, 0),
(41, '', 'D', '', 'S', '0123', '2018-05-09 10:05:02', '2018-05-09 10:05:11', 1, 0),
(42, '', 'R', '', 'S', '032', '2018-05-09 10:05:22', NULL, 0, 0),
(43, '', 'PT. Karya Tajinan Prima', '', 'Jl. Sumber Suko - Tajinan Malang', '0255', '2018-05-09 12:05:51', NULL, 1, 0);

-- --------------------------------------------------------

--
-- Table structure for table `history`
--

CREATE TABLE `history` (
  `id` int(10) UNSIGNED NOT NULL,
  `date` datetime DEFAULT NULL,
  `name` varchar(255) DEFAULT NULL,
  `page` varchar(255) DEFAULT NULL,
  `actions` varchar(50) DEFAULT NULL
) ENGINE=InnoDB DEFAULT CHARSET=utf8;

--
-- Dumping data for table `history`
--

INSERT INTO `history` (`id`, `date`, `name`, `page`, `actions`) VALUES
(1443, '2018-06-10 08:06:04', 'Admin Megahjaya', 'Dashboard', 'visit'),
(1444, '2018-06-10 08:06:12', 'Admin Megahjaya', 'Dashboard', 'visit'),
(1445, '2018-06-10 08:06:40', 'Admin Megahjaya', 'Dashboard', 'visit'),
(1446, '2018-06-10 08:06:14', 'Admin Megahjaya', 'Materials', 'visit'),
(1447, '2018-07-07 07:07:18', 'Admin Megahjaya', 'Dashboard', 'visit'),
(1448, '2018-07-07 07:07:23', 'Admin Megahjaya', 'Material Inventory', 'visit'),
(1449, '2018-07-07 07:07:31', 'Admin Megahjaya', 'Material Inventory', 'visit'),
(1450, '2018-07-07 08:07:37', 'Admin Megahjaya', 'Material Inventory', 'visit'),
(1451, '2018-07-07 08:07:36', 'Admin Megahjaya', 'Product Inventory', 'visit'),
(1452, '2018-07-07 08:07:36', 'Admin Megahjaya', 'Product Inventory', 'visit'),
(1453, '2018-07-07 10:07:39', 'Admin Megahjaya', 'Dashboard', 'visit'),
(1454, '2018-07-07 10:07:49', 'Admin Megahjaya', 'Material Inventory', 'visit'),
(1455, '2018-07-07 10:07:56', 'Admin Megahjaya', 'Work Orders', 'visit'),
(1456, '2018-07-07 10:07:40', 'Admin Megahjaya', 'Product Inventory', 'visit'),
(1457, '2018-07-07 10:07:40', 'Admin Megahjaya', 'Product Inventory', 'visit'),
(1458, '2018-07-07 10:07:20', 'Admin Megahjaya', 'Unfinished Product Inventory', 'visit'),
(1459, '2018-07-07 10:07:20', 'Admin Megahjaya', 'Unfinished Product Inventory', 'visit'),
(1460, '2018-07-07 10:07:09', 'Admin Megahjaya', 'Work Orders', 'visit'),
(1461, '2018-07-07 10:07:27', 'Admin Megahjaya', 'Pickup Non Materials <strong>White Blank 50 Non Perf 50 mm x 3000 m</strong>', 'visit'),
(1462, '2018-07-07 10:07:48', 'Admin Megahjaya', 'Purchasing', 'visit'),
(1463, '2018-07-07 10:07:52', 'Admin Megahjaya', 'Sales Order', 'visit'),
(1464, '2018-07-07 10:07:54', 'Admin Megahjaya', 'Purchasing', 'visit'),
(1465, '2018-07-07 10:07:06', 'Admin Megahjaya', 'Receiving', 'visit'),
(1466, '2018-07-07 10:07:31', 'Admin Megahjaya', 'Work Orders', 'visit'),
(1467, '2018-07-07 11:07:22', 'Admin Megahjaya', 'Product Categories', 'visit'),
(1468, '2018-07-07 11:07:29', 'Admin Megahjaya', 'Products', 'visit'),
(1469, '2018-07-07 11:07:29', 'Admin Megahjaya', 'Work Orders', 'visit'),
(1470, '2018-07-07 11:07:37', 'Admin Megahjaya', 'Work Orders', 'visit'),
(1471, '2018-07-07 11:07:57', 'Admin Megahjaya', 'Work Orders', 'visit'),
(1472, '2018-07-07 11:07:38', 'Admin Megahjaya', 'Shipping', 'visit'),
(1473, '2018-07-07 11:07:12', 'Admin Megahjaya', 'Product Inventory', 'visit'),
(1474, '2018-07-07 11:07:12', 'Admin Megahjaya', 'Product Inventory', 'visit'),
(1475, '2018-07-07 11:07:27', 'Admin Megahjaya', 'Work Orders', 'visit'),
(1476, '2018-07-07 11:07:50', 'Admin Megahjaya', 'Shipping', 'visit'),
(1477, '2018-07-07 11:07:38', 'Admin Megahjaya', 'Product Inventory', 'visit'),
(1478, '2018-07-07 11:07:38', 'Admin Megahjaya', 'Product Inventory', 'visit'),
(1479, '2018-07-07 11:07:56', 'Admin Megahjaya', 'Work Orders', 'visit'),
(1480, '2018-07-07 11:07:18', 'Admin Megahjaya', 'Unfinished Product Inventory', 'visit'),
(1481, '2018-07-07 11:07:18', 'Admin Megahjaya', 'Unfinished Product Inventory', 'visit'),
(1482, '2018-07-07 11:07:25', 'Admin Megahjaya', 'Pickup Non Materials <strong>White Blank 50 Non Perf 50 mm x 3000 m</strong>', 'visit'),
(1483, '2018-07-07 11:07:51', 'Admin Megahjaya', 'Work Orders', 'visit'),
(1484, '2018-07-07 11:07:54', 'Admin Megahjaya', 'Pickup Non Materials <strong>White Blank 50 Non Perf 50 mm x 3000 m</strong>', 'visit'),
(1485, '2018-07-07 11:07:22', 'Admin Megahjaya', 'Purchasing', 'visit'),
(1486, '2018-07-07 12:07:57', 'Admin Megahjaya', 'HPP', 'visit'),
(1487, '2018-07-07 12:07:09', 'Admin Megahjaya', 'Material Inventory', 'visit'),
(1488, '2018-07-07 12:07:11', 'Admin Megahjaya', 'Product Inventory', 'visit'),
(1489, '2018-07-07 12:07:11', 'Admin Megahjaya', 'Product Inventory', 'visit'),
(1490, '2018-07-07 12:07:13', 'Admin Megahjaya', 'Unfinished Product Inventory', 'visit'),
(1491, '2018-07-07 12:07:13', 'Admin Megahjaya', 'Unfinished Product Inventory', 'visit'),
(1492, '2018-07-07 12:07:15', 'Admin Megahjaya', 'Product Inventory', 'visit'),
(1493, '2018-07-07 12:07:15', 'Admin Megahjaya', 'Product Inventory', 'visit'),
(1494, '2018-07-07 12:07:17', 'Admin Megahjaya', 'Material Inventory', 'visit'),
(1495, '2018-07-09 06:07:28', 'Admin Megahjaya', 'Dashboard', 'visit'),
(1496, '2018-07-09 06:07:44', 'Admin Megahjaya', 'Work Orders', 'visit'),
(1497, '2018-07-09 06:07:00', 'Admin Megahjaya', 'Work Orders', 'visit'),
(1498, '2018-07-09 06:07:34', 'Admin Megahjaya', 'Dashboard', 'visit'),
(1499, '2018-07-09 06:07:36', 'Admin Megahjaya', 'Purchasing', 'visit'),
(1500, '2018-07-09 06:07:39', 'Admin Megahjaya', 'Shipping', 'visit'),
(1501, '2018-07-09 06:07:42', 'Admin Megahjaya', 'Materials', 'visit'),
(1502, '2018-07-09 06:07:56', 'Admin Megahjaya', 'Product Categories', 'visit'),
(1503, '2018-07-09 07:07:03', 'Admin Megahjaya', 'Materials', 'visit'),
(1504, '2018-07-09 07:07:08', 'Admin Megahjaya', 'Dashboard', 'visit'),
(1505, '2018-07-09 07:07:32', 'Admin Megahjaya', 'Work Orders', 'visit'),
(1506, '2018-07-09 07:07:59', 'Admin Megahjaya', 'Dashboard', 'visit'),
(1507, '2018-07-09 07:07:01', 'Admin Megahjaya', 'Work Orders', 'visit'),
(1508, '2018-07-09 07:07:58', 'Admin Megahjaya', 'Roles', 'visit'),
(1509, '2018-07-09 07:07:04', 'Admin Megahjaya', 'Privilege', 'visit'),
(1510, '2018-07-09 07:07:29', 'Admin Megahjaya', 'Users', 'visit'),
(1511, '2018-07-09 07:07:41', 'Admin Megahjaya', 'Dashboard', 'visit'),
(1512, '2018-07-09 07:07:28', 'Admin Megahjaya', 'Dashboard', 'visit'),
(1513, '2018-07-09 07:07:45', 'Admin Megahjaya', 'Dashboard', 'visit'),
(1514, '2018-07-09 07:07:56', 'Admin Megahjaya', 'Shipping Report', 'visit'),
(1515, '2018-07-09 07:07:16', 'Admin Megahjaya', 'Product Inventory', 'visit'),
(1516, '2018-07-09 07:07:16', 'Admin Megahjaya', 'Product Inventory', 'visit'),
(1517, '2018-07-09 07:07:39', 'Admin Megahjaya', 'Purchasing', 'visit'),
(1518, '2018-07-09 07:07:40', 'Admin Megahjaya', 'Purchasing', 'visit'),
(1519, '2018-07-11 07:07:03', 'Admin Megahjaya', 'Dashboard', 'visit'),
(1520, '2018-07-11 07:07:40', 'Admin Megahjaya', 'Processes', 'visit'),
(1521, '2018-07-11 07:07:15', 'Admin Megahjaya', 'Colors', 'visit'),
(1522, '2018-07-11 07:07:22', 'Admin Megahjaya', 'Products', 'visit'),
(1523, '2018-07-11 07:07:17', 'Admin Megahjaya', 'Sales Order', 'visit'),
(1524, '2018-07-11 07:07:03', 'Admin Megahjaya', 'Work Orders', 'visit'),
(1525, '2018-07-11 07:07:12', 'Admin Megahjaya', 'Pickup Materials <strong></strong>', 'visit'),
(1526, '2018-07-11 07:07:16', 'Admin Megahjaya', 'Return Materials', 'visit'),
(1527, '2018-07-11 07:07:29', 'Admin Megahjaya', 'Pickup Non Materials <strong>White Blank 50 Non Perf 50 mm x 3000 m</strong>', 'visit'),
(1528, '2018-07-11 08:07:38', 'Admin Megahjaya', 'Sales Order', 'visit'),
(1529, '2018-07-11 08:07:36', 'Admin Megahjaya', 'Products', 'visit'),
(1530, '2018-07-14 10:07:50', 'Admin Megahjaya', 'Dashboard', 'visit'),
(1531, '2018-07-14 10:07:12', 'Admin Megahjaya', 'Work Orders', 'visit'),
(1532, '2018-07-14 10:07:26', 'Admin Megahjaya', 'Unfinished Product Inventory', 'visit'),
(1533, '2018-07-14 10:07:26', 'Admin Megahjaya', 'Unfinished Product Inventory', 'visit'),
(1534, '2018-07-14 10:07:05', 'Admin Megahjaya', 'Work Orders', 'visit'),
(1535, '2018-07-14 11:07:39', 'Admin Megahjaya', 'Uom', 'visit'),
(1536, '2018-07-14 11:07:56', 'Admin Megahjaya', 'Usage Categories', 'visit'),
(1537, '2018-07-14 11:07:46', 'Admin Megahjaya', 'Product Inventory', 'visit'),
(1538, '2018-07-14 11:07:46', 'Admin Megahjaya', 'Product Inventory', 'visit'),
(1539, '2018-07-14 11:07:38', 'Admin Megahjaya', 'Work Orders', 'visit'),
(1540, '2018-07-14 11:07:45', 'Admin Megahjaya', 'Company Info', 'visit'),
(1541, '2018-07-14 11:07:48', 'Admin Megahjaya', 'Roles', 'visit'),
(1542, '2018-07-14 11:07:07', 'Admin Megahjaya', 'Work Orders', 'visit'),
(1543, '2018-07-14 11:07:44', 'Admin Megahjaya', 'Work Orders', 'visit'),
(1544, '2018-07-14 11:07:58', 'Admin Megahjaya', 'Sales Order', 'visit'),
(1545, '2018-07-14 11:07:18', 'Admin Megahjaya', 'Work Orders', 'visit'),
(1546, '2018-07-14 12:07:46', 'Admin Megahjaya', 'Work Orders', 'visit'),
(1547, '2018-07-14 12:07:24', 'Admin Megahjaya', 'Unfinished Product Inventory', 'visit'),
(1548, '2018-07-14 12:07:24', 'Admin Megahjaya', 'Unfinished Product Inventory', 'visit'),
(1549, '2018-07-17 08:07:55', 'Admin Megahjaya', 'Dashboard', 'visit'),
(1550, '2018-07-17 08:07:40', 'Admin Megahjaya', 'Dashboard', 'visit'),
(1551, '2018-07-17 08:07:54', 'Admin Megahjaya', 'Dashboard', 'visit'),
(1552, '2018-07-17 08:07:16', 'Admin Megahjaya', 'Dashboard', 'visit'),
(1553, '2018-07-17 08:07:38', 'Admin Megahjaya', 'Dashboard', 'visit'),
(1554, '2018-07-17 08:07:23', 'Admin Megahjaya', 'Dashboard', 'visit'),
(1555, '2018-07-17 08:07:14', 'Admin Megahjaya', 'Dashboard', 'visit'),
(1556, '2018-07-17 08:07:16', 'Admin Megahjaya', 'Work Orders', 'visit'),
(1557, '2018-07-17 08:07:35', 'Admin Megahjaya', 'Privilege', 'visit'),
(1558, '2018-07-17 08:07:08', 'Admin Megahjaya', 'Privilege', 'visit'),
(1559, '2018-07-17 08:07:54', 'Admin Megahjaya', 'Privilege', 'visit'),
(1560, '2018-07-17 09:07:05', 'Admin Megahjaya', 'Dashboard', 'visit'),
(1561, '2018-07-17 09:07:34', 'Admin Megahjaya', 'Work Orders', 'visit'),
(1562, '2018-07-17 09:07:12', 'Admin Megahjaya', 'Rewind', 'visit'),
(1563, '2018-07-17 09:07:09', 'Admin Megahjaya', 'Rewind', 'visit'),
(1564, '2018-07-17 09:07:25', 'Admin Megahjaya', 'Rewind', 'visit'),
(1565, '2018-07-17 09:07:23', 'Admin Megahjaya', 'Rewind', 'visit'),
(1566, '2018-07-17 09:07:18', 'Admin Megahjaya', 'Rewind', 'visit'),
(1567, '2018-07-17 09:07:01', 'Admin Megahjaya', 'Rewind', 'visit'),
(1568, '2018-07-17 09:07:46', 'Admin Megahjaya', 'Rewind', 'visit'),
(1569, '2018-07-17 09:07:01', 'Admin Megahjaya', 'Rewind', 'visit'),
(1570, '2018-07-17 09:07:35', 'Admin Megahjaya', 'Rewind', 'visit');

-- --------------------------------------------------------

--
-- Table structure for table `hpp`
--

CREATE TABLE `hpp` (
  `id` int(10) UNSIGNED NOT NULL,
  `month` int(11) NOT NULL,
  `year` int(11) NOT NULL,
  `code` varchar(45) DEFAULT NULL,
  `penyusutan` float DEFAULT NULL,
  `listrik` float DEFAULT NULL,
  `lain_lain` float DEFAULT NULL,
  `created_at` datetime DEFAULT NULL,
  `created_by` varchar(45) DEFAULT NULL,
  `updated_at` datetime DEFAULT NULL,
  `updated_by` varchar(45) DEFAULT NULL,
  `work_orders_id` int(10) UNSIGNED NOT NULL,
  `products_id` int(11) NOT NULL
) ENGINE=InnoDB DEFAULT CHARSET=utf8;

--
-- Dumping data for table `hpp`
--

INSERT INTO `hpp` (`id`, `month`, `year`, `code`, `penyusutan`, `listrik`, `lain_lain`, `created_at`, `created_by`, `updated_at`, `updated_by`, `work_orders_id`, `products_id`) VALUES
(26, 4, 2018, '01/HPP-MJ/IV/18', 0, 0, 0, '2018-06-07 07:06:00', 'Admin Megahjaya', NULL, NULL, 1, 1),
(27, 4, 2018, '02/HPP-MJ/IV/18', 0, 0, 0, '2018-06-07 07:06:12', 'Admin Megahjaya', NULL, NULL, 1, 1),
(29, 6, 2018, '03/HPP-MJ/VI/18', 100000, 50000, 30000, '2018-06-07 14:06:53', 'Admin Megahjaya', NULL, NULL, 9, 303);

-- --------------------------------------------------------

--
-- Table structure for table `machine`
--

CREATE TABLE `machine` (
  `id` int(10) UNSIGNED NOT NULL,
  `code` varchar(45) DEFAULT NULL,
  `processes_id` int(10) UNSIGNED NOT NULL,
  `deleted` tinyint(4) DEFAULT '0'
) ENGINE=InnoDB DEFAULT CHARSET=utf8;

--
-- Dumping data for table `machine`
--

INSERT INTO `machine` (`id`, `code`, `processes_id`, `deleted`) VALUES
(1, 'P1', 1, 0),
(2, 'S1', 2, 0),
(3, 'W1', 3, 0),
(4, 'LS1', 4, 0),
(5, 'LS2', 4, 0),
(6, 'P2', 5, 0);

-- --------------------------------------------------------

--
-- Table structure for table `materials`
--

CREATE TABLE `materials` (
  `id` int(10) UNSIGNED NOT NULL,
  `code` varchar(10) DEFAULT NULL,
  `name` varchar(255) NOT NULL,
  `initial_qty` float DEFAULT '0',
  `min_stock` float DEFAULT '0',
  `created_at` datetime NOT NULL,
  `updated_at` datetime DEFAULT NULL,
  `material_categories_id` int(10) UNSIGNED NOT NULL,
  `uom_id` int(10) UNSIGNED NOT NULL,
  `deleted` tinyint(4) DEFAULT '0'
) ENGINE=InnoDB DEFAULT CHARSET=utf8;

--
-- Dumping data for table `materials`
--

INSERT INTO `materials` (`id`, `code`, `name`, `initial_qty`, `min_stock`, `created_at`, `updated_at`, `material_categories_id`, `uom_id`, `deleted`) VALUES
(1, '1MC', 'Alm. Foil  6.5 micron x 1.014 mm x 18.000 m', 100, 10, '0000-00-00 00:00:00', '2018-04-04 20:04:57', 1, 1, 0),
(2, '2MC', 'Alm. Foil  6.5 micron x 905 mm x 18.000 m', 0, 0, '0000-00-00 00:00:00', NULL, 1, 1, 0),
(3, '3MC', 'Alm. Foil  6.5 micron x 917 mm x 18.000 m', 0, 0, '0000-00-00 00:00:00', NULL, 1, 1, 0),
(4, '4MC', 'Alm. Foil  6.5 micron x 919 mm x 18.000 m', 0, 0, '0000-00-00 00:00:00', NULL, 1, 1, 0),
(5, '5MC', 'Alm. Foil  6.5 micron x 974 mm x 18.000 m', 0, 0, '0000-00-00 00:00:00', NULL, 1, 1, 0),
(6, '6MC', 'Alm. Foil  6.5 micron x 1.014 mm x 24.000 m', 0, 0, '0000-00-00 00:00:00', NULL, 1, 1, 0),
(7, '7MC', 'Alm. Foil  6.5 micron x 886 mm x 24.000 m', 0, 0, '0000-00-00 00:00:00', NULL, 1, 1, 0),
(8, '8MC', 'Alm. Foil  6.5 micron x 906 mm x 24.000 m', 0, 0, '0000-00-00 00:00:00', NULL, 1, 1, 0),
(9, '9MC', 'Alm. Foil  6.5 micron x 919 mm x 24.000 m', 0, 0, '0000-00-00 00:00:00', NULL, 1, 1, 0),
(10, '10MC', 'Alm. Foil  6.5 micron x 974 mm x 24.000 m', 0, 0, '0000-00-00 00:00:00', NULL, 1, 1, 0),
(11, '11MC', 'Litho TJK 30 gsm 925 mm x 12.000 m ', 0, 0, '0000-00-00 00:00:00', NULL, 1, 1, 0),
(12, '12MC', 'Base paper black, 32 gsm uk : 800 mm x 12.200 m', 0, 0, '0000-00-00 00:00:00', NULL, 1, 1, 0),
(13, '13MC', 'Base paper black, 33 Gsm uk : 820 mm x 12.200 m', 0, 0, '0000-00-00 00:00:00', NULL, 1, 1, 0),
(14, '14MC', 'Base paper black, 33 Gsm uk : 970 mm x 12.200 m', 0, 0, '0000-00-00 00:00:00', NULL, 1, 1, 0),
(15, '15MC', 'WTP, 32 Gsm BMJ uk : 970 mm x 12.200 m ', 0, 0, '0000-00-00 00:00:00', NULL, 1, 1, 0),
(16, '16MC', 'WTP, 32 Gsm WI (Non HO) uk : 970 mm x 12.200 m ', 0, 0, '0000-00-00 00:00:00', NULL, 1, 1, 0),
(17, '17MC', 'WTP, 35 Gsm WI (HO) uk : 940 mm x 12.200 m ', 0, 0, '0000-00-00 00:00:00', NULL, 1, 1, 0),
(18, '18MC', 'WTP, 35 Gsm WO (HO) uk : 940 mm x 12.200 m ', 0, 0, '0000-00-00 00:00:00', NULL, 1, 1, 0),
(19, '19MC', 'WTP, 35 Gsm WO (HO) uk : 970 mm x 12.200 m ', 0, 0, '0000-00-00 00:00:00', NULL, 1, 1, 0),
(20, '20MC', 'YTP, 32 Gsm WO (A) uk : 980 mm x 12.200 m ', 0, 0, '0000-00-00 00:00:00', NULL, 1, 1, 0),
(21, '21MC', 'YTP, 32 Gsm WO (A) uk : 960 mm x 12.200 m ', 0, 0, '0000-00-00 00:00:00', NULL, 1, 1, 0),
(22, '22MC', 'YTP, 32 Gsm WO (B) uk : 960 mm x 12.200 m ', 0, 0, '0000-00-00 00:00:00', NULL, 1, 1, 0),
(23, '23MC', 'L30 Paper, 30 Gsm uk : 1.018 mm x 12.100 m', 100, 10, '0000-00-00 00:00:00', '2018-05-09 12:05:00', 1, 1, 0),
(24, '24MC', 'L30 Paper, 30 Gsm uk : 910 mm x 12.100 m', 0, 0, '0000-00-00 00:00:00', NULL, 1, 1, 0),
(25, '25MC', 'L30 Paper, 30 Gsm uk : 923 mm x 12.100 m', 0, 0, '0000-00-00 00:00:00', NULL, 1, 1, 0),
(26, '26MC', 'L30 Paper, 30 Gsm uk : 978 mm x 12.100 m', 0, 0, '0000-00-00 00:00:00', NULL, 1, 1, 0),
(27, '27MC', 'L40 Paper, 40 Gsm uk : 1.018 mm x 12.100 m', 0, 0, '0000-00-00 00:00:00', NULL, 1, 1, 0),
(28, '28MC', 'L40 Paper, 40 Gsm uk : 890 mm x 12.100 m', 0, 0, '0000-00-00 00:00:00', NULL, 1, 1, 0),
(29, '29MC', 'L40 Paper, 40 Gsm uk : 910 mm x 12.100 m', 0, 0, '0000-00-00 00:00:00', NULL, 1, 1, 0),
(30, '30MC', 'L40 Paper, 40 Gsm uk : 923 mm x 12.100 m', 0, 0, '0000-00-00 00:00:00', NULL, 1, 1, 0),
(31, '31MC', 'L40 Paper, 40 Gsm uk : 925 mm x 12.100 m', 0, 0, '0000-00-00 00:00:00', NULL, 1, 1, 0),
(32, '32MC', 'WTP, 36 Gsm BMJ uk : 970 mm x 12.200 m ', 0, 0, '0000-00-00 00:00:00', NULL, 1, 1, 0),
(33, '33MC', 'YTP, 32 Gsm BMJ uk : 960 mm x 12.200 m ', 0, 0, '0000-00-00 00:00:00', NULL, 1, 1, 0),
(34, '34MC', 'Base Paper Yellow, 32 Gsm uk : 516 mm x 18.500 m', 0, 0, '0000-00-00 00:00:00', NULL, 1, 1, 0),
(35, '35MC', 'Base Paper White, 34 Gsm uk : 515 mm x 18.700 m', 0, 0, '0000-00-00 00:00:00', NULL, 1, 1, 0),
(36, '36MC', 'CTP White 32 Gsm Exp uk : 56.5 cm', 0, 0, '0000-00-00 00:00:00', NULL, 1, 1, 0),
(37, '37MC', 'Tipping Base paper White 33 Gsm uk. 97', 0, 0, '0000-00-00 00:00:00', NULL, 1, 1, 0),
(38, '38MC', 'Black cigarette paper 28 Gsm, uk. 24.5 x 6000 m', 0, 0, '0000-00-00 00:00:00', NULL, 1, 1, 0),
(39, '39MC', 'Tipping JR 36 gsm, uk. 980 mm x 14.200 m', 0, 0, '0000-00-00 00:00:00', NULL, 1, 1, 0),
(40, '40MC', 'L30 30 gsm, 890 mm x 6.000 m - sample SZZ', 0, 0, '0000-00-00 00:00:00', NULL, 1, 1, 0),
(41, '41MC', 'L30 30 gsm, 925 mm x 6.000 m - sample SZZ', 0, 0, '0000-00-00 00:00:00', NULL, 1, 1, 0),
(42, '42MC', 'Alm. Foil uk. 929 mm x 18.000 m - sample', 0, 0, '0000-00-00 00:00:00', NULL, 1, 1, 0),
(43, '43MC', 'Cigarette Paper CP Verge 60CU uk. 26.5 mm x 4.500 m', 0, 0, '0000-00-00 00:00:00', NULL, 1, 1, 0),
(44, '44MC', 'PB 000 Corktipping Extender', 0, 0, '0000-00-00 00:00:00', NULL, 2, 2, 0),
(45, '45MC', 'PB 0010 Corktipping Gold Medium', 0, 0, '0000-00-00 00:00:00', NULL, 2, 2, 0),
(46, '46MC', 'PB 1000/I Corktipping Special white', 0, 0, '0000-00-00 00:00:00', NULL, 2, 2, 0),
(47, '47MC', 'PB 195/I Corktipping Black Conc', 0, 0, '0000-00-00 00:00:00', NULL, 2, 2, 0),
(48, '48MC', 'PB 2000 Corktipping P-143C Yellow', 0, 0, '0000-00-00 00:00:00', NULL, 2, 2, 0),
(49, '49MC', 'PB 2002 Corktipping TR Yellow', 0, 0, '0000-00-00 00:00:00', NULL, 2, 2, 0),
(50, '50MC', 'PB 2003 Corktipping GG Transp. Yellow', 0, 0, '0000-00-00 00:00:00', NULL, 2, 2, 0),
(51, '51MC', 'PB 2006 Corktipping Process Yellow', 0, 0, '0000-00-00 00:00:00', NULL, 2, 2, 0),
(52, '52MC', 'PB 3002 Corktipping Djarum Black Red', 0, 0, '0000-00-00 00:00:00', NULL, 2, 2, 0),
(53, '53MC', 'PB 3002/II Corktipping Djarum Black Red', 0, 0, '0000-00-00 00:00:00', NULL, 2, 2, 0),
(54, '54MC', 'PB 3007 Corktipping Process Magenta', 0, 0, '0000-00-00 00:00:00', NULL, 2, 2, 0),
(55, '55MC', 'PB 3008/I Corktipping Red Mild Metallic Red', 0, 0, '0000-00-00 00:00:00', NULL, 2, 2, 0),
(56, '56MC', 'PB 333/I Corktipping MJC Brown ', 0, 0, '0000-00-00 00:00:00', NULL, 2, 2, 0),
(57, '57MC', 'PB 334 Corktipping Cakra Red', 0, 0, '0000-00-00 00:00:00', NULL, 2, 2, 0),
(58, '58MC', 'PB 335 Corktipping Cakra Blue', 0, 0, '0000-00-00 00:00:00', NULL, 2, 2, 0),
(59, '59MC', 'PB 348/I Corktipp MJC III Green', 0, 0, '0000-00-00 00:00:00', NULL, 2, 2, 0),
(60, '60MC', 'PB 353 Corktipping Conc Violet 1499', 0, 0, '0000-00-00 00:00:00', NULL, 2, 2, 0),
(61, '61MC', 'PB 4101 Corktipping 1045 White Toner', 0, 0, '0000-00-00 00:00:00', NULL, 2, 2, 0),
(62, '62MC', 'PB 415 Corktipping Marble C Brown', 0, 0, '0000-00-00 00:00:00', NULL, 2, 2, 0),
(63, '63MC', 'PB 429 Corktipping Bronze Red', 0, 0, '0000-00-00 00:00:00', NULL, 2, 2, 0),
(64, '64MC', 'PB 431 Cortipping Mild Red', 0, 0, '0000-00-00 00:00:00', NULL, 2, 2, 0),
(65, '65MC', 'PB 433 Corktipping Marble G Brown', 0, 0, '0000-00-00 00:00:00', NULL, 2, 2, 0),
(66, '66MC', 'PB 442/I Corktipping Black Conc.', 0, 0, '0000-00-00 00:00:00', NULL, 2, 2, 0),
(67, '67MC', 'PB 446 Corktipping Yellow', 0, 0, '0000-00-00 00:00:00', NULL, 2, 2, 0),
(68, '68MC', 'PB 462 Corktipping SMY Gold', 0, 0, '0000-00-00 00:00:00', NULL, 2, 2, 0),
(69, '69MC', 'PB 464 orktipping TC 4307 Green', 0, 0, '0000-00-00 00:00:00', NULL, 2, 2, 0),
(70, '70MC', 'PB 4701 Corktipping 1415 Black Toner', 0, 0, '0000-00-00 00:00:00', NULL, 2, 2, 0),
(71, '71MC', 'PB 471 Corktipping TC-4217 Green', 0, 0, '0000-00-00 00:00:00', NULL, 2, 2, 0),
(72, '72MC', 'PB 477 Corktipping HC Black', 0, 0, '0000-00-00 00:00:00', NULL, 2, 2, 0),
(73, '73MC', 'PB 479 Corktipping Special Black', 0, 0, '0000-00-00 00:00:00', NULL, 2, 2, 0),
(74, '74MC', 'PB 5001 Corktipping Process Cyan', 0, 0, '0000-00-00 00:00:00', NULL, 2, 2, 0),
(75, '75MC', 'PB 5002 Corktipping H Mild Blue', 0, 0, '0000-00-00 00:00:00', NULL, 2, 2, 0),
(76, '76MC', 'PB 6003 Corktipping Process Green', 0, 0, '0000-00-00 00:00:00', NULL, 2, 2, 0),
(77, '77MC', 'PB 6004/I Corktipping Red Mild Metallic Green', 0, 0, '0000-00-00 00:00:00', NULL, 2, 2, 0),
(78, '78MC', 'PB 7000/I Corktipping New SPC Black', 0, 0, '0000-00-00 00:00:00', NULL, 2, 2, 0),
(79, '79MC', 'PB 7001 Corktipping Special Neslite Black', 0, 0, '0000-00-00 00:00:00', NULL, 2, 2, 0),
(80, '80MC', 'PB 7017 Corktipping 2017 Black', 50, 0, '0000-00-00 00:00:00', '2018-05-09 14:05:53', 2, 2, 0),
(81, '81MC', 'PB 8001 Corktipping GG Brown', 0, 0, '0000-00-00 00:00:00', NULL, 2, 2, 0),
(82, '82MC', 'PB 8007/I Corktipping 4G Brown', 0, 0, '0000-00-00 00:00:00', NULL, 2, 2, 0),
(83, '83MC', 'PB 8021 - Corktipping MC Brown', 0, 0, '0000-00-00 00:00:00', NULL, 2, 2, 0),
(84, '84MC', 'PB 9001 Corktipping GG Silver', 0, 0, '0000-00-00 00:00:00', NULL, 2, 2, 0),
(85, '85MC', 'PB 9011 Corktipping GG Export Gold', 0, 0, '0000-00-00 00:00:00', NULL, 2, 2, 0),
(86, '86MC', 'EMG 1045 Corktipping White Base', 0, 0, '0000-00-00 00:00:00', NULL, 2, 2, 0),
(87, '87MC', 'VG 022 H Cigarette Sweet HS', 0, 0, '0000-00-00 00:00:00', NULL, 2, 2, 0),
(88, '88MC', 'RDC 134 Reducer 134', 0, 0, '0000-00-00 00:00:00', NULL, 2, 2, 0),
(89, '89MC', 'RDC 291 Anti Foam Solvent Base', 0, 0, '0000-00-00 00:00:00', NULL, 2, 2, 0),
(90, '90MC', 'CIG 9123 Hallmark Neslite Silver', 0, 0, '0000-00-00 00:00:00', NULL, 2, 2, 0),
(91, '91MC', 'CIH 4311 Hunter 1717 Orange Toner', 0, 0, '0000-00-00 00:00:00', NULL, 2, 2, 0),
(92, '92MC', 'CIH 975 Hunter MJ Silver', 0, 0, '0000-00-00 00:00:00', NULL, 2, 2, 0),
(93, '93MC', 'CIS 4201 Special 226 Yellow Toner', 0, 0, '0000-00-00 00:00:00', NULL, 2, 2, 0),
(94, '94MC', 'UTG 000 Alpha Medium', 0, 0, '0000-00-00 00:00:00', NULL, 2, 2, 0),
(95, '95MC', 'UTG 3487 Alpha Inner Foil R001 Red', 0, 0, '0000-00-00 00:00:00', NULL, 2, 2, 0),
(96, '96MC', 'UTG 4700 Alpha 27 Black Toner', 0, 0, '0000-00-00 00:00:00', NULL, 2, 2, 0),
(97, '97MC', 'UTG 5357/I Alpha Inner Foil B001 Blue', 0, 0, '0000-00-00 00:00:00', NULL, 2, 2, 0),
(98, '98MC', 'UTG 5387 Alpha Inner Foil Berry Pop DK. Blue', 0, 0, '0000-00-00 00:00:00', NULL, 2, 2, 0),
(99, '99MC', 'UTG 6169 Alpha Inner Foil GR002 Green', 0, 0, '0000-00-00 00:00:00', NULL, 2, 2, 0),
(100, '100MC', 'UTG 9017 Alpha Inner Foil G001 Gold', 0, 0, '0000-00-00 00:00:00', NULL, 2, 2, 0),
(101, '101MC', 'UTG 9019 Alpha Inner Foil G002 Gold', 0, 0, '0000-00-00 00:00:00', NULL, 2, 2, 0),
(102, '102MC', 'UTG 9021/I Alpha Inner Foil G003 Gold', 0, 0, '0000-00-00 00:00:00', NULL, 2, 2, 0),
(103, '103MC', 'UTG 9034 Alpha Inner Foil (G001,G008,G009,G0010) Gold', 0, 0, '0000-00-00 00:00:00', NULL, 2, 2, 0),
(104, '104MC', 'Dyes Orange', 0, 0, '0000-00-00 00:00:00', NULL, 2, 2, 0),
(105, '105MC', 'VA Medium Megah IP -1', 0, 0, '0000-00-00 00:00:00', NULL, 2, 2, 0),
(106, '106MC', 'NFK Medium NW', 0, 0, '0000-00-00 00:00:00', NULL, 2, 2, 0),
(107, '107MC', 'VS Black Toner', 0, 0, '0000-00-00 00:00:00', NULL, 2, 2, 0),
(108, '108MC', 'VS Medium', 0, 0, '0000-00-00 00:00:00', NULL, 2, 2, 0),
(109, '109MC', 'VS White 110 HM Toner', 0, 0, '0000-00-00 00:00:00', NULL, 2, 2, 0),
(110, '110MC', 'VS Yellow 238 Toner', 0, 0, '0000-00-00 00:00:00', NULL, 2, 2, 0),
(111, '111MC', 'Bronzepowder Multiprint 4117RG', 0, 0, '0000-00-00 00:00:00', NULL, 2, 2, 0),
(112, '112MC', 'Bronzepowder RV 5114 PG', 0, 0, '0000-00-00 00:00:00', NULL, 2, 2, 0),
(113, '113MC', 'Alumuniumpaste TX 114', 0, 0, '0000-00-00 00:00:00', NULL, 2, 2, 0),
(114, '114MC', 'NC TOB Tipping Imitation Gold 54', 0, 0, '0000-00-00 00:00:00', NULL, 2, 2, 0),
(115, '115MC', 'NC TOB Tipping Red 54', 0, 0, '0000-00-00 00:00:00', NULL, 2, 2, 0),
(116, '116MC', 'NC TOB Yellow Primer', 0, 0, '0000-00-00 00:00:00', NULL, 2, 2, 0),
(117, '117MC', 'NC TOB Foilwash GAF 004', 0, 0, '0000-00-00 00:00:00', NULL, 2, 2, 0),
(118, '118MC', 'NC TOB Foilwash GAF 008', 0, 0, '0000-00-00 00:00:00', NULL, 2, 2, 0),
(119, '119MC', 'NC TOB Foilwash Medium MJC', 0, 0, '0000-00-00 00:00:00', NULL, 2, 2, 0),
(120, '120MC', 'Orange Dye Toner', 0, 0, '0000-00-00 00:00:00', NULL, 2, 2, 0),
(121, '121MC', 'Yellow Dye Toner', 0, 0, '0000-00-00 00:00:00', NULL, 2, 2, 0),
(122, '122MC', 'Khorilon Orange 8209', 0, 0, '0000-00-00 00:00:00', NULL, 2, 2, 0),
(123, '123MC', 'Khorilon Yellow 8120', 0, 0, '0000-00-00 00:00:00', NULL, 2, 2, 0),
(124, '124MC', 'Bronzepowder P-5000 PG', 0, 0, '0000-00-00 00:00:00', NULL, 2, 2, 0),
(125, '125MC', 'Bronzepowder P-7000 RG', 0, 0, '0000-00-00 00:00:00', NULL, 2, 2, 0),
(126, '126MC', 'PRGG OPV', 0, 0, '0000-00-00 00:00:00', NULL, 2, 2, 0),
(127, '127MC', 'PRGG Red WR', 0, 0, '0000-00-00 00:00:00', NULL, 2, 2, 0),
(128, '128MC', 'PB 1000 + PB 195', 0, 0, '0000-00-00 00:00:00', NULL, 2, 2, 0),
(129, '129MC', 'PB 1000 + PB 195 + PB 000', 0, 0, '0000-00-00 00:00:00', NULL, 2, 2, 0),
(130, '130MC', 'PB 1000 + PB 195 + PB 2006', 0, 0, '0000-00-00 00:00:00', NULL, 2, 2, 0),
(131, '131MC', 'PB 2002 + PB 2006 + EMG 1050', 0, 0, '0000-00-00 00:00:00', NULL, 2, 2, 0),
(132, '132MC', 'PB 2003 + 9001', 0, 0, '0000-00-00 00:00:00', NULL, 2, 2, 0),
(133, '133MC', 'PB 2003 + 9001 + Khorilon', 0, 0, '0000-00-00 00:00:00', NULL, 2, 2, 0),
(134, '134MC', 'PB 2003 + Khorilon Yellow', 0, 0, '0000-00-00 00:00:00', NULL, 2, 2, 0),
(135, '135MC', 'PB 2005 + PB 335', 0, 0, '0000-00-00 00:00:00', NULL, 2, 2, 0),
(136, '136MC', 'PB 2006 + 3002/II', 0, 0, '0000-00-00 00:00:00', NULL, 2, 2, 0),
(137, '137MC', 'PB 2006 + EMG 1045', 0, 0, '0000-00-00 00:00:00', NULL, 2, 2, 0),
(138, '138MC', 'PB 2006 + PB 431', 0, 0, '0000-00-00 00:00:00', NULL, 2, 2, 0),
(139, '139MC', 'PB 3002 + PB 000 + EMG 1050', 0, 0, '0000-00-00 00:00:00', NULL, 2, 2, 0),
(140, '140MC', 'PB 3002 + PB 2003', 0, 0, '0000-00-00 00:00:00', NULL, 2, 2, 0),
(141, '141MC', 'PB 3002/II + CIH 4311', 0, 0, '0000-00-00 00:00:00', NULL, 2, 2, 0),
(142, '142MC', 'PB 3002/II + EMG 1050', 0, 0, '0000-00-00 00:00:00', NULL, 2, 2, 0),
(143, '143MC', 'PB 3002/II + PB 1000 + EMG 1050', 0, 0, '0000-00-00 00:00:00', NULL, 2, 2, 0),
(144, '144MC', 'PB 3002/II + PB 2002', 0, 0, '0000-00-00 00:00:00', NULL, 2, 2, 0),
(145, '145MC', 'PB 3007 + PB 2006', 0, 0, '0000-00-00 00:00:00', NULL, 2, 2, 0),
(146, '146MC', 'PB 334 + CIH 4311', 0, 0, '0000-00-00 00:00:00', NULL, 2, 2, 0),
(147, '147MC', 'PB 334 + PB 3002/II', 0, 0, '0000-00-00 00:00:00', NULL, 2, 2, 0),
(148, '148MC', 'PB 334 + PB 353', 0, 0, '0000-00-00 00:00:00', NULL, 2, 2, 0),
(149, '149MC', 'PB 334 + PB 353 + PB 49001', 0, 0, '0000-00-00 00:00:00', NULL, 2, 2, 0),
(150, '150MC', 'PB 334 + PB 431', 0, 0, '0000-00-00 00:00:00', NULL, 2, 2, 0),
(151, '151MC', 'PB 335 + EMG 1050', 0, 0, '0000-00-00 00:00:00', NULL, 2, 2, 0),
(152, '152MC', 'PB 335 + PB 000 + PB 2003', 0, 0, '0000-00-00 00:00:00', NULL, 2, 2, 0),
(153, '153MC', 'PB 335 + PB 353', 0, 0, '0000-00-00 00:00:00', '2018-05-09 14:05:55', 9, 2, 0),
(154, '154MC', 'PB 335 + PB 353 + PB 195', 0, 0, '0000-00-00 00:00:00', NULL, 2, 2, 0),
(155, '155MC', 'PB 431 + EMG 1050', 0, 0, '0000-00-00 00:00:00', NULL, 2, 2, 0),
(156, '156MC', 'PB 431 + PB 334 + PB 000', 0, 0, '0000-00-00 00:00:00', NULL, 2, 2, 0),
(157, '157MC', 'PB 431 + PB 429', 0, 0, '0000-00-00 00:00:00', NULL, 2, 2, 0),
(158, '158MC', 'PB 433 + PB 000', 0, 0, '0000-00-00 00:00:00', NULL, 2, 2, 0),
(159, '159MC', 'PB 433 + PB 2006 + PB 3007 + PB 000', 0, 0, '0000-00-00 00:00:00', NULL, 2, 2, 0),
(160, '160MC', 'PB 442 + PB 335', 0, 0, '0000-00-00 00:00:00', NULL, 2, 2, 0),
(161, '161MC', 'PB 464 + PB 000', 0, 0, '0000-00-00 00:00:00', NULL, 2, 2, 0),
(162, '162MC', 'PB 471 + PB 335', 0, 0, '0000-00-00 00:00:00', NULL, 2, 2, 0),
(163, '163MC', 'PB 9001 + PB 1000', 0, 0, '0000-00-00 00:00:00', NULL, 2, 2, 0),
(164, '164MC', 'PB 9001 + PB 333', 0, 0, '0000-00-00 00:00:00', NULL, 2, 2, 0),
(165, '165MC', 'VM 022 + EA', 0, 0, '0000-00-00 00:00:00', NULL, 2, 2, 0),
(166, '166MC', 'VM 022 + PB 000', 0, 0, '0000-00-00 00:00:00', NULL, 2, 2, 0),
(167, '167MC', 'CIH 4200 Hunter 512 Yellow Toner', 0, 0, '0000-00-00 00:00:00', NULL, 2, 2, 0),
(168, '168MC', 'CIH 4300 Hunter 1645 Red Toner', 0, 0, '0000-00-00 00:00:00', NULL, 2, 2, 0),
(169, '169MC', 'CIH 4303 Hunter Red Toner', 0, 0, '0000-00-00 00:00:00', NULL, 2, 2, 0),
(170, '170MC', 'CIH 4305 Hunter 1576 Red Toner', 0, 0, '0000-00-00 00:00:00', NULL, 2, 2, 0),
(171, '171MC', 'CIH 4501 Hunter 440 Blue Toner', 0, 0, '0000-00-00 00:00:00', NULL, 2, 2, 0),
(172, '172MC', 'CIH 4601 Hunter 1526 Green Toner', 0, 0, '0000-00-00 00:00:00', NULL, 2, 2, 0),
(173, '173MC', 'CIS 0008 Special Alpha Medium ', 0, 0, '0000-00-00 00:00:00', NULL, 2, 2, 0),
(174, '174MC', 'CIS 0049 Special 206 Additive', 0, 0, '0000-00-00 00:00:00', NULL, 2, 2, 0),
(175, '175MC', 'CIS 1077 Special Coating MJC White', 0, 0, '0000-00-00 00:00:00', NULL, 2, 2, 0),
(176, '176MC', 'CIS 4302 Special orange toner', 0, 0, '0000-00-00 00:00:00', NULL, 2, 2, 0),
(177, '177MC', 'CIS 9022 Special Inner Foil (G001, G008, G009, G0010) Gold', 0, 0, '0000-00-00 00:00:00', NULL, 2, 2, 0),
(178, '178MC', 'DN Medium', 0, 0, '0000-00-00 00:00:00', NULL, 2, 2, 0),
(179, '179MC', 'Gloss Medium', 0, 0, '0000-00-00 00:00:00', NULL, 2, 2, 0),
(180, '180MC', 'Gloss Medium 02A', 0, 0, '0000-00-00 00:00:00', NULL, 2, 2, 0),
(181, '181MC', 'NC Masterbatch Black MB95', 0, 0, '0000-00-00 00:00:00', NULL, 2, 2, 0),
(182, '182MC', 'NC Masterbatch Deep Red MB46', 0, 0, '0000-00-00 00:00:00', NULL, 2, 2, 0),
(183, '183MC', 'NC Red Toner', 0, 0, '0000-00-00 00:00:00', NULL, 2, 2, 0),
(184, '184MC', 'NC TOB Gloss Medium P 01', 0, 0, '0000-00-00 00:00:00', NULL, 2, 2, 0),
(185, '185MC', 'NC TOB IL Light Red MJ', 0, 0, '0000-00-00 00:00:00', NULL, 2, 2, 0),
(186, '186MC', 'NC TOB IL Red Marron MJ', 0, 0, '0000-00-00 00:00:00', NULL, 2, 2, 0),
(187, '187MC', 'NC TOB Primer MJ', 0, 0, '0000-00-00 00:00:00', NULL, 2, 2, 0),
(188, '188MC', 'NC TOB Red Tipping MJ', 0, 0, '0000-00-00 00:00:00', NULL, 2, 2, 0),
(189, '189MC', 'NC TOB Tipping Black MJ', 0, 0, '0000-00-00 00:00:00', NULL, 2, 2, 0),
(190, '190MC', 'NC TOB Tipping Brown MJ', 0, 0, '0000-00-00 00:00:00', NULL, 2, 2, 0),
(191, '191MC', 'NC Yellow Toner', 0, 0, '0000-00-00 00:00:00', NULL, 2, 2, 0),
(192, '192MC', 'Orange Dye Toner', 0, 0, '0000-00-00 00:00:00', NULL, 2, 2, 0),
(193, '193MC', 'PA 1487', 0, 0, '0000-00-00 00:00:00', NULL, 2, 2, 0),
(194, '194MC', 'PA 1708', 0, 0, '0000-00-00 00:00:00', NULL, 2, 2, 0),
(195, '195MC', 'PB 0001 Corktipping Medium', 0, 0, '0000-00-00 00:00:00', NULL, 2, 2, 0),
(196, '196MC', 'PB 0020 Corktipping Coating Medium', 0, 0, '0000-00-00 00:00:00', NULL, 2, 2, 0),
(197, '197MC', 'PB 007 Corktipping Coating Medium', 0, 0, '0000-00-00 00:00:00', NULL, 2, 2, 0),
(198, '198MC', 'PB 2001 Corktipiing Metalize Yellow', 0, 0, '0000-00-00 00:00:00', NULL, 2, 2, 0),
(199, '199MC', 'PB 2005 Corktipping GG TR Yellow', 0, 0, '0000-00-00 00:00:00', NULL, 2, 2, 0),
(200, '200MC', 'PB 3006', 0, 0, '0000-00-00 00:00:00', NULL, 2, 2, 0),
(201, '201MC', 'PB 3022 Corktipping Dunhill Red', 0, 0, '0000-00-00 00:00:00', NULL, 2, 2, 0),
(202, '202MC', 'PB 465 Corktipping TC 5611 Grey', 0, 0, '0000-00-00 00:00:00', NULL, 2, 2, 0),
(203, '203MC', 'PB 483 Corktipping Pearl', 0, 0, '0000-00-00 00:00:00', NULL, 2, 2, 0),
(204, '204MC', 'PB 6002 Corktipping Pine Kretek Green', 0, 0, '0000-00-00 00:00:00', NULL, 2, 2, 0),
(205, '205MC', 'PB 7002 Corktipping Neslite Black', 0, 0, '0000-00-00 00:00:00', NULL, 2, 2, 0),
(206, '206MC', 'SM 206', 0, 0, '0000-00-00 00:00:00', NULL, 2, 2, 0),
(207, '207MC', 'TM Medium', 0, 0, '0000-00-00 00:00:00', NULL, 2, 2, 0),
(208, '208MC', 'TNC Medium ', 0, 0, '0000-00-00 00:00:00', NULL, 2, 2, 0),
(209, '209MC', 'UTG 0044', 0, 0, '0000-00-00 00:00:00', NULL, 2, 2, 0),
(210, '210MC', 'UTG 0055 Alpha Inner Foil Berry Pop Medium', 0, 0, '0000-00-00 00:00:00', NULL, 2, 2, 0),
(211, '211MC', 'UTG 4200 Alpha 1644 Yellow Toner', 0, 0, '0000-00-00 00:00:00', NULL, 2, 2, 0),
(212, '212MC', 'UTG 4305 Alpha 1487 Geranium Toner', 0, 0, '0000-00-00 00:00:00', NULL, 2, 2, 0),
(213, '213MC', 'UTG 4502A 1706 Blue Toner', 0, 0, '0000-00-00 00:00:00', NULL, 2, 2, 0),
(214, '214MC', 'UTG 4600 Alpha 1305 Green Toner', 0, 0, '0000-00-00 00:00:00', NULL, 2, 2, 0),
(215, '215MC', 'UTG 4700 Alpha 27 Black Toner', 0, 0, '0000-00-00 00:00:00', NULL, 2, 2, 0),
(216, '216MC', 'UTG 5389 Alpha Inner Foil B001 Blue', 0, 0, '0000-00-00 00:00:00', NULL, 2, 2, 0),
(217, '217MC', 'VG 1378 Additive 1185 Varnish', 0, 0, '0000-00-00 00:00:00', NULL, 2, 2, 0),
(218, '218MC', 'VM 930', 0, 0, '0000-00-00 00:00:00', NULL, 2, 2, 0),
(219, '219MC', 'VM 930', 0, 0, '0000-00-00 00:00:00', NULL, 2, 2, 0),
(220, '220MC', 'VS White 110 HM Toner', 0, 0, '0000-00-00 00:00:00', NULL, 2, 2, 0),
(221, '221MC', 'Yellow 20 Dye Toner', 0, 0, '0000-00-00 00:00:00', NULL, 2, 2, 0),
(222, '222MC', 'Yellow Dye Toner', 0, 0, '0000-00-00 00:00:00', NULL, 2, 2, 0),
(223, '223MC', 'Toluene ', 0, 0, '0000-00-00 00:00:00', NULL, 3, 2, 0),
(224, '224MC', 'Thinner MJC ', 0, 0, '0000-00-00 00:00:00', NULL, 3, 2, 1),
(225, '225MC', 'Ethyl Acetate', 0, 0, '0000-00-00 00:00:00', NULL, 3, 2, 0),
(226, '226MC', 'Isopropyl Alcohol', 0, 0, '0000-00-00 00:00:00', NULL, 3, 2, 0),
(227, '227MC', 'Toluene ', 0, 0, '0000-00-00 00:00:00', NULL, 3, 2, 0),
(228, '228MC', 'Thinner MJC ', 0, 0, '0000-00-00 00:00:00', NULL, 3, 2, 1),
(229, '229MC', 'Ethyl Acetate', 0, 0, '0000-00-00 00:00:00', NULL, 3, 2, 0),
(230, '230MC', 'Isopropyl Alcohol', 0, 0, '0000-00-00 00:00:00', NULL, 3, 2, 0),
(231, '231MC', 'Alkohol Absolut ', 50, 156, '0000-00-00 00:00:00', '2018-05-19 08:05:24', 3, 2, 0),
(232, '232MC', 'Propylene Glycol', 0, 0, '0000-00-00 00:00:00', NULL, 3, 2, 0),
(233, '233MC', 'Normal Prophyl Acetate ', 0, 0, '0000-00-00 00:00:00', NULL, 3, 2, 0),
(234, '234MC', '1 : 1 ( ABS : EA )', 0, 0, '0000-00-00 00:00:00', NULL, 3, 2, 0),
(235, '235MC', '3 : 7 ( IPA : EA )', 0, 0, '0000-00-00 00:00:00', NULL, 3, 2, 0),
(236, '236MC', '3 : 7 ( EA : IPA )', 0, 0, '0000-00-00 00:00:00', NULL, 3, 2, 0),
(237, '237MC', '7 : 3 ( ABS : EA )', 0, 0, '0000-00-00 00:00:00', NULL, 3, 2, 0),
(238, '238MC', '7 : 3 ( NPAC : EA )', 0, 0, '0000-00-00 00:00:00', NULL, 3, 2, 0),
(239, '239MC', '8 : 2 ( NPAC : EA )', 0, 0, '0000-00-00 00:00:00', NULL, 3, 2, 0),
(240, '240MC', '5 : 5 ( NPAC : EA )', 0, 0, '0000-00-00 00:00:00', NULL, 3, 2, 0),
(241, '241MC', 'Paper Core 152.4 x 9 x 1050 mm', 0, 0, '0000-00-00 00:00:00', NULL, 4, 3, 0),
(242, '242MC', 'Paper Core 58 x 8.5 x 111 mm', 0, 0, '0000-00-00 00:00:00', NULL, 4, 3, 0),
(243, '243MC', 'Paper Core 58 x 8.5 x 68 mm', 0, 0, '0000-00-00 00:00:00', NULL, 4, 3, 0),
(244, '244MC', 'Paper Core 58 x 8.5 x 70 mm', 0, 0, '0000-00-00 00:00:00', NULL, 4, 3, 0),
(245, '245MC', 'Paper Core 58 x 8.5 x 76 mm', 0, 0, '0000-00-00 00:00:00', NULL, 4, 3, 0),
(246, '246MC', 'Paper Core 58 x 8.5 x 82 mm', 0, 0, '0000-00-00 00:00:00', NULL, 4, 3, 0),
(247, '247MC', 'Paper Core 58 x 8.5 x 84 mm', 0, 0, '0000-00-00 00:00:00', NULL, 4, 3, 0),
(248, '248MC', 'Paper Core 58 x 8.5 x 86 mm', 0, 0, '0000-00-00 00:00:00', NULL, 4, 3, 0),
(249, '249MC', 'Paper Core 58 x 8.5 x 88 mm', 0, 0, '0000-00-00 00:00:00', NULL, 4, 3, 0),
(250, '250MC', 'Paper Core 67 x 9 x 2400 mm', 0, 0, '0000-00-00 00:00:00', NULL, 4, 3, 0),
(251, '251MC', 'Paper Core 67 x 9 x 37 mm', 0, 0, '0000-00-00 00:00:00', NULL, 4, 3, 0),
(252, '252MC', 'Paper Core 67 x 9 x 38 mm', 0, 0, '0000-00-00 00:00:00', NULL, 4, 3, 0),
(253, '253MC', 'Paper Core 67 x 9 x 45 mm', 0, 0, '0000-00-00 00:00:00', NULL, 4, 3, 0),
(254, '254MC', 'Paper Core 67 x 9 x 50 mm', 0, 0, '0000-00-00 00:00:00', NULL, 4, 3, 0),
(255, '255MC', 'Paper Core 67 x 9 x 54 mm', 0, 0, '0000-00-00 00:00:00', NULL, 4, 3, 0),
(256, '256MC', 'Paper Core 67 x 9 x 58 mm', 0, 0, '0000-00-00 00:00:00', NULL, 4, 3, 0),
(257, '257MC', 'Paper Core 67 x 9 x 60 mm', 0, 0, '0000-00-00 00:00:00', NULL, 4, 3, 0),
(258, '258MC', 'Paper Core 67 x 9 x 64 mm', 0, 0, '0000-00-00 00:00:00', NULL, 4, 3, 0),
(259, '259MC', 'Paper Core 67 x 9 x 68 mm', 0, 0, '0000-00-00 00:00:00', NULL, 4, 3, 0),
(260, '260MC', 'Paper Core 120 x 4,5 x 22,5 ( untuk Ambri )', 0, 0, '0000-00-00 00:00:00', NULL, 4, 3, 0),
(261, '261MC', 'Paper Core 120 x 5 x 26,5 ', 0, 0, '0000-00-00 00:00:00', NULL, 4, 3, 0),
(262, '262MC', 'Paper Core 120 x 5 x 26,8 ', 0, 0, '0000-00-00 00:00:00', NULL, 4, 3, 0),
(263, '263MC', 'Paper Core 120 x 5 x 27 ', 0, 0, '0000-00-00 00:00:00', NULL, 4, 3, 0),
(264, '264MC', 'Paper Core 120 x 5 x 54 ', 0, 0, '0000-00-00 00:00:00', NULL, 4, 3, 0),
(265, '265MC', 'Paper Core 152 x 1,5 x 1200', 0, 0, '0000-00-00 00:00:00', NULL, 4, 3, 0),
(266, '266MC', 'Paper Core 152,4 x 1,5 x 1000', 0, 0, '0000-00-00 00:00:00', NULL, 4, 3, 0),
(267, '267MC', 'Paper Core 50 x 65.5 Putih', 0, 0, '0000-00-00 00:00:00', NULL, 4, 3, 0),
(268, '268MC', 'Paper Core 54 x 66 Merah', 0, 0, '0000-00-00 00:00:00', NULL, 4, 3, 0),
(269, '269MC', 'Paper Core 58 x 8.5 x 1.008 mm', 0, 0, '0000-00-00 00:00:00', NULL, 4, 3, 0),
(270, '270MC', 'Paper Core 58 x 8.5 x 1.040 mm', 0, 0, '0000-00-00 00:00:00', NULL, 4, 3, 0),
(271, '271MC', 'Paper Core 58 x 8.5 x 1.050 mm', 0, 0, '0000-00-00 00:00:00', NULL, 4, 3, 0),
(272, '272MC', 'Paper Core 58 x 8.5 x 1.056 mm', 0, 0, '0000-00-00 00:00:00', NULL, 4, 3, 0),
(273, '273MC', 'Paper Core 58 x 8.5 x 1.064 mm', 0, 0, '0000-00-00 00:00:00', NULL, 4, 3, 0),
(274, '274MC', 'Paper Core 58 x 8.5 x 2.000 mm', 0, 0, '0000-00-00 00:00:00', NULL, 4, 3, 0),
(275, '275MC', 'Paper Core 58 x 8.5 x 2000', 0, 0, '0000-00-00 00:00:00', NULL, 4, 3, 0),
(276, '276MC', 'Paper Core 67 x 9 x 1.020 mm', 0, 0, '0000-00-00 00:00:00', NULL, 4, 3, 0),
(277, '277MC', 'Paper Core 67 x 9 x 1.024 mm', 0, 0, '0000-00-00 00:00:00', NULL, 4, 3, 0),
(278, '278MC', 'Paper Core 67 x 9 x 1.026 mm', 0, 0, '0000-00-00 00:00:00', NULL, 4, 3, 0),
(279, '279MC', 'Paper Core 67 x 9 x 1.035 mm', 0, 0, '0000-00-00 00:00:00', NULL, 4, 3, 0),
(280, '280MC', 'Paper Core 67 x 9 x 1.036 mm', 0, 0, '0000-00-00 00:00:00', NULL, 4, 3, 0),
(281, '281MC', 'Paper Core 67 x 9 x 1.040 mm', 0, 0, '0000-00-00 00:00:00', NULL, 4, 3, 0),
(282, '282MC', 'Paper Core 67 x 9 x 2.000 mm', 0, 0, '0000-00-00 00:00:00', NULL, 4, 3, 0),
(283, '283MC', 'Paper Core 67 x 9 x 2000', 0, 0, '0000-00-00 00:00:00', NULL, 4, 3, 0),
(284, '284MC', 'Paper Core 67 x 9 x 70 mm', 0, 0, '0000-00-00 00:00:00', NULL, 4, 3, 0),
(285, '285MC', 'Paper Core 76,2 x 1,5 x 1200', 0, 0, '0000-00-00 00:00:00', NULL, 4, 3, 0),
(286, '286MC', 'Superseal 468', 0, 0, '0000-00-00 00:00:00', NULL, 5, 2, 0),
(287, '287MC', 'Sacharine', 0, 0, '0000-00-00 00:00:00', NULL, 5, 2, 0),
(288, '288MC', 'Sodium Cyclamat', 0, 0, '0000-00-00 00:00:00', NULL, 5, 2, 0),
(289, '289MC', 'Sacharine', 0, 0, '0000-00-00 00:00:00', NULL, 5, 2, 1),
(290, '290MC', 'Sacharine', 0, 0, '0000-00-00 00:00:00', NULL, 5, 2, 1),
(291, '291MC', 'Gula Donat ( Danskrin )', 0, 0, '0000-00-00 00:00:00', NULL, 5, 2, 0),
(292, '292MC', 'Acesulfame', 500, 0, '0000-00-00 00:00:00', '2018-05-09 14:05:47', 5, 2, 0),
(293, '293MC', 'Pemanis 1', 0, 0, '0000-00-00 00:00:00', NULL, 5, 2, 0),
(294, '294MC', 'Pemanis 2', 0, 0, '0000-00-00 00:00:00', NULL, 5, 2, 0),
(295, '295MC', 'Pemanis 3', 0, 0, '0000-00-00 00:00:00', NULL, 5, 2, 0),
(296, '296MC', 'Pemanis 4', 0, 0, '0000-00-00 00:00:00', NULL, 5, 2, 0),
(297, '297MC', 'Pemanis 5', 0, 0, '0000-00-00 00:00:00', NULL, 5, 2, 0),
(298, '298MC', 'Pemanis 6', 0, 0, '0000-00-00 00:00:00', NULL, 5, 2, 0),
(299, '299MC', 'Pemanis 7', 0, 0, '0000-00-00 00:00:00', NULL, 5, 2, 0),
(300, '300MC', 'Pemanis 8', 0, 0, '0000-00-00 00:00:00', NULL, 5, 2, 0),
(301, '301MC', 'Pemanis 9', 0, 0, '0000-00-00 00:00:00', NULL, 5, 2, 0),
(302, '302MC', 'Pemanis Gudang Baru Berkah', 0, 0, '0000-00-00 00:00:00', NULL, 5, 2, 0),
(303, '303MC', 'Thalin', 0, 0, '0000-00-00 00:00:00', NULL, 5, 2, 0),
(304, '304MC', 'Citric Acid', 0, 0, '0000-00-00 00:00:00', NULL, 5, 2, 0),
(305, '305MC', 'Sucralose', 0, 0, '0000-00-00 00:00:00', NULL, 5, 2, 0),
(306, '306MC', 'Pemanis PR Surya Eka Putra', 0, 0, '0000-00-00 00:00:00', NULL, 5, 2, 0),
(307, '307MC', 'Solar', 0, 0, '0000-00-00 00:00:00', NULL, 6, 4, 0),
(308, '308MC', 'Lakban Tranparan uk : 48 mm', 0, 0, '0000-00-00 00:00:00', NULL, 7, 3, 0),
(309, '309MC', 'Lakban Coklat uk : 72 mm', 0, 0, '0000-00-00 00:00:00', NULL, 7, 3, 0),
(310, '310MC', 'Lakban Coklat uk : 48 mm', 0, 0, '0000-00-00 00:00:00', NULL, 7, 3, 0),
(311, '311MC', 'Box Logo Besar Pakerin uk : 410 x 410 x 420 ', 0, 0, '0000-00-00 00:00:00', NULL, 7, 3, 0),
(312, '312MC', 'Box Non Logo Besar Non Pakerin uk : 410 x 410 x 420 ', 0, 0, '0000-00-00 00:00:00', NULL, 7, 3, 0),
(313, '313MC', 'Box Logo Kecil Pakerin uk : 310 x 310 x 420', 0, 0, '0000-00-00 00:00:00', NULL, 7, 3, 0),
(314, '314MC', 'Doctor blade uk : 0.2 x 55 x 100 ( m )', 0, 0, '0000-00-00 00:00:00', NULL, 7, 1, 0),
(315, '315MC', 'Doctor blade uk : 0.15 x 50 x 100 ( m )', 0, 0, '0000-00-00 00:00:00', NULL, 7, 1, 0),
(316, '316MC', 'Isolasi', 0, 0, '0000-00-00 00:00:00', NULL, 7, 3, 0),
(317, '317MC', 'Double Tape Putih', 0, 0, '0000-00-00 00:00:00', NULL, 7, 3, 0),
(318, '318MC', 'Double Tape Merah', 0, 0, '0000-00-00 00:00:00', NULL, 7, 3, 0),
(319, '319MC', 'Roll PE 50 x 50', 0, 0, '0000-00-00 00:00:00', NULL, 7, 3, 0),
(320, '320MC', 'Roll PE 80 x 25', 0, 0, '0000-00-00 00:00:00', NULL, 7, 3, 0),
(321, NULL, 'kertas p', 0, 200000, '2018-04-04 12:04:03', NULL, 1, 1, 0),
(322, NULL, 'PB P', 0, 50000, '2018-05-09 10:05:36', '2018-05-09 10:05:26', 2, 2, 0),
(323, NULL, 'PB 5009', 0, 150, '2018-05-09 12:05:41', NULL, 2, 2, 0),
(324, '999MC', 'Thinner MJC', 0, 10, '2018-05-09 12:05:46', '2018-05-09 14:05:35', 3, 2, 0),
(326, NULL, 'PB 7017 Tap', 30, 0, '2018-05-09 14:05:07', '2018-05-09 14:05:34', 9, 2, 0),
(327, NULL, 'Masker Hijau', 0, 1, '2018-05-19 08:05:50', NULL, 12, 6, 0),
(328, NULL, 'Majun', 0, 0, '2018-05-19 09:05:19', NULL, 12, 2, 0),
(329, NULL, 'EA', 0, 100, '2018-06-07 09:06:34', NULL, 3, 2, 0),
(330, NULL, 'EA', 0, 100, '2018-06-07 09:06:49', NULL, 3, 2, 0),
(331, NULL, 'NPAC', 0, 100, '2018-06-07 09:06:58', NULL, 3, 2, 0);

-- --------------------------------------------------------

--
-- Table structure for table `material_categories`
--

CREATE TABLE `material_categories` (
  `id` int(10) UNSIGNED NOT NULL,
  `name` varchar(255) NOT NULL,
  `parent_id` int(10) UNSIGNED DEFAULT '0',
  `created_at` datetime NOT NULL,
  `updated_at` datetime DEFAULT NULL,
  `deleted` tinyint(4) DEFAULT '0'
) ENGINE=InnoDB DEFAULT CHARSET=utf8;

--
-- Dumping data for table `material_categories`
--

INSERT INTO `material_categories` (`id`, `name`, `parent_id`, `created_at`, `updated_at`, `deleted`) VALUES
(1, 'Kertas', 0, '0000-00-00 00:00:00', '0000-00-00 00:00:00', 0),
(2, 'Tinta', 0, '0000-00-00 00:00:00', '0000-00-00 00:00:00', 0),
(3, 'Solvent / Alkohol', 0, '0000-00-00 00:00:00', '0000-00-00 00:00:00', 0),
(4, 'Core', 0, '0000-00-00 00:00:00', '0000-00-00 00:00:00', 0),
(5, 'Pemanis', 0, '0000-00-00 00:00:00', '0000-00-00 00:00:00', 0),
(6, 'Solar', 0, '0000-00-00 00:00:00', '0000-00-00 00:00:00', 0),
(7, 'Pembantu', 0, '0000-00-00 00:00:00', '0000-00-00 00:00:00', 0),
(8, 'Lem', 0, '0000-00-00 00:00:00', '0000-00-00 00:00:00', 0),
(9, 'Tinta Tap', 0, '0000-00-00 00:00:00', NULL, 0),
(10, 'Core Tap', 0, '0000-00-00 00:00:00', NULL, 0),
(11, 'Pemanis Tap', 0, '0000-00-00 00:00:00', NULL, 0),
(12, 'Pemakaian Bahan Lain-lain', 0, '0000-00-00 00:00:00', NULL, 0);

-- --------------------------------------------------------

--
-- Table structure for table `material_cost`
--

CREATE TABLE `material_cost` (
  `id` int(11) NOT NULL,
  `materials_id` int(11) NOT NULL,
  `price` int(100) NOT NULL,
  `hpp_id` int(10) NOT NULL
) ENGINE=InnoDB DEFAULT CHARSET=utf8;

--
-- Dumping data for table `material_cost`
--

INSERT INTO `material_cost` (`id`, `materials_id`, `price`, `hpp_id`) VALUES
(19, 1, 10000, 26),
(20, 1, 10000, 27),
(33, 20, 9967, 29),
(34, 47, 30000, 29),
(35, 56, 9500, 29),
(36, 115, 30000, 29),
(37, 51, 10000, 29),
(38, 114, 40000, 29),
(39, 86, 50000, 29),
(40, 54, 20000, 29),
(41, 329, 19500, 29),
(42, 324, 22692, 29),
(43, 331, 9950, 29),
(44, 253, 9921, 29);

-- --------------------------------------------------------

--
-- Table structure for table `material_inventory`
--

CREATE TABLE `material_inventory` (
  `id` int(10) UNSIGNED NOT NULL,
  `date` datetime DEFAULT NULL,
  `type` varchar(5) DEFAULT NULL,
  `receive_details_id` int(10) UNSIGNED DEFAULT NULL,
  `p_return_details_id` int(10) UNSIGNED DEFAULT NULL,
  `qty` float DEFAULT '0',
  `materials_id` int(10) UNSIGNED NOT NULL,
  `adjustment` int(10) UNSIGNED DEFAULT NULL,
  `material_usages_detail_id` int(10) UNSIGNED DEFAULT NULL
) ENGINE=InnoDB DEFAULT CHARSET=utf8;

--
-- Dumping data for table `material_inventory`
--

INSERT INTO `material_inventory` (`id`, `date`, `type`, `receive_details_id`, `p_return_details_id`, `qty`, `materials_id`, `adjustment`, `material_usages_detail_id`) VALUES
(1, '2018-04-04 08:04:05', 'out', NULL, NULL, 1, 1, NULL, 1),
(2, '2018-04-04 20:04:40', 'in', 1, NULL, 100, 1, NULL, NULL),
(3, '2018-05-07 21:05:09', 'in', 2, NULL, 100, 1, NULL, NULL),
(4, '2018-05-07 22:05:54', 'in', 3, NULL, 100, 1, NULL, NULL),
(5, '2018-05-07 10:05:58', 'out', NULL, NULL, 389, 1, NULL, 2),
(6, '2018-05-15 00:00:00', 'In', NULL, NULL, 100, 1, 1, NULL),
(7, '2018-05-02 00:00:00', 'In', NULL, NULL, 12, 1, 1, NULL),
(8, '2018-05-09 11:05:42', 'in', 4, NULL, 25, 322, NULL, NULL),
(9, '2018-05-09 11:05:14', 'in', 5, NULL, 25, 322, NULL, NULL),
(10, '2018-05-09 11:05:34', 'in', 6, NULL, 100, 322, NULL, NULL),
(11, '2018-05-09 11:05:48', 'in', 7, NULL, 49975, 322, NULL, NULL),
(12, '2018-05-09 12:05:17', 'out', NULL, NULL, 50, 23, NULL, 3),
(13, '2018-05-09 12:05:00', 'in', 8, NULL, 24000, 16, NULL, NULL),
(14, '2018-05-09 13:05:17', 'in', 9, NULL, 45, 323, NULL, NULL),
(15, '2018-05-09 13:05:47', 'in', 10, NULL, 105, 60, NULL, NULL),
(16, '2018-05-09 13:05:03', 'in', 11, NULL, 150, 80, NULL, NULL),
(17, '2018-05-09 13:05:21', 'in', 12, NULL, 400, 324, NULL, NULL),
(18, '2018-05-09 12:05:29', 'in', 13, NULL, 45, 323, NULL, NULL),
(19, '2018-05-09 12:05:04', 'in', 14, NULL, 150, 60, NULL, NULL),
(20, '2018-05-09 12:05:04', 'in', 15, NULL, 150, 80, NULL, NULL),
(21, '2018-05-09 13:05:53', 'in', 16, NULL, 300, 231, NULL, NULL),
(22, '2018-05-09 13:05:19', 'in', 17, NULL, 50, 287, NULL, NULL),
(23, '2018-05-09 13:05:42', 'in', 18, NULL, 500, 257, NULL, NULL),
(24, '2018-05-09 01:05:51', 'out', NULL, NULL, 12160, 16, NULL, 4),
(25, '2018-05-31 00:00:00', 'Out', NULL, NULL, 40, 16, 1, NULL),
(26, '2018-05-09 02:05:25', 'out', NULL, NULL, 121, 324, NULL, 5),
(27, '2018-05-07 00:00:00', 'in', NULL, NULL, 100, 153, NULL, 1),
(28, '2018-05-09 02:05:55', 'out', NULL, NULL, 34.7, 153, NULL, 6),
(30, '2018-05-09 02:05:58', 'out', NULL, NULL, 20, 231, NULL, 8),
(31, '2018-05-09 02:05:15', 'out', NULL, NULL, 3, 287, NULL, 9),
(32, '2018-05-09 02:05:50', 'out', NULL, NULL, 1.5, 292, NULL, 10),
(33, '2018-05-09 02:05:29', 'out', NULL, NULL, 64, 257, NULL, 11),
(34, '2018-05-09 02:05:25', 'in', NULL, NULL, 65, 324, NULL, 5),
(35, '2018-05-09 02:05:57', 'in', NULL, NULL, 38.4, 153, NULL, 6),
(37, '2018-05-09 02:05:38', 'out', NULL, NULL, 29.5, 326, NULL, 12),
(38, '2018-05-09 02:05:10', 'in', NULL, NULL, 29.6, 326, NULL, 12),
(39, '2018-05-19 09:05:43', 'in', 19, NULL, 5, 231, NULL, NULL),
(40, '2018-06-07 04:06:41', 'out', NULL, NULL, 1, 1, NULL, 13),
(41, '2018-06-07 05:06:41', 'in', NULL, NULL, 15, 1, NULL, 13),
(42, '2018-06-07 05:06:18', 'in', NULL, NULL, 0, 1, NULL, 2),
(43, '2018-06-07 06:06:36', 'in', NULL, NULL, 1, 1, NULL, 1),
(44, '2018-06-07 06:06:24', 'out', NULL, NULL, 1, 1, NULL, 14),
(45, '2018-06-07 10:06:29', 'in', 20, NULL, 120, 324, NULL, NULL),
(46, '2018-06-07 10:06:48', 'in', 21, NULL, 200, 331, NULL, NULL),
(47, '2018-06-07 10:06:15', 'in', 22, NULL, 100, 329, NULL, NULL),
(48, '2018-06-07 10:06:39', 'in', 23, NULL, 61000, 20, NULL, NULL),
(49, '2018-06-07 10:06:54', 'in', 24, NULL, 100, 56, NULL, NULL),
(50, '2018-06-07 10:06:39', 'in', 25, NULL, 50, 51, NULL, NULL),
(51, '2018-06-07 10:06:39', 'in', 26, NULL, 100, 86, NULL, NULL),
(52, '2018-06-07 10:06:39', 'in', 27, NULL, 50, 54, NULL, NULL),
(53, '2018-06-07 10:06:39', 'in', 28, NULL, 100, 47, NULL, NULL),
(54, '2018-06-07 10:06:39', 'in', 29, NULL, 100, 115, NULL, NULL),
(55, '2018-06-07 10:06:39', 'in', 30, NULL, 200, 114, NULL, NULL),
(56, '2018-06-07 10:06:50', 'in', 31, NULL, 200, 253, NULL, NULL),
(57, '2018-06-07 10:06:37', 'in', 32, NULL, 54, 253, NULL, NULL),
(58, '2018-06-07 10:06:01', 'out', NULL, NULL, 36000, 20, NULL, 15),
(59, '2018-06-07 10:06:58', 'out', NULL, NULL, 90, 56, NULL, 16),
(60, '2018-06-07 10:06:25', 'out', NULL, NULL, 33.2, 51, NULL, 17),
(61, '2018-06-07 10:06:39', 'out', NULL, NULL, 33.1, 86, NULL, 18),
(62, '2018-06-07 10:06:51', 'out', NULL, NULL, 17.7, 54, NULL, 19),
(63, '2018-06-07 10:06:02', 'out', NULL, NULL, 18.9, 47, NULL, 20),
(64, '2018-06-07 10:06:12', 'out', NULL, NULL, 60, 115, NULL, 21),
(65, '2018-06-07 10:06:20', 'out', NULL, NULL, 105, 114, NULL, 22),
(66, '2018-06-07 11:06:22', 'out', NULL, NULL, 150, 331, NULL, 23),
(67, '2018-06-07 11:06:31', 'out', NULL, NULL, 30, 329, NULL, 24),
(68, '2018-06-07 11:06:07', 'out', NULL, NULL, 162, 253, NULL, 25),
(69, '2018-06-07 11:06:41', 'out', NULL, NULL, 119, 324, NULL, 26),
(70, '2018-07-07 10:07:43', 'in', 33, NULL, 36000, 16, NULL, NULL),
(71, '2018-07-07 10:07:13', 'in', 34, NULL, 250, 56, NULL, NULL),
(72, '2018-07-07 10:07:59', 'in', 35, NULL, 50, 56, NULL, NULL);

-- --------------------------------------------------------

--
-- Stand-in structure for view `material_stock`
--
CREATE TABLE `material_stock` (
`id` int(10) unsigned
,`name` varchar(255)
,`total` double
);

-- --------------------------------------------------------

--
-- Table structure for table `material_usages`
--

CREATE TABLE `material_usages` (
  `id` int(10) UNSIGNED NOT NULL,
  `date` datetime DEFAULT NULL,
  `material` tinyint(4) NOT NULL,
  `code_pick` varchar(45) DEFAULT NULL,
  `code_return` varchar(45) DEFAULT NULL,
  `created_at` datetime DEFAULT NULL,
  `created_by` varchar(45) DEFAULT NULL,
  `updated_at` datetime DEFAULT NULL,
  `updated_by` varchar(45) DEFAULT NULL,
  `work_orders_id` int(10) UNSIGNED NOT NULL,
  `machine_id` int(10) UNSIGNED DEFAULT NULL,
  `usage_categories_id` int(10) UNSIGNED DEFAULT NULL,
  `products_id` int(10) UNSIGNED NOT NULL,
  `deleted` tinyint(4) DEFAULT '0'
) ENGINE=InnoDB DEFAULT CHARSET=utf8;

--
-- Dumping data for table `material_usages`
--

INSERT INTO `material_usages` (`id`, `date`, `material`, `code_pick`, `code_return`, `created_at`, `created_by`, `updated_at`, `updated_by`, `work_orders_id`, `machine_id`, `usage_categories_id`, `products_id`, `deleted`) VALUES
(1, '2018-04-20 00:00:00', 1, '00000001', 'RM/KTS/0000001', '2018-04-04 20:04:46', 'Admin Megahjaya', NULL, NULL, 1, 1, 1, 1, 0),
(2, '2018-05-24 00:00:00', 1, '00000002', NULL, '2018-05-07 22:05:19', 'Admin Megahjaya', NULL, NULL, 1, 1, 1, 1, 0),
(3, '2018-05-12 00:00:00', 1, '', NULL, '2018-05-07 22:05:05', 'Admin Megahjaya', NULL, NULL, 1, 1, 1, 1, 0),
(4, '2018-05-25 00:00:00', 0, '00000003', NULL, '2018-05-07 23:05:30', 'Admin Megahjaya', NULL, NULL, 1, NULL, NULL, 1, 0),
(5, '2018-05-09 00:00:00', 1, 'PM/KTS/0000001', NULL, '2018-05-09 11:05:01', 'Admin Megahjaya', NULL, NULL, 6, 1, 1, 1, 0),
(6, '2018-05-10 00:00:00', 1, 'PM/KTS/0000002', NULL, '2018-05-09 13:05:50', 'Admin Megahjaya', NULL, NULL, 7, 1, 1, 567, 0),
(7, '2018-05-09 00:00:00', 1, 'PM/P/0000001', NULL, '2018-05-09 14:05:44', 'Admin Megahjaya', NULL, NULL, 7, 1, 8, 567, 0),
(8, '2018-05-09 00:00:00', 1, 'PM/CK/0000001', NULL, '2018-05-09 14:05:15', 'Admin Megahjaya', NULL, NULL, 7, 1, 6, 567, 0),
(9, '2018-06-14 00:00:00', 1, 'PM/KTS/0000003', 'RM/KTS/0000001', '2018-06-07 04:06:29', 'Admin Megahjaya', NULL, NULL, 1, 1, 1, 1, 0),
(11, '2018-06-14 00:00:00', 0, 'PNM/0000001', 'RNM/0000001', '2018-06-07 05:06:36', 'Admin Megahjaya', NULL, NULL, 1, NULL, NULL, 1, 0),
(13, '2018-06-21 00:00:00', 1, 'PM/T/0000001', NULL, '2018-06-07 07:06:57', 'Admin Megahjaya', NULL, NULL, 8, 1, 5, 613, 0),
(14, '2018-06-07 00:00:00', 1, 'PM/KTS/0000004', NULL, '2018-06-07 10:06:20', 'Admin Megahjaya', NULL, NULL, 9, 1, 1, 303, 0),
(15, '2018-06-07 00:00:00', 1, 'PM/CK/0000002', NULL, '2018-06-07 11:06:59', 'Admin Megahjaya', NULL, NULL, 9, 1, 6, 303, 0),
(16, '2018-07-14 00:00:00', 0, 'PNM/0000002', NULL, '2018-07-07 10:07:10', 'Admin Megahjaya', NULL, NULL, 1, NULL, NULL, 1, 0),
(17, '2018-07-13 00:00:00', 0, 'PNM/0000003', NULL, '2018-07-11 20:07:27', 'Admin Megahjaya', NULL, NULL, 1, NULL, NULL, 1, 0);

-- --------------------------------------------------------

--
-- Table structure for table `material_usages_detail`
--

CREATE TABLE `material_usages_detail` (
  `id` int(10) UNSIGNED NOT NULL,
  `qty_pick` float DEFAULT '0',
  `qty_return` float DEFAULT '0',
  `pick_note` varchar(255) DEFAULT NULL,
  `return_note` varchar(255) DEFAULT NULL,
  `materials_id` int(10) UNSIGNED NOT NULL,
  `material_usages_id` int(10) UNSIGNED NOT NULL
) ENGINE=InnoDB DEFAULT CHARSET=utf8;

--
-- Dumping data for table `material_usages_detail`
--

INSERT INTO `material_usages_detail` (`id`, `qty_pick`, `qty_return`, `pick_note`, `return_note`, `materials_id`, `material_usages_id`) VALUES
(1, 1, 1, 'Asd', '', 1, 1),
(2, 389, 0, '', '', 1, 3),
(3, 50, 0, '-', NULL, 23, 5),
(4, 12160, 0, '-', NULL, 16, 6),
(5, 121, 65, '-', '-', 324, 6),
(6, 34.7, 38.4, '-', '-', 153, 6),
(8, 20, 0, '-', NULL, 231, 7),
(9, 3, 0, '-', NULL, 287, 7),
(10, 1.5, 0, '-', NULL, 292, 7),
(11, 64, 0, '-', NULL, 257, 8),
(12, 29.5, 29.6, '-', '-', 326, 6),
(13, 1, 15, 'Asd', 'Asd', 1, 9),
(14, 1, 0, 'Asd', NULL, 1, 9),
(15, 36000, 0, '', NULL, 20, 14),
(16, 90, 0, '', NULL, 56, 14),
(17, 33.2, 0, '', NULL, 51, 14),
(18, 33.1, 0, '', NULL, 86, 14),
(19, 17.7, 0, '', NULL, 54, 14),
(20, 18.9, 0, '', NULL, 47, 14),
(21, 60, 0, '', NULL, 115, 14),
(22, 105, 0, '', NULL, 114, 14),
(23, 150, 0, '', NULL, 331, 14),
(24, 30, 0, '', NULL, 329, 14),
(25, 162, 0, '', NULL, 253, 15),
(26, 119, 0, '', NULL, 324, 14);

-- --------------------------------------------------------

--
-- Table structure for table `material_usage_categories`
--

CREATE TABLE `material_usage_categories` (
  `id` int(10) UNSIGNED NOT NULL,
  `material_categories_id` int(10) UNSIGNED NOT NULL,
  `usage_categories_id` int(10) UNSIGNED NOT NULL
) ENGINE=InnoDB DEFAULT CHARSET=utf8;

--
-- Dumping data for table `material_usage_categories`
--

INSERT INTO `material_usage_categories` (`id`, `material_categories_id`, `usage_categories_id`) VALUES
(3, 6, 5),
(5, 1, 7),
(6, 5, 7),
(8, 8, 1),
(9, 1, 1),
(11, 5, 8),
(12, 3, 1),
(13, 9, 1),
(14, 4, 6),
(15, 2, 1);

-- --------------------------------------------------------

--
-- Table structure for table `material_vendor`
--

CREATE TABLE `material_vendor` (
  `id` int(10) UNSIGNED NOT NULL,
  `vendors_id` int(10) UNSIGNED NOT NULL,
  `materials_id` int(10) UNSIGNED NOT NULL
) ENGINE=InnoDB DEFAULT CHARSET=utf8;

--
-- Dumping data for table `material_vendor`
--

INSERT INTO `material_vendor` (`id`, `vendors_id`, `materials_id`) VALUES
(2, 6, 1),
(3, 1, 2),
(6, 46, 322),
(7, 45, 322),
(8, 6, 323),
(9, 27, 16),
(10, 6, 60),
(11, 6, 80),
(12, 19, 231),
(13, 1, 324),
(14, 21, 324),
(15, 37, 287),
(16, 28, 257),
(17, 47, 327),
(18, 47, 328),
(19, 21, 329),
(20, 21, 331),
(21, 27, 20),
(22, 6, 56),
(23, 6, 51),
(24, 6, 86),
(25, 6, 54),
(26, 6, 47),
(27, 6, 115),
(28, 6, 114),
(29, 6, 114),
(30, 28, 253);

-- --------------------------------------------------------

--
-- Table structure for table `menu`
--

CREATE TABLE `menu` (
  `id` int(2) UNSIGNED NOT NULL,
  `menu` varchar(50) DEFAULT NULL,
  `parent_id` int(2) UNSIGNED DEFAULT NULL,
  `order` int(2) DEFAULT NULL,
  `link` varchar(50) DEFAULT NULL,
  `icon` varchar(50) DEFAULT NULL,
  `category` varchar(50) DEFAULT NULL
) ENGINE=InnoDB DEFAULT CHARSET=utf8;

--
-- Dumping data for table `menu`
--

INSERT INTO `menu` (`id`, `menu`, `parent_id`, `order`, `link`, `icon`, `category`) VALUES
(1, 'Dashboard', 0, NULL, 'dashboard', NULL, NULL),
(2, 'Master', 0, NULL, '#', NULL, NULL),
(3, 'Material Category', 2, NULL, 'material_categories', NULL, NULL),
(4, 'Materials', 2, NULL, 'materials', NULL, NULL),
(5, 'Product Category', 2, NULL, 'product_categories', NULL, NULL),
(6, 'Products', 2, NULL, 'products', NULL, NULL),
(7, 'Unfinished Products', 2, NULL, 'unfinished_products', NULL, NULL),
(8, 'Usage Category', 2, NULL, 'usage_categories', NULL, NULL),
(9, 'Processes', 2, NULL, 'processes', NULL, NULL),
(10, 'Machine', 2, NULL, 'machine', NULL, NULL),
(11, 'Customers', 2, NULL, 'customers', NULL, NULL),
(12, 'Vendors', 2, NULL, 'vendors', NULL, NULL),
(13, 'Colors', 2, NULL, 'colors', NULL, NULL),
(14, 'Uom', 2, NULL, 'uom', NULL, NULL),
(15, 'Currency', 2, NULL, 'currency', NULL, NULL),
(16, 'Sales', 0, NULL, '#', NULL, NULL),
(17, 'Sales Order', 16, NULL, 'projects', NULL, NULL),
(18, 'Shipping', 16, NULL, 'shipping', NULL, NULL),
(19, 'Return', 16, NULL, 'sales_return', NULL, NULL),
(20, 'Purchasing', 0, NULL, '#', NULL, NULL),
(21, 'Purchase Order', 20, NULL, 'purchasing', NULL, NULL),
(22, 'Receiving', 20, NULL, 'receiving', NULL, NULL),
(23, 'Return', 20, NULL, 'purchase_return', NULL, NULL),
(24, 'Production', 0, NULL, '#', NULL, NULL),
(25, 'Work Order', 24, NULL, 'work_orders', NULL, NULL),
(26, 'Rewind', 24, NULL, 'rewind', NULL, NULL),
(27, 'HPP', 24, NULL, 'hpp', NULL, NULL),
(28, 'Inventory', 0, NULL, '#', NULL, NULL),
(29, 'Material Inventory', 28, NULL, 'material_inventory', NULL, NULL),
(30, 'Product Inventory', 28, NULL, 'product_inventory', NULL, NULL),
(31, 'Unfinished Product Inventory', 28, NULL, 'unfinished_product_inventory', NULL, NULL),
(32, 'Report', 0, NULL, '#', NULL, NULL),
(33, 'Purchase Report', 32, NULL, 'report/purchase', NULL, NULL),
(34, 'Receiving Report', 32, NULL, 'report/receiving', NULL, NULL),
(35, 'Purchase Return Report', 32, NULL, 'report/purchase_return', NULL, NULL),
(36, 'Sales Report', 32, NULL, 'report/sales', NULL, NULL),
(37, 'Shipping Report', 32, NULL, 'report/shipping', NULL, NULL),
(38, 'Sales Return Report', 32, NULL, 'report/sales_return', NULL, NULL),
(39, 'Setting', 0, NULL, '#', NULL, NULL),
(40, 'Roles', 39, NULL, 'roles', NULL, NULL),
(41, 'Privilege', 39, NULL, 'previllage', NULL, NULL),
(42, 'Users', 39, NULL, 'users', NULL, NULL),
(43, 'Application', 39, NULL, 'application', NULL, NULL);

-- --------------------------------------------------------

--
-- Table structure for table `nonmaterial_usages_detail`
--

CREATE TABLE `nonmaterial_usages_detail` (
  `id` int(10) UNSIGNED NOT NULL,
  `qty_pick` float DEFAULT NULL,
  `qty_return` float DEFAULT NULL,
  `pick_note` varchar(255) DEFAULT NULL,
  `return_note` varchar(255) DEFAULT NULL,
  `material_usages_id` int(10) UNSIGNED NOT NULL,
  `products_id` int(10) UNSIGNED NOT NULL
) ENGINE=InnoDB DEFAULT CHARSET=utf8;

--
-- Dumping data for table `nonmaterial_usages_detail`
--

INSERT INTO `nonmaterial_usages_detail` (`id`, `qty_pick`, `qty_return`, `pick_note`, `return_note`, `material_usages_id`, `products_id`) VALUES
(12, 16, 12, 'Asd', 'Asd', 11, 1),
(13, 10, NULL, '', NULL, 0, 1),
(14, 10, NULL, '', NULL, 0, 1),
(15, 5, NULL, '', NULL, 16, 1),
(16, 1, NULL, '', NULL, 0, 1),
(17, 1, NULL, '', NULL, 0, 1),
(18, 1, NULL, '', NULL, 17, 1);

-- --------------------------------------------------------

--
-- Table structure for table `previlege`
--

CREATE TABLE `previlege` (
  `id` int(10) UNSIGNED NOT NULL,
  `view` tinyint(4) DEFAULT '0',
  `add` tinyint(4) DEFAULT '0',
  `update` tinyint(4) DEFAULT '0',
  `delete` tinyint(4) DEFAULT NULL,
  `roles_id` int(10) UNSIGNED NOT NULL,
  `menu_id` int(2) UNSIGNED NOT NULL
) ENGINE=InnoDB DEFAULT CHARSET=utf8;

--
-- Dumping data for table `previlege`
--

INSERT INTO `previlege` (`id`, `view`, `add`, `update`, `delete`, `roles_id`, `menu_id`) VALUES
(1, 1, 1, 1, 1, 1, 1),
(2, 1, 1, 1, 1, 1, 2),
(3, 1, 1, 1, 1, 1, 3),
(4, 1, 1, 1, 1, 1, 4),
(5, 1, 1, 1, 1, 1, 5),
(6, 1, 1, 1, 1, 1, 6),
(7, 1, 1, 1, 1, 1, 7),
(8, 1, 1, 1, 1, 1, 8),
(9, 1, 1, 1, 1, 1, 9),
(10, 1, 1, 1, 1, 1, 10),
(11, 1, 1, 1, 1, 1, 11),
(12, 1, 1, 1, 1, 1, 12),
(13, 1, 1, 1, 1, 1, 13),
(14, 1, 1, 1, 1, 1, 14),
(15, 1, 1, 1, 1, 1, 15),
(16, 1, 1, 1, 1, 1, 16),
(17, 1, 1, 1, 1, 1, 17),
(18, 1, 1, 1, 1, 1, 18),
(19, 1, 1, 1, 1, 1, 19),
(20, 1, 1, 1, 1, 1, 20),
(21, 1, 1, 1, 1, 1, 21),
(22, 1, 1, 1, 1, 1, 22),
(23, 1, 1, 1, 1, 1, 23),
(24, 1, 1, 1, 1, 1, 24),
(25, 1, 1, 1, 1, 1, 25),
(26, 1, 1, 1, 1, 1, 26),
(27, 1, 1, 1, 1, 1, 27),
(28, 1, 1, 1, 1, 1, 28),
(29, 1, 1, 1, 1, 1, 29),
(30, 1, 1, 1, 1, 1, 30),
(31, 1, 1, 1, 1, 1, 31),
(32, 1, 1, 1, 1, 1, 32),
(33, 1, 1, 1, 1, 1, 33),
(34, 1, 1, 1, 1, 1, 34),
(35, 1, 1, 1, 1, 1, 35),
(36, 1, 1, 1, 1, 1, 36),
(37, 1, 1, 1, 1, 1, 37),
(38, 1, 1, 1, 1, 1, 38),
(39, 1, 1, 1, 1, 1, 39),
(40, 1, 1, 1, 1, 1, 40),
(41, 1, 1, 1, 1, 1, 41),
(42, 1, 1, 1, 1, 1, 42),
(43, 1, 1, 1, 1, 1, 43);

-- --------------------------------------------------------

--
-- Table structure for table `processes`
--

CREATE TABLE `processes` (
  `id` int(10) UNSIGNED NOT NULL,
  `name` varchar(50) NOT NULL,
  `created_at` datetime NOT NULL,
  `updated_at` datetime DEFAULT NULL,
  `deleted` tinyint(4) DEFAULT '0'
) ENGINE=InnoDB DEFAULT CHARSET=utf8;

--
-- Dumping data for table `processes`
--

INSERT INTO `processes` (`id`, `name`, `created_at`, `updated_at`, `deleted`) VALUES
(1, 'Printing', '2018-04-04 20:04:13', '2018-06-07 11:06:10', 0),
(2, 'Slitter', '2018-04-04 20:04:37', '2018-05-09 10:05:59', 0),
(3, 'Rewind', '2018-04-04 20:04:57', NULL, 0),
(4, 'Perforasi', '2018-04-04 20:04:11', NULL, 0),
(5, 'Printing Jf 2', '2018-05-09 10:05:36', NULL, 1),
(6, 'Printing Laminasi', '2018-05-09 10:05:49', NULL, 1),
(7, 'Slitter 2', '2018-05-09 10:05:25', NULL, 1),
(8, 'Slitter 3', '2018-05-09 10:05:43', NULL, 1),
(9, 'Slitter Laminasi', '2018-05-09 10:05:51', NULL, 1);

-- --------------------------------------------------------

--
-- Table structure for table `process_dependency`
--

CREATE TABLE `process_dependency` (
  `id` int(10) UNSIGNED NOT NULL,
  `processes_id` int(10) UNSIGNED NOT NULL,
  `processes_id1` int(10) UNSIGNED NOT NULL
) ENGINE=InnoDB DEFAULT CHARSET=utf8;

-- --------------------------------------------------------

--
-- Table structure for table `products`
--

CREATE TABLE `products` (
  `id` int(10) UNSIGNED NOT NULL,
  `code` varchar(10) DEFAULT NULL,
  `name` varchar(255) NOT NULL,
  `unit` varchar(20) DEFAULT NULL,
  `created_at` datetime NOT NULL,
  `updated_at` datetime DEFAULT NULL,
  `product_categories_id` int(10) UNSIGNED NOT NULL,
  `colours_id` int(10) UNSIGNED DEFAULT NULL,
  `initial_qty` float DEFAULT '0',
  `initial_half_qty` float DEFAULT '0',
  `uom_id` int(10) UNSIGNED NOT NULL,
  `deleted` tinyint(4) DEFAULT '0'
) ENGINE=InnoDB DEFAULT CHARSET=utf8;

--
-- Dumping data for table `products`
--

INSERT INTO `products` (`id`, `code`, `name`, `unit`, `created_at`, `updated_at`, `product_categories_id`, `colours_id`, `initial_qty`, `initial_half_qty`, `uom_id`, `deleted`) VALUES
(1, 'A-000MC', 'White Blank 50 Non Perf 50 mm x 3000 m', '-', '0000-00-00 00:00:00', '0000-00-00 00:00:00', 1, NULL, 20, 10, 1, 0),
(2, 'B-000MC', 'White Blank 50 Perf 50 mm x 3000 m', '-', '0000-00-00 00:00:00', '0000-00-00 00:00:00', 1, NULL, 0, 0, 1, 0),
(3, 'C-000MC', 'White Blank 60  60 mm x 3000 m', '-', '0000-00-00 00:00:00', '0000-00-00 00:00:00', 1, NULL, 0, 0, 1, 0),
(4, 'A-001MC', 'DOT S1 50 mm x 3000 m', '-', '0000-00-00 00:00:00', '0000-00-00 00:00:00', 1, NULL, 0, 0, 1, 0),
(5, 'A-002MC', 'DOT 4 50 mm x 3000 m', '-', '0000-00-00 00:00:00', '0000-00-00 00:00:00', 1, NULL, 0, 0, 1, 0),
(6, 'A-003MC', 'DOUBLE GREEN 60 mm x 3000 m', '-', '0000-00-00 00:00:00', '0000-00-00 00:00:00', 1, NULL, 0, 0, 1, 0),
(7, 'A-004MC', 'BLUE SILVER 50 mm x 3000 m', '-', '0000-00-00 00:00:00', '0000-00-00 00:00:00', 1, NULL, 0, 0, 1, 0),
(8, 'A-005MC', 'MARBLE A  50 mm x 3000 m', '-', '0000-00-00 00:00:00', '0000-00-00 00:00:00', 1, NULL, 0, 0, 1, 0),
(9, 'A-006MC', 'DOUBLE RED SILVER  50 mm x 3000 m', '-', '0000-00-00 00:00:00', '0000-00-00 00:00:00', 1, NULL, 0, 0, 1, 0),
(10, 'A-007MC', 'CAKRA RED BLUE 50 mm x 3000 m', '-', '0000-00-00 00:00:00', '0000-00-00 00:00:00', 1, NULL, 0, 0, 1, 0),
(11, 'A-008MC', 'CAKRA M 50 mm x 3000 m', '-', '0000-00-00 00:00:00', '0000-00-00 00:00:00', 1, NULL, 0, 0, 1, 0),
(12, 'A-009MC', 'DJOLIE 50 mm x 3000 m', '-', '0000-00-00 00:00:00', '0000-00-00 00:00:00', 1, NULL, 0, 0, 1, 0),
(13, 'A-010MC', 'GUDANG BARU 50 mm x 3000 m', '-', '0000-00-00 00:00:00', '0000-00-00 00:00:00', 1, NULL, 0, 0, 1, 0),
(14, 'A-011MC', 'MARBLE B 50 mm x 3000 m', '-', '0000-00-00 00:00:00', '0000-00-00 00:00:00', 1, NULL, 0, 0, 1, 0),
(15, 'A-012MC', 'MARBLE A  50 mm x 3000 m', '-', '0000-00-00 00:00:00', '0000-00-00 00:00:00', 1, NULL, 0, 0, 1, 0),
(16, 'A-013MC', 'MARBLE C 50 mm x 3000 m', '-', '0000-00-00 00:00:00', '0000-00-00 00:00:00', 1, NULL, 0, 0, 1, 0),
(17, 'B-013MC', 'MARBLE C 50 mm x 3000 m', '-', '0000-00-00 00:00:00', '0000-00-00 00:00:00', 1, NULL, 0, 0, 1, 0),
(18, 'A-014MC', 'RED SILVER 50 mm x 3000 m', '-', '0000-00-00 00:00:00', '0000-00-00 00:00:00', 1, NULL, 0, 0, 1, 0),
(19, 'B-014MC', 'Kertas Roll R - 24 50 mm x 3000 m', '-', '0000-00-00 00:00:00', '0000-00-00 00:00:00', 1, NULL, 0, 0, 1, 0),
(20, 'A-015MC', 'N/A', '-', '0000-00-00 00:00:00', '0000-00-00 00:00:00', 1, NULL, 0, 0, 1, 0),
(21, 'A-016MC', 'ARES 12 MILD 50 mm x 3000 m', '-', '0000-00-00 00:00:00', '0000-00-00 00:00:00', 1, NULL, 0, 0, 1, 0),
(22, 'A-017MC', 'Ares Red 50 mm x 3000 m', '-', '0000-00-00 00:00:00', '0000-00-00 00:00:00', 1, NULL, 0, 0, 1, 0),
(23, 'A-018MC', 'MR. RED  50 mm x 1500 m', '-', '0000-00-00 00:00:00', '0000-00-00 00:00:00', 1, NULL, 0, 0, 1, 0),
(24, 'A-019MC', 'MR. GREEN 50 mm x 1500 m', '-', '0000-00-00 00:00:00', '0000-00-00 00:00:00', 1, NULL, 0, 0, 1, 0),
(25, 'A-020MC', 'N/A', '-', '0000-00-00 00:00:00', '0000-00-00 00:00:00', 1, NULL, 0, 0, 1, 0),
(26, 'A-021MC', 'SAM LIOK KIOE 54 mm x 3000 m', '-', '0000-00-00 00:00:00', '0000-00-00 00:00:00', 1, NULL, 0, 0, 1, 0),
(27, 'A-022MC', 'N/A', '-', '0000-00-00 00:00:00', '0000-00-00 00:00:00', 1, NULL, 0, 0, 1, 0),
(28, 'A-023MC', 'GO MILD 50 mm x 3000 m', '-', '0000-00-00 00:00:00', '0000-00-00 00:00:00', 1, NULL, 0, 0, 1, 0),
(29, 'A-024MC', 'MARBLE F 50 mm x 3000 m', '-', '0000-00-00 00:00:00', '0000-00-00 00:00:00', 1, NULL, 0, 0, 1, 0),
(30, 'B-024MC', 'MARBLE F 50 mm x 2800 m', '-', '0000-00-00 00:00:00', '0000-00-00 00:00:00', 1, NULL, 0, 0, 1, 0),
(31, 'A-025MC', 'MARBLE F 50 mm x 1500 m', '-', '0000-00-00 00:00:00', '0000-00-00 00:00:00', 1, NULL, 0, 0, 1, 0),
(32, 'A-026MC', 'MARBLE F 50 mm x 1500 m', '-', '0000-00-00 00:00:00', '0000-00-00 00:00:00', 1, NULL, 0, 0, 1, 0),
(33, 'A-027MC', 'MARBLE A 50 mm x 3000 m', '-', '0000-00-00 00:00:00', '0000-00-00 00:00:00', 1, NULL, 0, 0, 1, 0),
(34, 'B-027MC', 'Kertas Roll R - 13 50 mm x 3000 m', '-', '0000-00-00 00:00:00', '0000-00-00 00:00:00', 1, NULL, 0, 0, 1, 0),
(35, 'A-028MC', 'BLOCK BROWN 50 mm x 3000 m', '-', '0000-00-00 00:00:00', '0000-00-00 00:00:00', 1, NULL, 0, 0, 1, 0),
(36, 'A-029MC', 'MARBLE A  50 mm x 3000 m', '-', '0000-00-00 00:00:00', '0000-00-00 00:00:00', 1, NULL, 0, 0, 1, 0),
(37, 'B-029MC', 'MARBLE A  50 mm x 3000 m', '-', '0000-00-00 00:00:00', '0000-00-00 00:00:00', 1, NULL, 0, 0, 1, 0),
(38, 'A-030MC', 'MARBLE F  50 mm x 1500 m', '-', '0000-00-00 00:00:00', '0000-00-00 00:00:00', 1, NULL, 0, 0, 1, 0),
(39, 'A-031MC', 'N/A', '-', '0000-00-00 00:00:00', '0000-00-00 00:00:00', 1, NULL, 0, 0, 1, 0),
(40, 'A-032MC', 'N/A', '-', '0000-00-00 00:00:00', '0000-00-00 00:00:00', 1, NULL, 0, 0, 1, 0),
(41, 'A-033MC', 'N/A', '-', '0000-00-00 00:00:00', '0000-00-00 00:00:00', 1, NULL, 0, 0, 1, 0),
(42, 'A-034MC', 'Dot 4 Gold 50 mm x 3000 m', '-', '0000-00-00 00:00:00', '0000-00-00 00:00:00', 1, NULL, 0, 0, 1, 0),
(43, 'A-035MC', 'N/A', '-', '0000-00-00 00:00:00', '0000-00-00 00:00:00', 1, NULL, 0, 0, 1, 0),
(44, 'A-036MC', 'N/A', '-', '0000-00-00 00:00:00', '0000-00-00 00:00:00', 1, NULL, 0, 0, 1, 0),
(45, 'A-037MC', 'TOP GUN 54 mm x 3000 m', '-', '0000-00-00 00:00:00', '0000-00-00 00:00:00', 1, NULL, 0, 0, 1, 0),
(46, 'A-038MC', 'DOUBLE GREEN SILVER 50 mm x 1500 m', '-', '0000-00-00 00:00:00', '0000-00-00 00:00:00', 1, NULL, 0, 0, 1, 0),
(47, 'A-038MC', 'DOUBLE GREEN SILVER 50 mm x 3000 m', '-', '0000-00-00 00:00:00', '0000-00-00 00:00:00', 1, NULL, 0, 0, 1, 0),
(48, 'A-039MC', 'SINGLE LINE 60 mm x 3000 m', '-', '0000-00-00 00:00:00', '0000-00-00 00:00:00', 1, NULL, 0, 0, 1, 0),
(49, 'A-040MC', 'MARBLE G 50 mm x 3000 m', '-', '0000-00-00 00:00:00', '0000-00-00 00:00:00', 1, NULL, 0, 0, 1, 0),
(50, 'A-040MC', 'MARBLE G 50 mm x 2800 m', '-', '0000-00-00 00:00:00', '0000-00-00 00:00:00', 1, NULL, 0, 0, 1, 0),
(51, 'A-041MC', 'RAIL 50 mm x 1500 m', '-', '0000-00-00 00:00:00', '0000-00-00 00:00:00', 1, NULL, 0, 0, 1, 0),
(52, 'A-042MC', 'FREZH 60 mm x 1500 m', '-', '0000-00-00 00:00:00', '0000-00-00 00:00:00', 1, NULL, 0, 0, 1, 0),
(53, 'A-043MC', 'BERES 50 mm x 1500 m', '-', '0000-00-00 00:00:00', '0000-00-00 00:00:00', 1, NULL, 0, 0, 1, 0),
(54, 'A-044MC', 'N/A', '-', '0000-00-00 00:00:00', '0000-00-00 00:00:00', 1, NULL, 0, 0, 1, 0),
(55, 'A-045MC', 'N/A', '-', '0000-00-00 00:00:00', '0000-00-00 00:00:00', 1, NULL, 0, 0, 1, 0),
(56, 'A-046MC', 'MARBLE H 50 mm x 1500 m', '-', '0000-00-00 00:00:00', '0000-00-00 00:00:00', 1, NULL, 0, 0, 1, 0),
(57, 'B-046MC', 'MARBLE H 50 mm x 3000 m', '-', '0000-00-00 00:00:00', '0000-00-00 00:00:00', 1, NULL, 0, 0, 1, 0),
(58, 'C-046MC', 'MARBLE H 50 mm x 2800 m', '-', '0000-00-00 00:00:00', '0000-00-00 00:00:00', 1, NULL, 0, 0, 1, 0),
(59, 'A-047MC', 'N/A', '-', '0000-00-00 00:00:00', '0000-00-00 00:00:00', 1, NULL, 0, 0, 1, 0),
(60, 'A-048MC', 'MARBLE A 50 mm x 1500 m', '-', '0000-00-00 00:00:00', '0000-00-00 00:00:00', 1, NULL, 0, 0, 1, 0),
(61, 'B-048MC', 'MARBLE A 50 mm x 3000 m', '-', '0000-00-00 00:00:00', '0000-00-00 00:00:00', 1, NULL, 0, 0, 1, 0),
(62, 'C-048MC', 'MARBLE A 50 mm x 3000 m', '-', '0000-00-00 00:00:00', '0000-00-00 00:00:00', 1, NULL, 0, 0, 1, 0),
(63, 'A-049MC', 'MARBLE A 54 mm x 1500 m', '-', '0000-00-00 00:00:00', '0000-00-00 00:00:00', 1, NULL, 0, 0, 1, 0),
(64, 'A-050MC', 'FILTRO 50 mm x 3000 m', '-', '0000-00-00 00:00:00', '0000-00-00 00:00:00', 1, NULL, 0, 0, 1, 0),
(65, 'A-051MC', 'Tokyo Mild 58 mm x 3000 m', '-', '0000-00-00 00:00:00', '0000-00-00 00:00:00', 1, NULL, 0, 0, 1, 0),
(66, 'A-052MC', '292 50 mm x 3000 m', '-', '0000-00-00 00:00:00', '0000-00-00 00:00:00', 1, NULL, 0, 0, 1, 0),
(67, 'A-053MC', 'MARBLE i 50 mm x 3000 m', '-', '0000-00-00 00:00:00', '0000-00-00 00:00:00', 1, NULL, 0, 0, 1, 0),
(68, 'B-053MC', 'MARBLE i 50 mm x 1500 m', '-', '0000-00-00 00:00:00', '0000-00-00 00:00:00', 1, NULL, 0, 0, 1, 0),
(69, 'A-054MC', 'HARMONI 50 mm x 3000 m', '-', '0000-00-00 00:00:00', '0000-00-00 00:00:00', 1, NULL, 0, 0, 1, 0),
(70, 'A-055MC', 'Mild Red ( Non Perporasi ) 60 mm x 3000 m', '-', '0000-00-00 00:00:00', '0000-00-00 00:00:00', 1, NULL, 0, 0, 1, 0),
(71, 'B-055MC', 'Mild Red ( Perporasi ) 60 mm x 3000 m', '-', '0000-00-00 00:00:00', '0000-00-00 00:00:00', 1, NULL, 0, 0, 1, 0),
(72, 'A-056MC', 'BLACK 50 mm x 3000 m', '-', '0000-00-00 00:00:00', '0000-00-00 00:00:00', 1, NULL, 0, 0, 1, 0),
(73, 'B-057MC', 'BLACK AMBRI 24 mm x 6000 m', '-', '0000-00-00 00:00:00', '0000-00-00 00:00:00', 1, NULL, 0, 0, 1, 0),
(74, 'A-057MC', 'BLACK AMBRI 24 mm x 2500 m', '-', '0000-00-00 00:00:00', '0000-00-00 00:00:00', 1, NULL, 0, 0, 1, 0),
(75, 'A-058MC', 'N/A', '-', '0000-00-00 00:00:00', '0000-00-00 00:00:00', 1, NULL, 0, 0, 1, 0),
(76, 'A-059MC', 'REXO BLUE 50 mm x 3000 m', '-', '0000-00-00 00:00:00', '0000-00-00 00:00:00', 1, NULL, 0, 0, 1, 0),
(77, 'A-060MC', '92 KING SIZE 50 mm x 3000 m', '-', '0000-00-00 00:00:00', '0000-00-00 00:00:00', 1, NULL, 0, 0, 1, 0),
(78, 'A-061MC', 'N/A', '-', '0000-00-00 00:00:00', '0000-00-00 00:00:00', 1, NULL, 0, 0, 1, 0),
(79, 'A-062MC', 'KING JAYA MERAH 50 mm x 1500 m', '-', '0000-00-00 00:00:00', '0000-00-00 00:00:00', 1, NULL, 0, 0, 1, 0),
(80, 'A-063MC', 'KING JAYA HIJAU 50 mm x 1500 m', '-', '0000-00-00 00:00:00', '0000-00-00 00:00:00', 1, NULL, 0, 0, 1, 0),
(81, 'A-064MC', 'GB GOLD 50 mm x 3000 m', '-', '0000-00-00 00:00:00', '0000-00-00 00:00:00', 1, NULL, 0, 0, 1, 0),
(82, 'A-065MC', 'SINAR BERLIAN 50 mm x 3000 m', '-', '0000-00-00 00:00:00', '0000-00-00 00:00:00', 1, NULL, 0, 0, 1, 0),
(83, 'A-066MC', 'SINAR BERLIAN MARBLE A 50 mm x 3000 m', '-', '0000-00-00 00:00:00', '0000-00-00 00:00:00', 1, NULL, 0, 0, 1, 0),
(84, 'A-067MC', 'REXO MARBLE A 50 mm x 3000 m', '-', '0000-00-00 00:00:00', '0000-00-00 00:00:00', 1, NULL, 0, 0, 1, 0),
(85, 'A-068MC', 'GEDUNG MEGAH MARBLE A 50 mm x 3000 m', '-', '0000-00-00 00:00:00', '0000-00-00 00:00:00', 1, NULL, 0, 0, 1, 0),
(86, 'A-069MC', 'SAM LIOK KIOE "NEW" 58 mm x 3000 m', '-', '0000-00-00 00:00:00', '0000-00-00 00:00:00', 1, NULL, 0, 0, 1, 0),
(87, 'A-070MC', 'N/A', '-', '0000-00-00 00:00:00', '0000-00-00 00:00:00', 1, NULL, 0, 0, 1, 0),
(88, 'A-071MC', 'HERBAL FILTER 50 mm x 3000 m', '-', '0000-00-00 00:00:00', '0000-00-00 00:00:00', 1, NULL, 0, 0, 1, 0),
(89, 'A-072MC', 'CTP 567 58 mm x 3000 m', '-', '0000-00-00 00:00:00', '0000-00-00 00:00:00', 1, NULL, 0, 0, 1, 0),
(90, 'A-073MC', 'Gold Board 82 mm x 750 m x 237', '-', '0000-00-00 00:00:00', '0000-00-00 00:00:00', 1, NULL, 0, 0, 1, 0),
(91, 'A-074MC', 'MILD 2 60 mm x 3000 m', '-', '0000-00-00 00:00:00', '0000-00-00 00:00:00', 1, NULL, 0, 0, 1, 0),
(92, 'A-075MC', 'N/A', '-', '0000-00-00 00:00:00', '0000-00-00 00:00:00', 1, NULL, 0, 0, 1, 0),
(93, 'A-076MC', 'BLUE 50 mm x 3000 m', '-', '0000-00-00 00:00:00', '0000-00-00 00:00:00', 1, NULL, 0, 0, 1, 0),
(94, 'A-077MC', 'N/A', '-', '0000-00-00 00:00:00', '0000-00-00 00:00:00', 1, NULL, 0, 0, 1, 0),
(95, 'A-078MC', 'RHM 60 mm x 3000 m', '-', '0000-00-00 00:00:00', '0000-00-00 00:00:00', 1, NULL, 0, 0, 1, 0),
(96, 'A-079MC', 'Logo Clove ', '-', '0000-00-00 00:00:00', '0000-00-00 00:00:00', 1, NULL, 0, 0, 1, 0),
(97, 'B-079MC', 'Kertas Roll R - 05 60 mm x 3000 m', '-', '0000-00-00 00:00:00', '0000-00-00 00:00:00', 1, NULL, 0, 0, 1, 0),
(98, 'A-080MC', 'BL 60 mm x 3000 m', '-', '0000-00-00 00:00:00', '0000-00-00 00:00:00', 1, NULL, 0, 0, 1, 0),
(99, 'A-081MC', 'FILTRO WHITE 50 mm x 3000 m', '-', '0000-00-00 00:00:00', '0000-00-00 00:00:00', 1, NULL, 0, 0, 1, 0),
(100, 'A-082MC', 'N/A', '-', '0000-00-00 00:00:00', '0000-00-00 00:00:00', 1, NULL, 0, 0, 1, 0),
(101, 'A-083MC', 'N/A', '-', '0000-00-00 00:00:00', '0000-00-00 00:00:00', 1, NULL, 0, 0, 1, 0),
(102, 'A-084MC', 'Millenium 50 mm x 3000 m', '-', '0000-00-00 00:00:00', '0000-00-00 00:00:00', 1, NULL, 0, 0, 1, 0),
(103, 'A-085MC', 'Herbal Original 52 mm x 3000 m', '-', '0000-00-00 00:00:00', '0000-00-00 00:00:00', 1, NULL, 0, 0, 1, 0),
(104, 'A-086MC', 'F1 60 mm x 3000 m', '-', '0000-00-00 00:00:00', '0000-00-00 00:00:00', 1, NULL, 0, 0, 1, 0),
(105, 'B-086MC', 'F1 ( Perforasi ) 60 mm x 3000 m', '-', '0000-00-00 00:00:00', '0000-00-00 00:00:00', 1, NULL, 0, 0, 1, 0),
(106, 'A-087MC', 'S Mild 60 mm x 3000 m', '-', '0000-00-00 00:00:00', '0000-00-00 00:00:00', 1, NULL, 0, 0, 1, 0),
(107, 'A-088MC', 'Ruben 50 mm x 3000 m', '-', '0000-00-00 00:00:00', '0000-00-00 00:00:00', 1, NULL, 0, 0, 1, 0),
(108, 'A-089MC', 'Seven Island 50 mm x 3000 m', '-', '0000-00-00 00:00:00', '0000-00-00 00:00:00', 1, NULL, 0, 0, 1, 0),
(109, 'A-090MC', 'Red Mild 60 mm x 1500 m', '-', '0000-00-00 00:00:00', '0000-00-00 00:00:00', 1, NULL, 0, 0, 1, 0),
(110, 'A-091MC', 'Bintang Mas Wijaya 50 mm x 3000 m', '-', '0000-00-00 00:00:00', '0000-00-00 00:00:00', 1, NULL, 0, 0, 1, 0),
(111, 'A-092MC', 'G MILD 60 mm x 2000 m', '-', '0000-00-00 00:00:00', '0000-00-00 00:00:00', 1, NULL, 0, 0, 1, 0),
(112, 'A-093MC', 'Fix Mild 60 mm x 3000 m', '-', '0000-00-00 00:00:00', '0000-00-00 00:00:00', 1, NULL, 0, 0, 1, 0),
(113, 'A-094MC', 'BATAM 50 mm x 3000 m', '-', '0000-00-00 00:00:00', '0000-00-00 00:00:00', 1, NULL, 0, 0, 1, 0),
(114, 'A-095MC', '92 The Champ 50 mm x 3000 m', '-', '0000-00-00 00:00:00', '0000-00-00 00:00:00', 1, NULL, 0, 0, 1, 0),
(115, 'A-096MC', 'S2 Menthol 60 mm x 3000 m', '-', '0000-00-00 00:00:00', '0000-00-00 00:00:00', 1, NULL, 0, 0, 1, 0),
(116, 'A-097MC', 'N/A', '-', '0000-00-00 00:00:00', '0000-00-00 00:00:00', 1, NULL, 0, 0, 1, 0),
(117, 'A-098MC', 'N-30 Mild 60 mm x 3000 m', '-', '0000-00-00 00:00:00', '0000-00-00 00:00:00', 1, NULL, 0, 0, 1, 0),
(118, 'A-099MC', 'Discovery Mild 60 mm x 3000 m', '-', '0000-00-00 00:00:00', '0000-00-00 00:00:00', 1, NULL, 0, 0, 1, 0),
(119, 'A-100MC', 'CTP Elma 50 mm x 3000 m', '-', '0000-00-00 00:00:00', '0000-00-00 00:00:00', 1, NULL, 0, 0, 1, 0),
(120, 'A-101MC', 'Mild 3 Blue 50 mm x 3000 m', '-', '0000-00-00 00:00:00', '0000-00-00 00:00:00', 1, NULL, 0, 0, 1, 0),
(121, 'A-102MC', 'Mild 3 Green 60 mm x 3000 m', '-', '0000-00-00 00:00:00', '0000-00-00 00:00:00', 1, NULL, 0, 0, 1, 0),
(122, 'A-103MC', 'CTP @ Three Mild 60 mm x 3000 m', '-', '0000-00-00 00:00:00', '0000-00-00 00:00:00', 1, NULL, 0, 0, 1, 0),
(123, 'A-104MC', 'Neslite Red 60 mm x 3000 m', '-', '0000-00-00 00:00:00', '0000-00-00 00:00:00', 1, NULL, 0, 0, 1, 0),
(124, 'A-105MC', 'Neslite Menthol  60 mm x 3000 m', '-', '0000-00-00 00:00:00', '0000-00-00 00:00:00', 1, NULL, 0, 0, 1, 0),
(125, 'A-106MC', 'Red Mild Menthol 60 mm x 1500 m', '-', '0000-00-00 00:00:00', '0000-00-00 00:00:00', 1, NULL, 0, 0, 1, 0),
(126, 'A-107MC', 'X5 60 mm x 1500 m', '-', '0000-00-00 00:00:00', '0000-00-00 00:00:00', 1, NULL, 0, 0, 1, 0),
(127, 'A-108MC', 'M Mild 60 mm x 3000 m', '-', '0000-00-00 00:00:00', '0000-00-00 00:00:00', 1, NULL, 0, 0, 1, 0),
(128, 'A-109MC', 'Ness 60 mm x 3000 m', '-', '0000-00-00 00:00:00', '0000-00-00 00:00:00', 1, NULL, 0, 0, 1, 0),
(129, 'A-110MC', 'Gabah Export 54 mm x 3000 m', '-', '0000-00-00 00:00:00', '0000-00-00 00:00:00', 1, NULL, 0, 0, 1, 0),
(130, 'A-111MC', 'AR Mild 60 mm x 3000 m', '-', '0000-00-00 00:00:00', '0000-00-00 00:00:00', 1, NULL, 0, 0, 1, 0),
(131, 'A-112MC', 'Filo Red 60 mm x 3000 m', '-', '0000-00-00 00:00:00', '0000-00-00 00:00:00', 1, NULL, 0, 0, 1, 0),
(132, 'A-112MC', 'Filo Red 60 mm x 1500 m', '-', '0000-00-00 00:00:00', '0000-00-00 00:00:00', 1, NULL, 0, 0, 1, 0),
(133, 'A-113MC', 'Top Ten Menthol 60 mm x 2000 m', '-', '0000-00-00 00:00:00', '0000-00-00 00:00:00', 1, NULL, 0, 0, 1, 0),
(134, 'A-114MC', 'SG Mild 60 mm x 3000 m', '-', '0000-00-00 00:00:00', '0000-00-00 00:00:00', 1, NULL, 0, 0, 1, 0),
(135, 'A-115MC', 'SA 60 60 mm x 3000 m', '-', '0000-00-00 00:00:00', '0000-00-00 00:00:00', 1, NULL, 0, 0, 1, 0),
(136, 'A-116MC', 'Top Ten Blue 60 mm x 2000 m', '-', '0000-00-00 00:00:00', '0000-00-00 00:00:00', 1, NULL, 0, 0, 1, 0),
(137, 'A-117MC', 'SA Reguler 50 mm x 3000 m', '-', '0000-00-00 00:00:00', '0000-00-00 00:00:00', 1, NULL, 0, 0, 1, 0),
(138, 'A-118MC', 'Fix Mild Menthol 60 mm x 3000 m', '-', '0000-00-00 00:00:00', '0000-00-00 00:00:00', 1, NULL, 0, 0, 1, 0),
(139, 'A-119MC', 'Marble A Logo Super 50 mm x 3000 m', '-', '0000-00-00 00:00:00', '0000-00-00 00:00:00', 1, NULL, 0, 0, 1, 0),
(140, 'B-120MC', 'Marble B Laksa 50 mm x 3000 m', '-', '0000-00-00 00:00:00', '0000-00-00 00:00:00', 1, NULL, 0, 0, 1, 0),
(141, 'A-120MC', 'Marble B Laksa 50 mm x 2800 m', '-', '0000-00-00 00:00:00', '0000-00-00 00:00:00', 1, NULL, 0, 0, 1, 0),
(142, 'A-121MC', 'Marble B Laksa 60 mm x 1500 m', '-', '0000-00-00 00:00:00', '0000-00-00 00:00:00', 1, NULL, 0, 0, 1, 0),
(143, 'A-122MC', 'Marble B Laksa 60 mm x 3000 m', '-', '0000-00-00 00:00:00', '0000-00-00 00:00:00', 1, NULL, 0, 0, 1, 0),
(144, 'A-122MC', 'Marble B Laksa 60 mm x 1500 m', '-', '0000-00-00 00:00:00', '0000-00-00 00:00:00', 1, NULL, 0, 0, 1, 0),
(145, 'A-123MC', 'N-30 New 60 mm x 3000 m', '-', '0000-00-00 00:00:00', '0000-00-00 00:00:00', 1, NULL, 0, 0, 1, 0),
(146, 'A-124MC', 'Vess Green 60 mm x 3000 m', '-', '0000-00-00 00:00:00', '0000-00-00 00:00:00', 1, NULL, 0, 0, 1, 0),
(147, 'A-125MC', 'Vess Gold 60 mm x 3000 m', '-', '0000-00-00 00:00:00', '0000-00-00 00:00:00', 1, NULL, 0, 0, 1, 0),
(148, 'A-126MC', 'Cakra Mild 60 mm x 3000 m', '-', '0000-00-00 00:00:00', '0000-00-00 00:00:00', 1, NULL, 0, 0, 1, 0),
(149, 'A-127MC', 'Win Mild 60 mm x 3000 m', '-', '0000-00-00 00:00:00', '0000-00-00 00:00:00', 1, NULL, 0, 0, 1, 0),
(150, 'A-128MC', 'Hero 50 mm x 3000 m', '-', '0000-00-00 00:00:00', '0000-00-00 00:00:00', 1, NULL, 0, 0, 1, 0),
(151, 'A-129MC', 'Gudang mangga 50 mm x 1500 m', '-', '0000-00-00 00:00:00', '0000-00-00 00:00:00', 1, NULL, 0, 0, 1, 0),
(152, 'B-130MC ', 'Mild 4 60 mm x 3000 m', '-', '0000-00-00 00:00:00', '0000-00-00 00:00:00', 1, NULL, 0, 0, 1, 0),
(153, 'A-130MC ', 'Mild 4 60 mm x 1500 m', '-', '0000-00-00 00:00:00', '0000-00-00 00:00:00', 1, NULL, 0, 0, 1, 0),
(154, 'A-131MC', 'S2 Mild 60 mm x 3000 m', '-', '0000-00-00 00:00:00', '0000-00-00 00:00:00', 1, NULL, 0, 0, 1, 0),
(155, 'A-132MC', 'Freed 60 mm x 3000 m', '-', '0000-00-00 00:00:00', '0000-00-00 00:00:00', 1, NULL, 0, 0, 1, 0),
(156, 'A-133MC', 'San Mild 60 mm x 3000 m', '-', '0000-00-00 00:00:00', '0000-00-00 00:00:00', 1, NULL, 0, 0, 1, 0),
(157, 'A-134MC', 'Marble B Jeruk 50 mm x 3000 m', '-', '0000-00-00 00:00:00', '0000-00-00 00:00:00', 1, NULL, 0, 0, 1, 0),
(158, 'A-135MC', 'Blek Simuk  60 mm x 3000 m', '-', '0000-00-00 00:00:00', '0000-00-00 00:00:00', 1, NULL, 0, 0, 1, 0),
(159, 'A-136MC', 'Grin Simuk 60 mm x 3000 m', '-', '0000-00-00 00:00:00', '0000-00-00 00:00:00', 1, NULL, 0, 0, 1, 0),
(160, 'A-137MC', 'Ret Simuk 60 mm x 3000 m', '-', '0000-00-00 00:00:00', '0000-00-00 00:00:00', 1, NULL, 0, 0, 1, 0),
(161, 'A-138MC', 'Bro Mild Menthol 60 mm x 3000 m', '-', '0000-00-00 00:00:00', '0000-00-00 00:00:00', 1, NULL, 0, 0, 1, 0),
(162, 'A-139MC', 'XO Mild 2 60 mm x 3000 m', '-', '0000-00-00 00:00:00', '0000-00-00 00:00:00', 1, NULL, 0, 0, 1, 0),
(163, 'A-140MC', 'X7 Mild 60 mm x 3000 m', '-', '0000-00-00 00:00:00', '0000-00-00 00:00:00', 1, NULL, 0, 0, 1, 0),
(164, 'B-141MC', 'Ambri Paradise 27 mm x 4500 m', '-', '0000-00-00 00:00:00', '0000-00-00 00:00:00', 1, NULL, 0, 0, 1, 0),
(165, 'A-141MC', 'Ambri Paradise 27 mm x 3000 m', '-', '0000-00-00 00:00:00', '0000-00-00 00:00:00', 1, NULL, 0, 0, 1, 0),
(166, 'A-142MC', 'G Mild 60 mm x 3000 m', '-', '0000-00-00 00:00:00', '0000-00-00 00:00:00', 1, NULL, 0, 0, 1, 0),
(167, 'A-143MC', 'A Mild 60 mm x 3000 m', '-', '0000-00-00 00:00:00', '0000-00-00 00:00:00', 1, NULL, 0, 0, 1, 0),
(168, 'A-144MC', 'R Mild 60 mm x 3000 m', '-', '0000-00-00 00:00:00', '0000-00-00 00:00:00', 1, NULL, 0, 0, 1, 0),
(169, 'A-145MC', 'Studio Mild 60 mm x 3000 m', '-', '0000-00-00 00:00:00', '0000-00-00 00:00:00', 1, NULL, 0, 0, 1, 0),
(170, 'A-146MC', 'Master Mild 60 mm x 3000 m', '-', '0000-00-00 00:00:00', '0000-00-00 00:00:00', 1, NULL, 0, 0, 1, 0),
(171, 'A-147MC', 'Kink Mild 50 mm x 3000 m', '-', '0000-00-00 00:00:00', '0000-00-00 00:00:00', 1, NULL, 0, 0, 1, 0),
(172, 'A-146MC', 'Master Mild 60 mm x 2500 m', '-', '0000-00-00 00:00:00', '0000-00-00 00:00:00', 1, NULL, 0, 0, 1, 0),
(173, 'A-148MC', 'Mild 5 (Non Perf) 60 mm x 3000 m', '-', '0000-00-00 00:00:00', '0000-00-00 00:00:00', 1, NULL, 0, 0, 1, 0),
(174, 'B-148MC', 'Kertas Roll M - 01 60 mm x 3000 m', '-', '0000-00-00 00:00:00', '0000-00-00 00:00:00', 1, NULL, 0, 0, 1, 0),
(175, 'A-149MC', 'OE Mild 60 mm x 3000 m', '-', '0000-00-00 00:00:00', '0000-00-00 00:00:00', 1, NULL, 0, 0, 1, 0),
(176, 'A-150MC', 'Double Seven Blue 60 mm x 3000 m', '-', '0000-00-00 00:00:00', '0000-00-00 00:00:00', 1, NULL, 0, 0, 1, 0),
(177, 'A-151MC', 'Double Seven Green 60 mm x 3000 m', '-', '0000-00-00 00:00:00', '0000-00-00 00:00:00', 1, NULL, 0, 0, 1, 0),
(178, 'A-152MC', 'Javelin 60 mm x 3000 m', '-', '0000-00-00 00:00:00', '0000-00-00 00:00:00', 1, NULL, 0, 0, 1, 0),
(179, 'A-153MC', 'Marble A 54 60 mm x 3000 m', '-', '0000-00-00 00:00:00', '0000-00-00 00:00:00', 1, NULL, 0, 0, 1, 0),
(180, 'A-154MC', 'Super Marble B 60 mm x 3000 m', '-', '0000-00-00 00:00:00', '0000-00-00 00:00:00', 1, NULL, 0, 0, 1, 0),
(181, 'A-155MC ', 'Marble C 60 60 mm x 3000 m', '-', '0000-00-00 00:00:00', '0000-00-00 00:00:00', 1, NULL, 0, 0, 1, 0),
(182, 'A-156MC', 'Best 50 mm x 3000 m', '-', '0000-00-00 00:00:00', '0000-00-00 00:00:00', 1, NULL, 0, 0, 1, 0),
(183, 'B-156MC', 'Kertas Roll R - 03 50 mm x 3000 m', '-', '0000-00-00 00:00:00', '0000-00-00 00:00:00', 1, NULL, 0, 0, 1, 0),
(184, 'A-157MC', 'Tambora 60 mm x 3000 m', '-', '0000-00-00 00:00:00', '0000-00-00 00:00:00', 1, NULL, 0, 0, 1, 0),
(185, 'A-158MC', 'Ave Mild Red 60 mm x 3000 m', '-', '0000-00-00 00:00:00', '0000-00-00 00:00:00', 1, NULL, 0, 0, 1, 0),
(186, 'A-159MC', '153 Mild 60 mm x 1500 m', '-', '0000-00-00 00:00:00', '0000-00-00 00:00:00', 1, NULL, 0, 0, 1, 0),
(187, 'B-159MC', '153 Mild 60 mm x 3000 m', '-', '0000-00-00 00:00:00', '0000-00-00 00:00:00', 1, NULL, 0, 0, 1, 0),
(188, 'A-160MC', 'Potenza  50 mm x 3000 m', '-', '0000-00-00 00:00:00', '0000-00-00 00:00:00', 1, NULL, 0, 0, 1, 0),
(189, 'A-161MC', 'Double Seven Black 54 mm x 3000 m', '-', '0000-00-00 00:00:00', '0000-00-00 00:00:00', 1, NULL, 0, 0, 1, 0),
(190, 'B-162MC', 'Fit Mild 60 mm x 3000 m', '-', '0000-00-00 00:00:00', '0000-00-00 00:00:00', 1, NULL, 0, 0, 1, 0),
(191, 'A-162MC', 'Fit Mild 60 mm x 2000 m', '-', '0000-00-00 00:00:00', '0000-00-00 00:00:00', 1, NULL, 0, 0, 1, 0),
(192, 'A-163MC', 'Delite 60 mm x 3000 m', '-', '0000-00-00 00:00:00', '0000-00-00 00:00:00', 1, NULL, 0, 0, 1, 0),
(193, 'A-164MC', 'Premi 60 mm x 3000 m', '-', '0000-00-00 00:00:00', '0000-00-00 00:00:00', 1, NULL, 0, 0, 1, 0),
(194, 'A-165MC', 'Double Seven Black 60 mm x 3000 m', '-', '0000-00-00 00:00:00', '0000-00-00 00:00:00', 1, NULL, 0, 0, 1, 0),
(195, 'A-166MC', 'March 60 mm x 3000 m', '-', '0000-00-00 00:00:00', '0000-00-00 00:00:00', 1, NULL, 0, 0, 1, 0),
(196, 'A-167MC', 'Flame red 60 mm x 3000 m', '-', '0000-00-00 00:00:00', '0000-00-00 00:00:00', 1, NULL, 0, 0, 1, 0),
(197, 'A-168MC', 'R Slim  60 mm x 3000 m', '-', '0000-00-00 00:00:00', '0000-00-00 00:00:00', 1, NULL, 0, 0, 1, 0),
(198, 'A-169MC', 'Flame green 60 mm x 3000 m', '-', '0000-00-00 00:00:00', '0000-00-00 00:00:00', 1, NULL, 0, 0, 1, 0),
(199, 'A-170MC', 'Ave 2 Mild 60 mm x 1500 m', '-', '0000-00-00 00:00:00', '0000-00-00 00:00:00', 1, NULL, 0, 0, 1, 0),
(200, 'B-170MC', 'Ave 2 Mild 60 mm x 3000 m', '-', '0000-00-00 00:00:00', '0000-00-00 00:00:00', 1, NULL, 0, 0, 1, 0),
(201, 'A-171MC', 'Marble L 50 mm x 3000 m', '-', '0000-00-00 00:00:00', '0000-00-00 00:00:00', 1, NULL, 0, 0, 1, 0),
(202, 'A-172MC', 'Win Menthol 60 mm x 3000 m', '-', '0000-00-00 00:00:00', '0000-00-00 00:00:00', 1, NULL, 0, 0, 1, 0),
(203, 'A-173MC', 'Dana 50 mm x 3000 m', '-', '0000-00-00 00:00:00', '0000-00-00 00:00:00', 1, NULL, 0, 0, 1, 0),
(204, 'A-174MC', 'Premiex 50 mm x 3000 m', '-', '0000-00-00 00:00:00', '0000-00-00 00:00:00', 1, NULL, 0, 0, 1, 0),
(205, 'A-175MC', 'Premium Marble 50 mm x 3000 m', '-', '0000-00-00 00:00:00', '0000-00-00 00:00:00', 1, NULL, 0, 0, 1, 0),
(206, 'B-175MC', 'Kertas Roll R - 23 50 mm x 3000 m', '-', '0000-00-00 00:00:00', '0000-00-00 00:00:00', 1, NULL, 0, 0, 1, 0),
(207, 'A-176MC', 'Top ten black 54 mm x 3000 m', '-', '0000-00-00 00:00:00', '0000-00-00 00:00:00', 1, NULL, 0, 0, 1, 0),
(208, 'A-177MC', 'Double seven Gold 54 mm x 3000 m', '-', '0000-00-00 00:00:00', '0000-00-00 00:00:00', 1, NULL, 0, 0, 1, 0),
(209, 'A-178MC', 'Marble F 54 54 mm x 3000 m', '-', '0000-00-00 00:00:00', '0000-00-00 00:00:00', 1, NULL, 0, 0, 1, 0),
(210, 'A-179MC', 'Ares Slim Red 60 mm x 3000 m', '-', '0000-00-00 00:00:00', '0000-00-00 00:00:00', 1, NULL, 0, 0, 1, 0),
(211, 'A-180MC', 'Ares Slim Blue 60 mm x 3000 m', '-', '0000-00-00 00:00:00', '0000-00-00 00:00:00', 1, NULL, 0, 0, 1, 0),
(212, 'A-181MC', 'Dast Mild 60 mm x 3000 m', '-', '0000-00-00 00:00:00', '0000-00-00 00:00:00', 1, NULL, 0, 0, 1, 0),
(213, 'A-183MC', 'Wild Mild 54 mm x 3000 m', '-', '0000-00-00 00:00:00', '0000-00-00 00:00:00', 1, NULL, 0, 0, 1, 0),
(214, 'A-184MC', 'A Satu Mild 54 mm x 3000 m', '-', '0000-00-00 00:00:00', '0000-00-00 00:00:00', 1, NULL, 0, 0, 1, 0),
(215, 'A-185MC', 'Neslite Black  60 mm x 3000 m', '-', '0000-00-00 00:00:00', '0000-00-00 00:00:00', 1, NULL, 0, 0, 1, 0),
(216, 'A-186MC', 'Double seven silver 60 mm x 3000 m', '-', '0000-00-00 00:00:00', '0000-00-00 00:00:00', 1, NULL, 0, 0, 1, 0),
(217, 'A-187MC', 'Harmoni Premium 50 mm x 1500 m', '-', '0000-00-00 00:00:00', '0000-00-00 00:00:00', 1, NULL, 0, 0, 1, 0),
(218, 'A-188MC', 'Marble B Slim 60 mm x 3000 m', '-', '0000-00-00 00:00:00', '0000-00-00 00:00:00', 1, NULL, 0, 0, 1, 0),
(219, 'A-189MC', 'Neslite Black Green 60 mm x 3000 m', '-', '0000-00-00 00:00:00', '0000-00-00 00:00:00', 1, NULL, 0, 0, 1, 0),
(220, 'A-190MC', 'Khan 50 mm x 3000 m', '-', '0000-00-00 00:00:00', '0000-00-00 00:00:00', 1, NULL, 0, 0, 1, 0),
(221, 'A-191MC', 'Logo Grand 50 mm x 3000 m', '-', '0000-00-00 00:00:00', '0000-00-00 00:00:00', 1, NULL, 0, 0, 1, 0),
(222, 'B-191MC', 'Kertas Roll R - 12 50 mm x 3000 m', '-', '0000-00-00 00:00:00', '0000-00-00 00:00:00', 1, NULL, 0, 0, 1, 0),
(223, 'A-192MC', 'Marble F 60 60 mm x 3000 m', '-', '0000-00-00 00:00:00', '0000-00-00 00:00:00', 1, NULL, 0, 0, 1, 0),
(224, 'A-193MC', 'Well Mild 60 mm x 3000 m', '-', '0000-00-00 00:00:00', '0000-00-00 00:00:00', 1, NULL, 0, 0, 1, 0),
(225, 'A-194MC', 'Amos 45 45 mm x 3000 m', '-', '0000-00-00 00:00:00', '0000-00-00 00:00:00', 1, NULL, 0, 0, 1, 0),
(226, 'A-195MC', 'Ares Biru 52 mm x 3000 m', '-', '0000-00-00 00:00:00', '0000-00-00 00:00:00', 1, NULL, 0, 0, 1, 0),
(227, 'A-196MC', 'Ares Slimz Biru 62 mm x 3000 m', '-', '0000-00-00 00:00:00', '0000-00-00 00:00:00', 1, NULL, 0, 0, 1, 0),
(228, 'A-197MC', 'Ares Merah 52 mm x 3000 m', '-', '0000-00-00 00:00:00', '0000-00-00 00:00:00', 1, NULL, 0, 0, 1, 0),
(229, 'A-198MC', 'Pintu gerbang 64 mm x 3000 m', '-', '0000-00-00 00:00:00', '0000-00-00 00:00:00', 1, NULL, 0, 0, 1, 0),
(230, 'A-199MC', 'Clas Mild 60 mm x 3000 m', '-', '0000-00-00 00:00:00', '0000-00-00 00:00:00', 1, NULL, 0, 0, 1, 0),
(231, 'A-200MC', 'F1 Menthol 60 mm x 3000 m', '-', '0000-00-00 00:00:00', '0000-00-00 00:00:00', 1, NULL, 0, 0, 1, 0),
(232, 'A-201MC', 'N/A', '-', '0000-00-00 00:00:00', '0000-00-00 00:00:00', 1, NULL, 0, 0, 1, 0),
(233, 'A-202MC', 'N/A', '-', '0000-00-00 00:00:00', '0000-00-00 00:00:00', 1, NULL, 0, 0, 1, 0),
(234, 'A-203MC', 'N/A', '-', '0000-00-00 00:00:00', '0000-00-00 00:00:00', 1, NULL, 0, 0, 1, 0),
(235, 'A-204MC', 'Amos 52 52 mm x 3000 m', '-', '0000-00-00 00:00:00', '0000-00-00 00:00:00', 1, NULL, 0, 0, 1, 0),
(236, 'A-205MC', 'Skylite kecil 60 mm x 3000 m', '-', '0000-00-00 00:00:00', '0000-00-00 00:00:00', 1, NULL, 0, 0, 1, 0),
(237, 'A-206MC', 'N/A', '-', '0000-00-00 00:00:00', '0000-00-00 00:00:00', 1, NULL, 0, 0, 1, 0),
(238, 'A-207MC', 'N/A', '-', '0000-00-00 00:00:00', '0000-00-00 00:00:00', 1, NULL, 0, 0, 1, 0),
(239, 'A-208MC', 'KCN 89 50 mm x 3000 m', '-', '0000-00-00 00:00:00', '0000-00-00 00:00:00', 1, NULL, 0, 0, 1, 0),
(240, 'B-208MC', 'Kertas Roll R - 10 50 mm x 3000 m', '-', '0000-00-00 00:00:00', '0000-00-00 00:00:00', 1, NULL, 0, 0, 1, 0),
(241, 'A-209MC', 'N/A', '-', '0000-00-00 00:00:00', '0000-00-00 00:00:00', 1, NULL, 0, 0, 1, 0),
(242, 'A-210MC', 'Marble Ares 52 mm x 3000 m', '-', '0000-00-00 00:00:00', '0000-00-00 00:00:00', 1, NULL, 0, 0, 1, 0),
(243, 'A-211MC', 'N/A', '-', '0000-00-00 00:00:00', '0000-00-00 00:00:00', 1, NULL, 0, 0, 1, 0),
(244, 'A-212MC', 'N/A', '-', '0000-00-00 00:00:00', '0000-00-00 00:00:00', 1, NULL, 0, 0, 1, 0),
(245, 'A-213MC', 'Sinar 50 mm x 3000 m', '-', '0000-00-00 00:00:00', '0000-00-00 00:00:00', 1, NULL, 0, 0, 1, 0),
(246, 'A-214MC', 'S4 MILD 60 mm x 3000 m', '-', '0000-00-00 00:00:00', '0000-00-00 00:00:00', 1, NULL, 0, 0, 1, 0),
(247, 'B-214MC', 'Kertas Roll M - 15 60 mm x 3000 m', '-', '0000-00-00 00:00:00', '0000-00-00 00:00:00', 1, NULL, 0, 0, 1, 0),
(248, 'A-215MC', 'Blue Mild Menthol 60 mm x 3000 m', '-', '0000-00-00 00:00:00', '0000-00-00 00:00:00', 1, NULL, 0, 0, 1, 0),
(249, 'A-216MC', 'Duo Premium 50 mm x 3000 m', '-', '0000-00-00 00:00:00', '0000-00-00 00:00:00', 1, NULL, 0, 0, 1, 0),
(250, 'A-217MC', 'Exclusive 50 mm x 3000 m', '-', '0000-00-00 00:00:00', '0000-00-00 00:00:00', 1, NULL, 0, 0, 1, 0),
(251, 'A-218MC', 'Well Red 60 mm x 3000 m', '-', '0000-00-00 00:00:00', '0000-00-00 00:00:00', 1, NULL, 0, 0, 1, 0),
(252, 'A-219MC', 'Prisma Executive 68 mm x 3000 m', '-', '0000-00-00 00:00:00', '0000-00-00 00:00:00', 1, NULL, 0, 0, 1, 0),
(253, 'A-220MC', 'Gandum mas internasional 68 mm x 3000 m', '-', '0000-00-00 00:00:00', '0000-00-00 00:00:00', 1, NULL, 0, 0, 1, 0),
(254, 'A-221MC', 'Bintang Mas 60 60 mm x 3000 m', '-', '0000-00-00 00:00:00', '0000-00-00 00:00:00', 1, NULL, 0, 0, 1, 0),
(255, 'A-222MC', 'Jaya G 68 mm x 3000 m', '-', '0000-00-00 00:00:00', '0000-00-00 00:00:00', 1, NULL, 0, 0, 1, 0),
(256, 'A-223MC', 'Pintu gerbang internasional 68 mm x 3000 m', '-', '0000-00-00 00:00:00', '0000-00-00 00:00:00', 1, NULL, 0, 0, 1, 0),
(257, 'A-224MC', 'A Satu Menthol 54 mm x 3000 m', '-', '0000-00-00 00:00:00', '0000-00-00 00:00:00', 1, NULL, 0, 0, 1, 0),
(258, 'A-225MC', 'Harmoni 54 mm x 1500 m', '-', '0000-00-00 00:00:00', '0000-00-00 00:00:00', 1, NULL, 0, 0, 1, 0),
(259, 'A-226MC', 'Gerbang dunia 54 mm x 1500 m', '-', '0000-00-00 00:00:00', '0000-00-00 00:00:00', 1, NULL, 0, 0, 1, 0),
(260, 'A-227MC', 'A Satu Marble 56 mm x 3000 m', '-', '0000-00-00 00:00:00', '0000-00-00 00:00:00', 1, NULL, 0, 0, 1, 0),
(261, 'A-228MC', 'TJ Mild 60 mm x 3000 m', '-', '0000-00-00 00:00:00', '0000-00-00 00:00:00', 1, NULL, 0, 0, 1, 0),
(262, 'A-229MC', 'Top Ten Red 60 mm x 2000 m', '-', '0000-00-00 00:00:00', '0000-00-00 00:00:00', 1, NULL, 0, 0, 1, 0),
(263, 'A-230MC', 'Clove 50 mm x 3000 m', '-', '0000-00-00 00:00:00', '0000-00-00 00:00:00', 1, NULL, 0, 0, 1, 0),
(264, 'A-231MC', 'Bluwis Menthol 60 mm x 3000 m', '-', '0000-00-00 00:00:00', '0000-00-00 00:00:00', 1, NULL, 0, 0, 1, 0),
(265, 'B-231MC', 'Kertas Roll M - 06 60 mm x 3000 m', '-', '0000-00-00 00:00:00', '0000-00-00 00:00:00', 1, NULL, 0, 0, 1, 0),
(266, 'A-232MC', 'March 2 60 mm x 3000 m', '-', '0000-00-00 00:00:00', '0000-00-00 00:00:00', 1, NULL, 0, 0, 1, 0),
(267, 'A-233MC', 'Double Seven Menthol 60 mm x 3000 m', '-', '0000-00-00 00:00:00', '0000-00-00 00:00:00', 1, NULL, 0, 0, 1, 0),
(268, 'A-234MC', 'Cemara Mas 60 mm x 3000 m', '-', '0000-00-00 00:00:00', '0000-00-00 00:00:00', 1, NULL, 0, 0, 1, 0),
(269, 'A-235MC', 'Neslite Black 60 mm x 3000 m', '-', '0000-00-00 00:00:00', '0000-00-00 00:00:00', 1, NULL, 0, 0, 1, 0),
(270, 'B-235MC', 'Neslite Black 60 mm x 3000 m', '-', '0000-00-00 00:00:00', '0000-00-00 00:00:00', 1, NULL, 0, 0, 1, 0),
(271, 'A-236MC', 'Top Ten 3 Ungu 50 mm x 2000 m', '-', '0000-00-00 00:00:00', '0000-00-00 00:00:00', 1, NULL, 0, 0, 1, 0),
(272, 'A-237MC', 'Win Mild Premium 60 mm x 3000 m', '-', '0000-00-00 00:00:00', '0000-00-00 00:00:00', 1, NULL, 0, 0, 1, 0),
(273, 'A-238MC', 'N/A', '-', '0000-00-00 00:00:00', '0000-00-00 00:00:00', 1, NULL, 0, 0, 1, 0),
(274, 'A-239MC', 'N/A', '-', '0000-00-00 00:00:00', '0000-00-00 00:00:00', 1, NULL, 0, 0, 1, 0),
(275, 'A-240MC', 'Fix Black 60 mm x 3000 m', '-', '0000-00-00 00:00:00', '0000-00-00 00:00:00', 1, NULL, 0, 0, 1, 0),
(276, 'A-241MC', 'B Blue 60 mm x 2000 m', '-', '0000-00-00 00:00:00', '0000-00-00 00:00:00', 1, NULL, 0, 0, 1, 0),
(277, 'A-245MC', 'Everbest Merah 54 mm x 3000 m', '-', '0000-00-00 00:00:00', '0000-00-00 00:00:00', 1, NULL, 0, 0, 1, 0),
(278, 'A-246MC', 'Gudang Baru 54 54 mm x 3000 m', '-', '0000-00-00 00:00:00', '0000-00-00 00:00:00', 1, NULL, 0, 0, 1, 0),
(279, 'A-247MC', 'N/A', '-', '0000-00-00 00:00:00', '0000-00-00 00:00:00', 1, NULL, 0, 0, 1, 0),
(280, 'A-248MC', 'Marble F  56 mm x 3000 m', '-', '0000-00-00 00:00:00', '0000-00-00 00:00:00', 1, NULL, 0, 0, 1, 0),
(281, 'A-249MC', 'Marble M 40 mm x 3000 m', '-', '0000-00-00 00:00:00', '0000-00-00 00:00:00', 1, NULL, 0, 0, 1, 0),
(282, 'A-250MC', 'Bluwis Blue 60 mm x 3000 m', '-', '0000-00-00 00:00:00', '0000-00-00 00:00:00', 1, NULL, 0, 0, 1, 0),
(283, 'B-250MC', 'Kertas Roll M - 05 60 mm x 3000 m', '-', '0000-00-00 00:00:00', '0000-00-00 00:00:00', 1, NULL, 0, 0, 1, 0),
(284, 'A-251MC', 'Pine Black 50 mm x 3000 m', '-', '0000-00-00 00:00:00', '0000-00-00 00:00:00', 1, NULL, 0, 0, 1, 0),
(285, 'A-252MC', 'GT 2 64 mm x 3000 m', '-', '0000-00-00 00:00:00', '0000-00-00 00:00:00', 1, NULL, 0, 0, 1, 0),
(286, 'B-252MC', 'GT 2 (Non Perf) 64 mm x 3000 m', '-', '0000-00-00 00:00:00', '0000-00-00 00:00:00', 1, NULL, 0, 0, 1, 0),
(287, 'A-253MC', 'Gulden Elite (CT008) 50 mm x 3000 m', '-', '0000-00-00 00:00:00', '0000-00-00 00:00:00', 1, NULL, 0, 0, 1, 0),
(288, 'A-254MC', 'Pensil 50 mm x 3000 m', '-', '0000-00-00 00:00:00', '0000-00-00 00:00:00', 1, NULL, 0, 0, 1, 0),
(289, 'A-255MC', 'OL Mild 60 mm x 3000 m', '-', '0000-00-00 00:00:00', '0000-00-00 00:00:00', 1, NULL, 0, 0, 1, 0),
(290, 'A-256MC', 'Real Mild 60 mm x 3000 m', '-', '0000-00-00 00:00:00', '0000-00-00 00:00:00', 1, NULL, 0, 0, 1, 0),
(291, 'A-257MC', 'Pintu gerbang executive 68 mm x 3000 m', '-', '0000-00-00 00:00:00', '0000-00-00 00:00:00', 1, NULL, 0, 0, 1, 0),
(292, 'A-258MC', 'Master Mild 2 60 mm x 3000 m', '-', '0000-00-00 00:00:00', '0000-00-00 00:00:00', 1, NULL, 0, 0, 1, 0),
(293, 'A-259MC', 'Gandum International Hitam 68 mm x 3000 m', '-', '0000-00-00 00:00:00', '0000-00-00 00:00:00', 1, NULL, 0, 0, 1, 0),
(294, 'A-260MC', 'Gudang Baru Mild 60 mm x 1500 m', '-', '0000-00-00 00:00:00', '0000-00-00 00:00:00', 1, NULL, 0, 0, 1, 0),
(295, 'A-261MC', 'Ion Menthol 60 mm x 3000 m', '-', '0000-00-00 00:00:00', '0000-00-00 00:00:00', 1, NULL, 0, 0, 1, 0),
(296, 'A-262MC', 'Laksa 60 mm x 3000 m', '-', '0000-00-00 00:00:00', '0000-00-00 00:00:00', 1, NULL, 0, 0, 1, 0),
(297, 'A-263MC', 'TJ Marble 60 mm x 3000 m', '-', '0000-00-00 00:00:00', '0000-00-00 00:00:00', 1, NULL, 0, 0, 1, 0),
(298, 'A-264MC', 'Ion Mild 60 mm x 3000 m', '-', '0000-00-00 00:00:00', '0000-00-00 00:00:00', 1, NULL, 0, 0, 1, 0),
(299, 'A-265MC', 'N/A', '-', '0000-00-00 00:00:00', '0000-00-00 00:00:00', 1, NULL, 0, 0, 1, 0),
(300, 'A-266MC', 'N/A', '-', '0000-00-00 00:00:00', '0000-00-00 00:00:00', 1, NULL, 0, 0, 1, 0),
(301, 'A-267MC', 'N/A', '-', '0000-00-00 00:00:00', '0000-00-00 00:00:00', 1, NULL, 0, 0, 1, 0),
(302, 'A-268MC', 'Marble N 54 mm x 3000 m', '-', '0000-00-00 00:00:00', '0000-00-00 00:00:00', 1, NULL, 0, 0, 1, 0),
(303, 'B-268MC', 'Marble N 54 mm x 4000 m', '-', '0000-00-00 00:00:00', '0000-00-00 00:00:00', 1, NULL, 0, 0, 1, 0),
(304, 'A-269MC', 'Marble O 38 mm x 3000 m', '-', '0000-00-00 00:00:00', '0000-00-00 00:00:00', 1, NULL, 0, 0, 1, 0),
(305, 'B-269MC', 'Marble O 38 mm x 4000 m', '-', '0000-00-00 00:00:00', '0000-00-00 00:00:00', 1, NULL, 0, 0, 1, 0),
(306, 'A-270MC', 'N/A', '-', '0000-00-00 00:00:00', '0000-00-00 00:00:00', 1, NULL, 0, 0, 1, 0),
(307, 'A-271MC', 'Marble F 54 Cakra 54 mm x 3000 m', '-', '0000-00-00 00:00:00', '0000-00-00 00:00:00', 1, NULL, 0, 0, 1, 0),
(308, 'A-272MC', 'N/A', '-', '0000-00-00 00:00:00', '0000-00-00 00:00:00', 1, NULL, 0, 0, 1, 0),
(309, 'A-273MC', 'R3 50 mm x 3000 m', '-', '0000-00-00 00:00:00', '0000-00-00 00:00:00', 1, NULL, 0, 0, 1, 0),
(310, 'A-274MC', 'Mr. D Mild 54 mm x 3000 m', '-', '0000-00-00 00:00:00', '0000-00-00 00:00:00', 1, NULL, 0, 0, 1, 0),
(311, 'A-275MC', 'APV 50 mm x 3000 m', '-', '0000-00-00 00:00:00', '0000-00-00 00:00:00', 1, NULL, 0, 0, 1, 0),
(312, 'A-276MC', 'Blitz 60 mm x 3000 m', '-', '0000-00-00 00:00:00', '0000-00-00 00:00:00', 1, NULL, 0, 0, 1, 0),
(313, 'A-277MC', 'GT Silver 60 mm x 3000 m', '-', '0000-00-00 00:00:00', '0000-00-00 00:00:00', 1, NULL, 0, 0, 1, 0),
(314, 'A-278MC', 'GT Black 60 mm x 3000 m', '-', '0000-00-00 00:00:00', '0000-00-00 00:00:00', 1, NULL, 0, 0, 1, 0),
(315, 'A-279MC', 'Proton 50 mm x 3000 m', '-', '0000-00-00 00:00:00', '0000-00-00 00:00:00', 1, NULL, 0, 0, 1, 0),
(316, 'A-280MC', 'N/A', '-', '0000-00-00 00:00:00', '0000-00-00 00:00:00', 1, NULL, 0, 0, 1, 0),
(317, 'A-281MC', 'N/A', '-', '0000-00-00 00:00:00', '0000-00-00 00:00:00', 1, NULL, 0, 0, 1, 0),
(318, 'A-282MC', 'Esse Mild 70 mm x 3000 m', '-', '0000-00-00 00:00:00', '0000-00-00 00:00:00', 1, NULL, 0, 0, 1, 0),
(319, 'A-283MC', 'Esse Menthol 70 mm x 3000 m', '-', '0000-00-00 00:00:00', '0000-00-00 00:00:00', 1, NULL, 0, 0, 1, 0),
(320, 'A-284MC', 'Pine Green 50 mm x 3000 m', '-', '0000-00-00 00:00:00', '0000-00-00 00:00:00', 1, NULL, 0, 0, 1, 0),
(321, 'A-285MC', 'Cakra Red Blue 54 mm x 3000 m', '-', '0000-00-00 00:00:00', '0000-00-00 00:00:00', 1, NULL, 0, 0, 1, 0),
(322, 'A-286MC', 'N/A', '-', '0000-00-00 00:00:00', '0000-00-00 00:00:00', 1, NULL, 0, 0, 1, 0),
(323, 'A-287MC', 'N/A', '-', '0000-00-00 00:00:00', '0000-00-00 00:00:00', 1, NULL, 0, 0, 1, 0),
(324, 'A-288MC', 'A Satu Black 54 mm x 3000 m', '-', '0000-00-00 00:00:00', '0000-00-00 00:00:00', 1, NULL, 0, 0, 1, 0),
(325, 'A-289MC', 'N/A', '-', '0000-00-00 00:00:00', '0000-00-00 00:00:00', 1, NULL, 0, 0, 1, 0),
(326, 'A-290MC', 'Red Mild Black Red 60 mm x 1500 m', '-', '0000-00-00 00:00:00', '0000-00-00 00:00:00', 1, NULL, 0, 0, 1, 0),
(327, 'A-291MC', 'RMX White 54 mm x 1500 m', '-', '0000-00-00 00:00:00', '0000-00-00 00:00:00', 1, NULL, 0, 0, 1, 0),
(328, 'A-292MC', 'Andalas 60 mm x 3000 m', '-', '0000-00-00 00:00:00', '0000-00-00 00:00:00', 1, NULL, 0, 0, 1, 0),
(329, 'A-293MC', 'RMX Black 54 mm x 1500 m', '-', '0000-00-00 00:00:00', '0000-00-00 00:00:00', 1, NULL, 0, 0, 1, 0),
(330, 'A-294MC', 'S Mild Menthol 60 mm x 3000 m', '-', '0000-00-00 00:00:00', '0000-00-00 00:00:00', 1, NULL, 0, 0, 1, 0),
(331, 'A-295MC', 'Navajo 60 mm x 3000 m', '-', '0000-00-00 00:00:00', '0000-00-00 00:00:00', 1, NULL, 0, 0, 1, 0),
(332, 'A-296MC', 'Gudang Baru Mild Menthol 60 mm x 1500 m', '-', '0000-00-00 00:00:00', '0000-00-00 00:00:00', 1, NULL, 0, 0, 1, 0),
(333, 'A-297MC', 'Red Mild Black Menthol 60 mm x 1500 m', '-', '0000-00-00 00:00:00', '0000-00-00 00:00:00', 1, NULL, 0, 0, 1, 0),
(334, 'A-298MC', 'Gudang Cengkeh 50 mm x 3000 m', '-', '0000-00-00 00:00:00', '0000-00-00 00:00:00', 1, NULL, 0, 0, 1, 0),
(335, 'B-298MC', 'Kertas Roll R - 35 50 mm x 3000 m', '-', '0000-00-00 00:00:00', '0000-00-00 00:00:00', 1, NULL, 0, 0, 1, 0),
(336, 'A-299MC', 'N/A', '-', '0000-00-00 00:00:00', '0000-00-00 00:00:00', 1, NULL, 0, 0, 1, 0),
(337, 'A-300MC', 'M 2000 60 mm x 3000 m', '-', '0000-00-00 00:00:00', '0000-00-00 00:00:00', 1, NULL, 0, 0, 1, 0),
(338, 'A-301MC', 'Cakra Kresna 54 mm x 3000 m', '-', '0000-00-00 00:00:00', '0000-00-00 00:00:00', 1, NULL, 0, 0, 1, 0),
(339, 'A-302MC', 'Sobate 50 mm x 3000 m', '-', '0000-00-00 00:00:00', '0000-00-00 00:00:00', 1, NULL, 0, 0, 1, 0),
(340, 'A-303MC', 'Ion Cozi 60 mm x 3000 m', '-', '0000-00-00 00:00:00', '0000-00-00 00:00:00', 1, NULL, 0, 0, 1, 0),
(341, 'A-304MC', 'Grand Max 50 mm x 3000 m', '-', '0000-00-00 00:00:00', '0000-00-00 00:00:00', 1, NULL, 0, 0, 1, 0),
(342, 'A-305MC', 'Black Bril 60 mm x 3000 m', '-', '0000-00-00 00:00:00', '0000-00-00 00:00:00', 1, NULL, 0, 0, 1, 0),
(343, 'A-306MC', 'Neslite Gold 60 mm x 3000 m', '-', '0000-00-00 00:00:00', '0000-00-00 00:00:00', 1, NULL, 0, 0, 1, 0),
(344, 'A-307MC', 'Tabaco XX 50 mm x 3000 m', '-', '0000-00-00 00:00:00', '0000-00-00 00:00:00', 1, NULL, 0, 0, 1, 0),
(345, 'A-308MC', 'Vivo 60 mm x 3000 m', '-', '0000-00-00 00:00:00', '0000-00-00 00:00:00', 1, NULL, 0, 0, 1, 0),
(346, 'A-309MC', 'Premier 60 mm x 3000 m', '-', '0000-00-00 00:00:00', '0000-00-00 00:00:00', 1, NULL, 0, 0, 1, 0),
(347, 'A-310MC', 'B Blue Menthol 60 mm x 3000 m', '-', '0000-00-00 00:00:00', '0000-00-00 00:00:00', 1, NULL, 0, 0, 1, 0),
(348, 'A-311MC', 'Altria 60 mm x 3000 m', '-', '0000-00-00 00:00:00', '0000-00-00 00:00:00', 1, NULL, 0, 0, 1, 0),
(349, 'A-312MC', 'Laster 50 mm x 3000 m', '-', '0000-00-00 00:00:00', '0000-00-00 00:00:00', 1, NULL, 0, 0, 1, 0),
(350, 'A-313MC', 'Phinisi 50 mm x 3000 m', '-', '0000-00-00 00:00:00', '0000-00-00 00:00:00', 1, NULL, 0, 0, 1, 0),
(351, 'A-314MC', 'Orange 60 mm x 3000 m', '-', '0000-00-00 00:00:00', '0000-00-00 00:00:00', 1, NULL, 0, 0, 1, 0),
(352, 'A-315MC', 'Raiders 60 mm x 3000 m', '-', '0000-00-00 00:00:00', '0000-00-00 00:00:00', 1, NULL, 0, 0, 1, 0),
(353, 'A-316MC', '4U 60 mm x 3000 m', '-', '0000-00-00 00:00:00', '0000-00-00 00:00:00', 1, NULL, 0, 0, 1, 0),
(354, 'A-317MC', 'Black Line Gold 60 60 mm x 3000 m', '-', '0000-00-00 00:00:00', '0000-00-00 00:00:00', 1, NULL, 0, 0, 1, 0),
(355, 'A-318MC', 'Black Line Gold 50 50 mm x 3000 m', '-', '0000-00-00 00:00:00', '0000-00-00 00:00:00', 1, NULL, 0, 0, 1, 0),
(356, 'A-319MC', 'Option 60 mm x 3000 m', '-', '0000-00-00 00:00:00', '0000-00-00 00:00:00', 1, NULL, 0, 0, 1, 0),
(357, 'A-320MC', 'H Mind 60 mm x 3000 m', '-', '0000-00-00 00:00:00', '0000-00-00 00:00:00', 1, NULL, 0, 0, 1, 0),
(358, 'A-321MC', 'Event 60 mm x 3000 m', '-', '0000-00-00 00:00:00', '0000-00-00 00:00:00', 1, NULL, 0, 0, 1, 0),
(359, 'A-322MC', 'S Class 60 mm x 3000 m', '-', '0000-00-00 00:00:00', '0000-00-00 00:00:00', 1, NULL, 0, 0, 1, 0),
(360, 'A-323MC', 'U19 60 mm x 3000 m', '-', '0000-00-00 00:00:00', '0000-00-00 00:00:00', 1, NULL, 0, 0, 1, 0),
(361, 'A-324MC', 'N/A', '-', '0000-00-00 00:00:00', '0000-00-00 00:00:00', 1, NULL, 0, 0, 1, 0),
(362, 'A-325MC', 'N/A', '-', '0000-00-00 00:00:00', '0000-00-00 00:00:00', 1, NULL, 0, 0, 1, 0),
(363, 'A-326MC', 'N/A', '-', '0000-00-00 00:00:00', '0000-00-00 00:00:00', 1, NULL, 0, 0, 1, 0),
(364, 'A-327MC', 'Grand Max Mild 60 mm x 3000 m', '-', '0000-00-00 00:00:00', '0000-00-00 00:00:00', 1, NULL, 0, 0, 1, 0),
(365, 'A-328MC', 'N/A', '-', '0000-00-00 00:00:00', '0000-00-00 00:00:00', 1, NULL, 0, 0, 1, 0),
(366, 'A-329MC', 'Gass Mild 60 mm x 3000 m', '-', '0000-00-00 00:00:00', '0000-00-00 00:00:00', 1, NULL, 0, 0, 1, 0),
(367, 'A-330MC', 'Marble A Atraco 50 mm x 3000 m', '-', '0000-00-00 00:00:00', '0000-00-00 00:00:00', 1, NULL, 0, 0, 1, 0),
(368, 'A-331MC', 'S Bintang Marble 50 mm x 3000 m', '-', '0000-00-00 00:00:00', '0000-00-00 00:00:00', 1, NULL, 0, 0, 1, 0),
(369, 'B-331MC', 'Kertas Roll R - 15 50 mm x 3000 m', '-', '0000-00-00 00:00:00', '0000-00-00 00:00:00', 1, NULL, 0, 0, 1, 0),
(370, 'A-332MC', 'Navajo White 60 mm x 3000 m', '-', '0000-00-00 00:00:00', '0000-00-00 00:00:00', 1, NULL, 0, 0, 1, 0),
(371, 'A-333MC', 'Marble P Gagak Hitam 50 mm x 3000 m', '-', '0000-00-00 00:00:00', '0000-00-00 00:00:00', 1, NULL, 0, 0, 1, 0),
(372, 'B-333MC', 'Kertas Roll R - 25 50 mm x 3000 m', '-', '0000-00-00 00:00:00', '0000-00-00 00:00:00', 1, NULL, 0, 0, 1, 0),
(373, 'A-334MC', 'White Logo Super 50 mm x 3000 m', '-', '0000-00-00 00:00:00', '0000-00-00 00:00:00', 1, NULL, 0, 0, 1, 0),
(374, 'A-335MC', 'Harmoni Mild 60 mm x 1500 m', '-', '0000-00-00 00:00:00', '0000-00-00 00:00:00', 1, NULL, 0, 0, 1, 0),
(375, 'A-336MC', 'Harmoni Menthol 60 mm x 1500 m', '-', '0000-00-00 00:00:00', '0000-00-00 00:00:00', 1, NULL, 0, 0, 1, 0),
(376, 'A-337MC', 'Seven 50 mm x 3000 m', '-', '0000-00-00 00:00:00', '0000-00-00 00:00:00', 1, NULL, 0, 0, 1, 0),
(377, 'A-338MC', 'Equal 60 mm x 3000 m', '-', '0000-00-00 00:00:00', '0000-00-00 00:00:00', 1, NULL, 0, 0, 1, 0),
(378, 'A-339MC', 'Marble G Jaleca 50 mm x 3000 m', '-', '0000-00-00 00:00:00', '0000-00-00 00:00:00', 1, NULL, 0, 0, 1, 0),
(379, 'A-340MC', 'Niu Mild 60 mm x 3000 m', '-', '0000-00-00 00:00:00', '0000-00-00 00:00:00', 1, NULL, 0, 0, 1, 0),
(380, 'A-341MC', 'N/A', '-', '0000-00-00 00:00:00', '0000-00-00 00:00:00', 1, NULL, 0, 0, 1, 0),
(381, 'B-342MC', 'White Polos (Perf) 60 mm x 3000 m', '-', '0000-00-00 00:00:00', '0000-00-00 00:00:00', 1, NULL, 0, 0, 1, 0),
(382, 'A-342MC', 'White Polos (Non Perf) 60 mm x 3000 m', '-', '0000-00-00 00:00:00', '0000-00-00 00:00:00', 1, NULL, 0, 0, 1, 0),
(383, 'A-343MC', 'Millions Red 60 mm x 3000 m', '-', '0000-00-00 00:00:00', '0000-00-00 00:00:00', 1, NULL, 0, 0, 1, 0),
(384, 'A-344MC', 'Millions Gold 50 mm x 3000 m', '-', '0000-00-00 00:00:00', '0000-00-00 00:00:00', 1, NULL, 0, 0, 1, 0),
(385, 'A-345MC', 'Marolo 60 mm x 3000 m', '-', '0000-00-00 00:00:00', '0000-00-00 00:00:00', 1, NULL, 0, 0, 1, 0),
(386, 'A-346MC', 'Clove Mild 60 mm x 3000 m', '-', '0000-00-00 00:00:00', '0000-00-00 00:00:00', 1, NULL, 0, 0, 1, 0),
(387, 'A-347MC', 'Logo Grand 60 mm x 3000 m', '-', '0000-00-00 00:00:00', '0000-00-00 00:00:00', 1, NULL, 0, 0, 1, 0),
(388, 'A-348MC', 'EROS 52 mm x 3000 m', '-', '0000-00-00 00:00:00', '0000-00-00 00:00:00', 1, NULL, 0, 0, 1, 0),
(389, 'A-349MC', 'Esse kretek Black 70 mm x 3000 m', '-', '0000-00-00 00:00:00', '0000-00-00 00:00:00', 1, NULL, 0, 0, 1, 0),
(390, 'A-350MC', 'N/A', '-', '0000-00-00 00:00:00', '0000-00-00 00:00:00', 1, NULL, 0, 0, 1, 0),
(391, 'A-351MC', 'White Blank Amos 48 mm x 3000 m', '-', '0000-00-00 00:00:00', '0000-00-00 00:00:00', 1, NULL, 0, 0, 1, 0),
(392, 'A-352MC', 'Sejati Marble 50 mm x 3000 m', '-', '0000-00-00 00:00:00', '0000-00-00 00:00:00', 1, NULL, 0, 0, 1, 0),
(393, 'B-352MC', 'Kertas Roll R - 22 50 mm x 3000 m', '-', '0000-00-00 00:00:00', '0000-00-00 00:00:00', 1, NULL, 0, 0, 1, 0),
(394, 'A-353MC', 'NOAH 54 mm x 3000 m', '-', '0000-00-00 00:00:00', '0000-00-00 00:00:00', 1, NULL, 0, 0, 1, 0),
(395, 'A-354MC', 'Aston 60 mm x 3000 m', '-', '0000-00-00 00:00:00', '0000-00-00 00:00:00', 1, NULL, 0, 0, 1, 0),
(396, 'A-355MC', 'N/A', '-', '0000-00-00 00:00:00', '0000-00-00 00:00:00', 1, NULL, 0, 0, 1, 0),
(397, 'A-356MC', 'N/A', '-', '0000-00-00 00:00:00', '0000-00-00 00:00:00', 1, NULL, 0, 0, 1, 0),
(398, 'A-357MC', 'N/A', '-', '0000-00-00 00:00:00', '0000-00-00 00:00:00', 1, NULL, 0, 0, 1, 0),
(399, 'A-358 MC', 'Masada 3 Slim 60 mm x 3000 m', '-', '0000-00-00 00:00:00', '0000-00-00 00:00:00', 1, NULL, 0, 0, 1, 0),
(400, 'A-359MC', 'Cahaya Pro Line Silver 60 mm x 3000 m', '-', '0000-00-00 00:00:00', '0000-00-00 00:00:00', 1, NULL, 0, 0, 1, 0),
(401, 'B-359MC', 'Kertas Roll M - 07 60 mm x 3000 m', '-', '0000-00-00 00:00:00', '0000-00-00 00:00:00', 1, NULL, 0, 0, 1, 0),
(402, 'A-360MC', 'USA 60 mm x 3000 m', '-', '0000-00-00 00:00:00', '0000-00-00 00:00:00', 1, NULL, 0, 0, 1, 0),
(403, 'B-360MC', 'Kertas Roll M - 16 60 mm x 3000 m', '-', '0000-00-00 00:00:00', '0000-00-00 00:00:00', 1, NULL, 0, 0, 1, 0),
(404, 'A-361MC', 'Milder Mild 60 mm x 3000 m', '-', '0000-00-00 00:00:00', '0000-00-00 00:00:00', 1, NULL, 0, 0, 1, 0),
(405, 'B-361MC', 'Kertas Roll M - 12 60 mm x 3000 m', '-', '0000-00-00 00:00:00', '0000-00-00 00:00:00', 1, NULL, 0, 0, 1, 0),
(406, 'A-362MC', 'Rolling Green 60 mm x 3000 m', '-', '0000-00-00 00:00:00', '0000-00-00 00:00:00', 1, NULL, 0, 0, 1, 0),
(407, 'B-362MC', 'Kertas Roll M - 13 60 mm x 3000 m', '-', '0000-00-00 00:00:00', '0000-00-00 00:00:00', 1, NULL, 0, 0, 1, 0),
(408, 'A-363MC', 'Marble Lexus 50 mm x 3000 m', '-', '0000-00-00 00:00:00', '0000-00-00 00:00:00', 1, NULL, 0, 0, 1, 0),
(409, 'A-364MC', 'Frend 50 mm x 3000 m', '-', '0000-00-00 00:00:00', '0000-00-00 00:00:00', 1, NULL, 0, 0, 1, 0),
(410, 'B-364MC', 'Kertas Roll R - 06 50 mm x 3000 m', '-', '0000-00-00 00:00:00', '0000-00-00 00:00:00', 1, NULL, 0, 0, 1, 0),
(411, 'A-365MC', 'Sakura Mini ', '-', '0000-00-00 00:00:00', '0000-00-00 00:00:00', 1, NULL, 0, 0, 1, 0),
(412, 'B-365MC', 'Kertas Roll M - 17 60 mm x 3000 m', '-', '0000-00-00 00:00:00', '0000-00-00 00:00:00', 1, NULL, 0, 0, 1, 0),
(413, 'A-366MC', 'Single Line 60 Silver 60 mm x 3000 m', '-', '0000-00-00 00:00:00', '0000-00-00 00:00:00', 1, NULL, 0, 0, 1, 0),
(414, 'B-366MC', 'Kertas Roll M - 02 60 mm x 3000 m', '-', '0000-00-00 00:00:00', '0000-00-00 00:00:00', 1, NULL, 0, 0, 1, 0),
(415, 'A-367MC', 'Marble Djeruk 2 50 mm x 3000 m', '-', '0000-00-00 00:00:00', '0000-00-00 00:00:00', 1, NULL, 0, 0, 1, 0),
(416, 'A-368MC', 'Frio 50 mm x 3000 m', '-', '0000-00-00 00:00:00', '0000-00-00 00:00:00', 1, NULL, 0, 0, 1, 0),
(417, 'B-368MC', 'Kertas Roll R - 07 50 mm x 3000 m', '-', '0000-00-00 00:00:00', '0000-00-00 00:00:00', 1, NULL, 0, 0, 1, 0),
(418, 'A-369MC', 'Dot 4 2 50 mm x 3000 m', '-', '0000-00-00 00:00:00', '0000-00-00 00:00:00', 1, NULL, 0, 0, 1, 0),
(419, 'A-370MC', 'Casino Marble 50 mm x 3000 m', '-', '0000-00-00 00:00:00', '0000-00-00 00:00:00', 1, NULL, 0, 0, 1, 0),
(420, 'B-370MC', 'Kertas Roll R - 04 50 mm x 3000 m', '-', '0000-00-00 00:00:00', '0000-00-00 00:00:00', 1, NULL, 0, 0, 1, 0),
(421, 'A-371MC', 'Super Sukses 50 mm x 3000 m', '-', '0000-00-00 00:00:00', '0000-00-00 00:00:00', 1, NULL, 0, 0, 1, 0),
(422, 'B-371MC', 'Kertas Roll R - 17 50 mm x 3000 m', '-', '0000-00-00 00:00:00', '0000-00-00 00:00:00', 1, NULL, 0, 0, 1, 0),
(423, 'A-372MC', 'Aston Black 60 mm x 3000 m', '-', '0000-00-00 00:00:00', '0000-00-00 00:00:00', 1, NULL, 0, 0, 1, 0),
(424, 'A-373MC', 'Marble A Kudus 50 mm x 3000 m', '-', '0000-00-00 00:00:00', '0000-00-00 00:00:00', 1, NULL, 0, 0, 1, 0),
(425, 'A-374MC', 'Monas 50 mm x 3000 m', '-', '0000-00-00 00:00:00', '0000-00-00 00:00:00', 1, NULL, 0, 0, 1, 0),
(426, 'B-374MC', 'Kertas Roll R - 14 50 mm x 3000 m', '-', '0000-00-00 00:00:00', '0000-00-00 00:00:00', 1, NULL, 0, 0, 1, 0),
(427, 'A-375MC', 'Harier 50 mm x 3000 m', '-', '0000-00-00 00:00:00', '0000-00-00 00:00:00', 1, NULL, 0, 0, 1, 0),
(428, 'B-375MC', 'Kertas Roll R - 09 50 mm x 3000 m', '-', '0000-00-00 00:00:00', '0000-00-00 00:00:00', 1, NULL, 0, 0, 1, 0),
(429, 'A-376MC', 'Big Mild 60 mm x 3000 m', '-', '0000-00-00 00:00:00', '0000-00-00 00:00:00', 1, NULL, 0, 0, 1, 0),
(430, 'B-376MC', 'Kertas Roll M - 03 60 mm x 3000 m', '-', '0000-00-00 00:00:00', '0000-00-00 00:00:00', 1, NULL, 0, 0, 1, 0),
(431, 'A-377MC', 'Black Line Gold 50 mm x 3000 m', '-', '0000-00-00 00:00:00', '0000-00-00 00:00:00', 1, NULL, 0, 0, 1, 0),
(432, 'A-378MC', 'Gedung Cengkeh 50 mm x 3000 m', '-', '0000-00-00 00:00:00', '0000-00-00 00:00:00', 1, NULL, 0, 0, 1, 0);
INSERT INTO `products` (`id`, `code`, `name`, `unit`, `created_at`, `updated_at`, `product_categories_id`, `colours_id`, `initial_qty`, `initial_half_qty`, `uom_id`, `deleted`) VALUES
(433, 'B-378MC', 'Kertas Roll R - 08 50 mm x 3000 m', '-', '0000-00-00 00:00:00', '0000-00-00 00:00:00', 1, NULL, 0, 0, 1, 0),
(434, 'A-379MC', 'Cahaya Pro Line Gold 60 mm x 3000 m', '-', '0000-00-00 00:00:00', '0000-00-00 00:00:00', 1, NULL, 0, 0, 1, 0),
(435, 'B-379MC', 'Kertas Roll M - 08 60 mm x 3000 m', '-', '0000-00-00 00:00:00', '0000-00-00 00:00:00', 1, NULL, 0, 0, 1, 0),
(436, 'A-380MC', 'UN Lights 60 mm x 3000 m', '-', '0000-00-00 00:00:00', '0000-00-00 00:00:00', 1, NULL, 0, 0, 1, 0),
(437, 'A-381MC', 'Everbest Menthol 54 mm x 3000 m', '-', '0000-00-00 00:00:00', '0000-00-00 00:00:00', 1, NULL, 0, 0, 1, 0),
(438, 'A-382MC', 'Milder Menthol 60 mm x 3000 m', '-', '0000-00-00 00:00:00', '0000-00-00 00:00:00', 1, NULL, 0, 0, 1, 0),
(439, 'B-382MC', 'Kertas Roll M - 11 60 mm x 3000 m', '-', '0000-00-00 00:00:00', '0000-00-00 00:00:00', 1, NULL, 0, 0, 1, 0),
(440, 'A-383MC', 'Bima Marble 50 mm x 3000 m', '-', '0000-00-00 00:00:00', '0000-00-00 00:00:00', 1, NULL, 0, 0, 1, 0),
(441, 'B-383MC', 'Kertas Roll R - 20 50 mm x 3000 m', '-', '0000-00-00 00:00:00', '0000-00-00 00:00:00', 1, NULL, 0, 0, 1, 0),
(442, 'A-384MC', 'Zinovog 50 mm x 3000 m', '-', '0000-00-00 00:00:00', '0000-00-00 00:00:00', 1, NULL, 0, 0, 1, 0),
(443, 'B-384MC', 'Kertas Roll R - 19 50 mm x 3000 m', '-', '0000-00-00 00:00:00', '0000-00-00 00:00:00', 1, NULL, 0, 0, 1, 0),
(444, 'A-385MC', 'S Black 60 mm x 3000 m', '-', '0000-00-00 00:00:00', '0000-00-00 00:00:00', 1, NULL, 0, 0, 1, 0),
(445, 'A-386MC', 'Black Double Line Gold 60 60 mm x 3000 m', '-', '0000-00-00 00:00:00', '0000-00-00 00:00:00', 1, NULL, 0, 0, 1, 0),
(446, 'A-387MC', 'Dot4 Single Line Gold 60 60 mm x 3000 m', '-', '0000-00-00 00:00:00', '0000-00-00 00:00:00', 1, NULL, 0, 0, 1, 0),
(447, 'A-388MC', 'White Wieslav Marble 50 mm x 3000 m', '-', '0000-00-00 00:00:00', '0000-00-00 00:00:00', 1, NULL, 0, 0, 1, 0),
(448, 'A-389MC', 'Berlian 50 mm x 3000 m', '-', '0000-00-00 00:00:00', '0000-00-00 00:00:00', 1, NULL, 0, 0, 1, 0),
(449, 'B-389MC', 'Kertas Roll R - 02 50 mm x 3000 m', '-', '0000-00-00 00:00:00', '0000-00-00 00:00:00', 1, NULL, 0, 0, 1, 0),
(450, 'A-390MC', 'Arena 50 mm x 3000 m', '-', '0000-00-00 00:00:00', '0000-00-00 00:00:00', 1, NULL, 0, 0, 1, 0),
(451, 'B-390MC', 'Kertas Roll R - 01 50 mm x 3000 m', '-', '0000-00-00 00:00:00', '0000-00-00 00:00:00', 1, NULL, 0, 0, 1, 0),
(452, 'A-391MC', 'Millions Black Gold 50 mm x 3000 m', '-', '0000-00-00 00:00:00', '0000-00-00 00:00:00', 1, NULL, 0, 0, 1, 0),
(453, 'A-392MC', 'S Blue 60 mm x 3000 m', '-', '0000-00-00 00:00:00', '0000-00-00 00:00:00', 1, NULL, 0, 0, 1, 0),
(454, 'A-393MC', 'Rolling Red 60 mm x 3000 m', '-', '0000-00-00 00:00:00', '0000-00-00 00:00:00', 1, NULL, 0, 0, 1, 0),
(455, 'B-393MC', 'Kertas Roll M - 14 60 mm x 3000 m', '-', '0000-00-00 00:00:00', '0000-00-00 00:00:00', 1, NULL, 0, 0, 1, 0),
(456, 'A-394MC', 'Blis Mild 60 mm x 3000 m', '-', '0000-00-00 00:00:00', '0000-00-00 00:00:00', 1, NULL, 0, 0, 1, 0),
(457, ' B-394MC', 'Kertas Roll M - 04 60 mm x 3000 m', '-', '0000-00-00 00:00:00', '0000-00-00 00:00:00', 1, NULL, 0, 0, 1, 0),
(458, 'A-395MC', 'Marble B Kudus 50 mm x 3000 m', '-', '0000-00-00 00:00:00', '0000-00-00 00:00:00', 1, NULL, 0, 0, 1, 0),
(459, 'A-396MC', 'S Super Marble 50 mm x 3000 m', '-', '0000-00-00 00:00:00', '0000-00-00 00:00:00', 1, NULL, 0, 0, 1, 0),
(460, 'A-397MC', 'Sobate Mable 50 mm x 3000 m', '-', '0000-00-00 00:00:00', '0000-00-00 00:00:00', 1, NULL, 0, 0, 1, 0),
(461, 'B-397MC', 'Kertas Roll R - 16 50 mm x 3000 m', '-', '0000-00-00 00:00:00', '0000-00-00 00:00:00', 1, NULL, 0, 0, 1, 0),
(462, 'A-398MC', 'Level 50 mm x 3000 m', '-', '0000-00-00 00:00:00', '0000-00-00 00:00:00', 1, NULL, 0, 0, 1, 0),
(463, 'B-398MC', 'Kertas Roll R - 11 50 mm x 3000 m', '-', '0000-00-00 00:00:00', '0000-00-00 00:00:00', 1, NULL, 0, 0, 1, 0),
(464, 'A-399MC', 'ZA Super 50 mm x 3000 m', '-', '0000-00-00 00:00:00', '0000-00-00 00:00:00', 1, NULL, 0, 0, 1, 0),
(465, 'B-399MC', 'Kertas Roll R - 18 50 mm x 3000 m', '-', '0000-00-00 00:00:00', '0000-00-00 00:00:00', 1, NULL, 0, 0, 1, 0),
(466, 'A-402MC', 'Hiper Mild 60 mm x 3000 m', '-', '0000-00-00 00:00:00', '0000-00-00 00:00:00', 1, NULL, 0, 0, 1, 0),
(467, 'B-402MC', 'Kertas Roll M - 09 60 mm x 3000 m', '-', '0000-00-00 00:00:00', '0000-00-00 00:00:00', 1, NULL, 0, 0, 1, 0),
(468, 'A-403MC', 'KR Mild 60 mm x 3000 m', '-', '0000-00-00 00:00:00', '0000-00-00 00:00:00', 1, NULL, 0, 0, 1, 0),
(469, 'B-403MC', 'Kertas Roll M - 10 60 mm x 3000 m', '-', '0000-00-00 00:00:00', '0000-00-00 00:00:00', 1, NULL, 0, 0, 1, 0),
(470, 'A-404MC', 'Coffee Mild 60 mm x 3000 m', '-', '0000-00-00 00:00:00', '0000-00-00 00:00:00', 1, NULL, 0, 0, 1, 0),
(471, 'A-405MC', 'Millioner 50 mm x 3000 m', '-', '0000-00-00 00:00:00', '0000-00-00 00:00:00', 1, NULL, 0, 0, 1, 0),
(472, 'B-405MC', 'Kertas Roll R - 29 50 mm x 3000 m', '-', '0000-00-00 00:00:00', '0000-00-00 00:00:00', 1, NULL, 0, 0, 1, 0),
(473, 'A-406MC', 'Cakra M 54 54 mm x 3000 m', '-', '0000-00-00 00:00:00', '0000-00-00 00:00:00', 1, NULL, 0, 0, 1, 0),
(474, 'A-407MC', 'V8 50 mm x 3000 m', '-', '0000-00-00 00:00:00', '0000-00-00 00:00:00', 1, NULL, 0, 0, 1, 0),
(475, 'A-408MC', 'Marble R GG Brown 38 mm x 4000 m', '-', '0000-00-00 00:00:00', '0000-00-00 00:00:00', 1, NULL, 0, 0, 1, 0),
(476, 'A-409MC', 'Duuz 50 mm x 3000 m', '-', '0000-00-00 00:00:00', '0000-00-00 00:00:00', 1, NULL, 0, 0, 1, 0),
(477, 'A-410MC', 'Euro Mild 60 mm x 3000 m', '-', '0000-00-00 00:00:00', '0000-00-00 00:00:00', 1, NULL, 0, 0, 1, 0),
(478, 'A-411MC', 'Marble Touro 52 mm x 3000 m', '-', '0000-00-00 00:00:00', '0000-00-00 00:00:00', 1, NULL, 0, 0, 1, 0),
(479, 'A-412MC', '53 Mild 60 mm x 3000 m', '-', '0000-00-00 00:00:00', '0000-00-00 00:00:00', 1, NULL, 0, 0, 1, 0),
(480, 'A-413MC', 'Aston Marble Biru 45 45 mm x 3000 m', '-', '0000-00-00 00:00:00', '0000-00-00 00:00:00', 1, NULL, 0, 0, 1, 0),
(481, 'A-414MC', 'Marble GED 50 mm x 3000 m', '-', '0000-00-00 00:00:00', '0000-00-00 00:00:00', 1, NULL, 0, 0, 1, 0),
(482, 'A-415MC', 'Miami Mild 60 mm x 3000 m', '-', '0000-00-00 00:00:00', '0000-00-00 00:00:00', 1, NULL, 0, 0, 1, 0),
(483, 'A-416MC', 'Marble Armour 50 mm x 3000 m', '-', '0000-00-00 00:00:00', '0000-00-00 00:00:00', 1, NULL, 0, 0, 1, 0),
(484, 'A-417MC', 'White Patriot 50 mm x 3000 m', '-', '0000-00-00 00:00:00', '0000-00-00 00:00:00', 1, NULL, 0, 0, 1, 0),
(485, 'A-418MC', 'Longhorn Red (CT029) 64 mm x 3000 m', '-', '0000-00-00 00:00:00', '0000-00-00 00:00:00', 1, NULL, 0, 0, 1, 0),
(486, 'A-419MC', 'Longhorn Menthol 64 mm x 3000 m', '-', '0000-00-00 00:00:00', '0000-00-00 00:00:00', 1, NULL, 0, 0, 1, 0),
(487, 'A-420MC', 'Lexuz Merah 50 mm x 3000 m', '-', '0000-00-00 00:00:00', '0000-00-00 00:00:00', 1, NULL, 0, 0, 1, 0),
(488, 'B-420MC', 'Kertas Roll R - 21 50 mm x 3000 m', '-', '0000-00-00 00:00:00', '0000-00-00 00:00:00', 1, NULL, 0, 0, 1, 0),
(489, 'A-421MC', 'Magnus 60 mm x 3000 m', '-', '0000-00-00 00:00:00', '0000-00-00 00:00:00', 1, NULL, 0, 0, 1, 0),
(490, 'A-422MC', 'Marble N Line 60 60 mm x 3000 m', '-', '0000-00-00 00:00:00', '0000-00-00 00:00:00', 1, NULL, 0, 0, 1, 0),
(491, 'A-423MC', 'Marble Sedap 52 52 mm x 3000 m', '-', '0000-00-00 00:00:00', '0000-00-00 00:00:00', 1, NULL, 0, 0, 1, 0),
(492, 'A-424MC', 'White Black Touch 60 mm x 3000 m', '-', '0000-00-00 00:00:00', '0000-00-00 00:00:00', 1, NULL, 0, 0, 1, 0),
(493, 'A-425MC', 'Rod Fusion 60 mm x 3000 m', '-', '0000-00-00 00:00:00', '0000-00-00 00:00:00', 1, NULL, 0, 0, 1, 0),
(494, 'A-426MC ', 'White A2 50 mm x 3000 m', '-', '0000-00-00 00:00:00', '0000-00-00 00:00:00', 1, NULL, 0, 0, 1, 0),
(495, 'A-427MC', 'X5 Mild 50 mm x 3000 m', '-', '0000-00-00 00:00:00', '0000-00-00 00:00:00', 1, NULL, 0, 0, 1, 0),
(496, 'A-428MC', 'Super Marble 60 60 mm x 3000 m', '-', '0000-00-00 00:00:00', '0000-00-00 00:00:00', 1, NULL, 0, 0, 1, 0),
(497, 'A-429MC', 'GP Marble 50 mm x 3000 m', '-', '0000-00-00 00:00:00', '0000-00-00 00:00:00', 1, NULL, 0, 0, 1, 0),
(498, 'A-430MC', ' Red Bluesky 60 mm x 1500 m', '-', '0000-00-00 00:00:00', '0000-00-00 00:00:00', 1, NULL, 0, 0, 1, 0),
(499, 'A-431MC', 'Tabacco One 50 mm x 3000 m', '-', '0000-00-00 00:00:00', '0000-00-00 00:00:00', 1, NULL, 0, 0, 1, 0),
(500, 'A-432MC', ' RX Mild 16 60 mm x 1500 m', '-', '0000-00-00 00:00:00', '0000-00-00 00:00:00', 1, NULL, 0, 0, 1, 0),
(501, 'A-433MC', 'Grand 3 Marble 50 mm x 3000 m', '-', '0000-00-00 00:00:00', '0000-00-00 00:00:00', 1, NULL, 0, 0, 1, 0),
(502, ' A-434MC', 'Bluestar 50 mm x 3000 m', '-', '0000-00-00 00:00:00', '0000-00-00 00:00:00', 1, NULL, 0, 0, 1, 0),
(503, 'A-435MC', 'Rod Fusion Black 60 mm x 3000 m', '-', '0000-00-00 00:00:00', '0000-00-00 00:00:00', 1, NULL, 0, 0, 1, 0),
(504, 'A-436MC', 'M3 Mild 60 mm x 3000 m', '-', '0000-00-00 00:00:00', '0000-00-00 00:00:00', 1, NULL, 0, 0, 1, 0),
(505, 'A-437MC', 'Rohas Mild 60 mm x 3000 m', '-', '0000-00-00 00:00:00', '0000-00-00 00:00:00', 1, NULL, 0, 0, 1, 0),
(506, 'A-438MC', 'Boster Mild 60 mm x 3000 m', '-', '0000-00-00 00:00:00', '0000-00-00 00:00:00', 1, NULL, 0, 0, 1, 0),
(507, 'A-439MC', 'Longhorn Black Menthol 64 mm x 3000 m', '-', '0000-00-00 00:00:00', '0000-00-00 00:00:00', 1, NULL, 0, 0, 1, 0),
(508, 'A-440MC', 'Black Polos 60 Kudus 60 mm x 3000 m', '-', '0000-00-00 00:00:00', '0000-00-00 00:00:00', 1, NULL, 0, 0, 1, 0),
(509, 'A-441MC', 'Black Polos 50 Kudus 50 mm x 3000 m', '-', '0000-00-00 00:00:00', '0000-00-00 00:00:00', 1, NULL, 0, 0, 1, 0),
(510, 'A-442MC', 'Red Bold (Non Perforasi) 64 mm x 1500 m', '-', '0000-00-00 00:00:00', '0000-00-00 00:00:00', 1, NULL, 0, 0, 1, 0),
(511, 'A-443MC', 'Masada Mild Merah 60 mm x 3000 m', '-', '0000-00-00 00:00:00', '0000-00-00 00:00:00', 1, NULL, 0, 0, 1, 0),
(512, 'A-444MC', 'Era Merah 60 mm x 3000 m', '-', '0000-00-00 00:00:00', '0000-00-00 00:00:00', 1, NULL, 0, 0, 1, 0),
(513, 'A-445MC', 'Era Hijau 60 mm x 3000 m', '-', '0000-00-00 00:00:00', '0000-00-00 00:00:00', 1, NULL, 0, 0, 1, 0),
(514, 'A-446MC', 'Samson Mild 54 mm x 3000 m', '-', '0000-00-00 00:00:00', '0000-00-00 00:00:00', 1, NULL, 0, 0, 1, 0),
(515, 'A-447MC', 'Samson Menthol 54 mm x 3000 m', '-', '0000-00-00 00:00:00', '0000-00-00 00:00:00', 1, NULL, 0, 0, 1, 0),
(516, 'A-448MC', 'S7 Mild 54 mm x 3000 m', '-', '0000-00-00 00:00:00', '0000-00-00 00:00:00', 1, NULL, 0, 0, 1, 0),
(517, 'A-449MC', 'S7 Menthol 54 mm x 3000 m', '-', '0000-00-00 00:00:00', '0000-00-00 00:00:00', 1, NULL, 0, 0, 1, 0),
(518, 'A-450MC', 'Rod Fusion Menthol 60 mm x 3000 m', '-', '0000-00-00 00:00:00', '0000-00-00 00:00:00', 1, NULL, 0, 0, 1, 0),
(519, 'A-451MC', 'Starlite Blitz 52 mm x 3000 m', '-', '0000-00-00 00:00:00', '0000-00-00 00:00:00', 1, NULL, 0, 0, 1, 0),
(520, 'A-452MC', 'Sakura Black 50 mm x 3000 m', '-', '0000-00-00 00:00:00', '0000-00-00 00:00:00', 1, NULL, 0, 0, 1, 0),
(521, 'B-452MC', 'Kertas Roll R - 30 50 mm x 3000 m', '-', '0000-00-00 00:00:00', '0000-00-00 00:00:00', 1, NULL, 0, 0, 1, 0),
(522, 'A-453MC ', 'Red Silver Atraco 50 mm x 3000 m', '-', '0000-00-00 00:00:00', '0000-00-00 00:00:00', 1, NULL, 0, 0, 1, 0),
(523, 'A-454MC', 'Armour Black 50 50 mm x 3000 m', '-', '0000-00-00 00:00:00', '0000-00-00 00:00:00', 1, NULL, 0, 0, 1, 0),
(524, 'A-455MC', 'Jaisalmer 64 mm x 3000 m', '-', '0000-00-00 00:00:00', '0000-00-00 00:00:00', 1, NULL, 0, 0, 1, 0),
(525, 'A-456MC', 'Marble N Cakra 54 mm x 3000 m', '-', '0000-00-00 00:00:00', '0000-00-00 00:00:00', 1, NULL, 0, 0, 1, 0),
(526, 'A-457MC', 'Black Line Gold 60 60 mm x 3000 m', '-', '0000-00-00 00:00:00', '0000-00-00 00:00:00', 1, NULL, 0, 0, 1, 0),
(527, 'A-458MC', 'YS Pro Mild 60 mm x 3000 m', '-', '0000-00-00 00:00:00', '0000-00-00 00:00:00', 1, NULL, 0, 0, 1, 0),
(528, 'A-459MC', 'Executive Black 60 60 mm x 3000 m', '-', '0000-00-00 00:00:00', '0000-00-00 00:00:00', 1, NULL, 0, 0, 1, 0),
(529, 'A-460MC', 'Moni Mild Black 60 mm x 3000 m', '-', '0000-00-00 00:00:00', '0000-00-00 00:00:00', 1, NULL, 0, 0, 1, 0),
(530, 'A-461MC', 'M2 Black 60 mm x 3000 m', '-', '0000-00-00 00:00:00', '0000-00-00 00:00:00', 1, NULL, 0, 0, 1, 0),
(531, 'A-462MC', 'GH Super 50 mm x 3000 m', '-', '0000-00-00 00:00:00', '0000-00-00 00:00:00', 1, NULL, 0, 0, 1, 0),
(532, 'A-463MC', 'Cakra ON (Rows : 2) 60 mm x 3000 m', '-', '0000-00-00 00:00:00', '0000-00-00 00:00:00', 1, NULL, 0, 0, 1, 0),
(533, 'B-463MC', 'Cakra ON (Rows : 3) 60 mm x 3000 m', '-', '0000-00-00 00:00:00', '0000-00-00 00:00:00', 1, NULL, 0, 0, 1, 0),
(534, 'A-464MC', 'Latte Mild 60 mm x 3000 m', '-', '0000-00-00 00:00:00', '0000-00-00 00:00:00', 1, NULL, 0, 0, 1, 0),
(535, 'A-465MC', 'Latte 50 50 mm x 3000 m', '-', '0000-00-00 00:00:00', '0000-00-00 00:00:00', 1, NULL, 0, 0, 1, 0),
(536, 'A-466MC', 'DO Mld 60 mm x 3000 m', '-', '0000-00-00 00:00:00', '0000-00-00 00:00:00', 1, NULL, 0, 0, 1, 0),
(537, 'A-467MC', 'Miami M Mild 60 mm x 3000 m', '-', '0000-00-00 00:00:00', '0000-00-00 00:00:00', 1, NULL, 0, 0, 1, 0),
(538, 'A-468MC', 'X Bold 50 mm x 3000 m', '-', '0000-00-00 00:00:00', '0000-00-00 00:00:00', 1, NULL, 0, 0, 1, 0),
(539, 'A-469MC', 'Pin Bold 50 mm x 3000 m', '-', '0000-00-00 00:00:00', '0000-00-00 00:00:00', 1, NULL, 0, 0, 1, 0),
(540, 'A-470MC', 'Hongshuanxi 60 mm x 3000 m', '-', '0000-00-00 00:00:00', '0000-00-00 00:00:00', 1, NULL, 0, 0, 1, 0),
(541, 'A-471MC', 'PM Mild 60 mm x 3000 m', '-', '0000-00-00 00:00:00', '0000-00-00 00:00:00', 1, NULL, 0, 0, 1, 0),
(542, 'A-472MC', 'Cappuccino Stick 60 mm x 3000 m', '-', '0000-00-00 00:00:00', '0000-00-00 00:00:00', 1, NULL, 0, 0, 1, 0),
(543, 'A-473MC', 'M2 Orange 60 mm x 3000 m', '-', '0000-00-00 00:00:00', '0000-00-00 00:00:00', 1, NULL, 0, 0, 1, 0),
(544, 'A-474MC', 'Millions Mild Grey 60 mm x 3000 m', '-', '0000-00-00 00:00:00', '0000-00-00 00:00:00', 1, NULL, 0, 0, 1, 0),
(545, 'A-475MC', 'Win Mild New 60 mm x 3000 m', '-', '0000-00-00 00:00:00', '0000-00-00 00:00:00', 1, NULL, 0, 0, 1, 0),
(546, 'A-476MC', 'RMX Bold 64 mm x 1500 m', '-', '0000-00-00 00:00:00', '0000-00-00 00:00:00', 1, NULL, 0, 0, 1, 0),
(547, 'A-477MC', 'Karang Jati 60 mm x 3000 m', '-', '0000-00-00 00:00:00', '0000-00-00 00:00:00', 1, NULL, 0, 0, 1, 0),
(548, 'A-478MC', 'SIP Mild 60 mm x 3000 m', '-', '0000-00-00 00:00:00', '0000-00-00 00:00:00', 1, NULL, 0, 0, 1, 0),
(549, 'A-479MC', 'Filtra 50 mm x 3000 m', '-', '0000-00-00 00:00:00', '0000-00-00 00:00:00', 1, NULL, 0, 0, 1, 0),
(550, 'A-480MC', 'Sport Marble 50 mm x 3000 m', '-', '0000-00-00 00:00:00', '0000-00-00 00:00:00', 1, NULL, 0, 0, 1, 0),
(551, 'A-481MC', 'Armour Bold G 50 mm x 3000 m', '-', '0000-00-00 00:00:00', '0000-00-00 00:00:00', 1, NULL, 0, 0, 1, 0),
(552, 'A-482MC', 'Moni Mild 60 mm x 3000 m', '-', '0000-00-00 00:00:00', '0000-00-00 00:00:00', 1, NULL, 0, 0, 1, 0),
(553, 'A-483MC', 'Strong Mild 60 mm x 3000 m', '-', '0000-00-00 00:00:00', '0000-00-00 00:00:00', 1, NULL, 0, 0, 1, 0),
(554, 'A-484MC', 'Aswad 50 mm x 3000 m', '-', '0000-00-00 00:00:00', '0000-00-00 00:00:00', 1, NULL, 0, 0, 1, 0),
(555, 'B-484MC', 'Kertas Roll R - 26 50 mm x 3000 m', '-', '0000-00-00 00:00:00', '0000-00-00 00:00:00', 1, NULL, 0, 0, 1, 0),
(556, 'A-485MC', 'Smart 50 mm x 3000 m', '-', '0000-00-00 00:00:00', '0000-00-00 00:00:00', 1, NULL, 0, 0, 1, 0),
(557, 'B-485MC', 'Kertas Roll R - 27 50 mm x 3000 m', '-', '0000-00-00 00:00:00', '0000-00-00 00:00:00', 1, NULL, 0, 0, 1, 0),
(558, 'A-486MC', 'Nice Bold 60 mm x 3000 m', '-', '0000-00-00 00:00:00', '0000-00-00 00:00:00', 1, NULL, 0, 0, 1, 0),
(559, 'A-487MC', 'ST Premium 50 mm x 3000 m', '-', '0000-00-00 00:00:00', '0000-00-00 00:00:00', 1, NULL, 0, 0, 1, 0),
(560, 'B-487MC', 'Kertas Roll R - 28 50 mm x 3000 m', '-', '0000-00-00 00:00:00', '0000-00-00 00:00:00', 1, NULL, 0, 0, 1, 0),
(561, 'A-488MC', 'Seneca 64 mm x 3000 m', '-', '0000-00-00 00:00:00', '0000-00-00 00:00:00', 1, NULL, 0, 0, 1, 0),
(562, 'A-489MC', 'Line R 50 mm x 3000 m', '-', '0000-00-00 00:00:00', '0000-00-00 00:00:00', 1, NULL, 0, 0, 1, 0),
(563, 'A-490MC', 'Luffman New 60 mm x 3000 m', '-', '0000-00-00 00:00:00', '0000-00-00 00:00:00', 1, NULL, 0, 0, 1, 0),
(564, 'B-490MC', 'A 002 Mild 60 mm x 3000 m', '-', '0000-00-00 00:00:00', '0000-00-00 00:00:00', 1, NULL, 0, 0, 1, 0),
(565, 'A-491MC', 'D-GI Reguler 64 mm x 3000 m', '-', '0000-00-00 00:00:00', '0000-00-00 00:00:00', 1, NULL, 0, 0, 1, 0),
(566, 'A-492MC', 'Vess Gold 64 64 mm x 3000 m', '-', '0000-00-00 00:00:00', '0000-00-00 00:00:00', 1, NULL, 0, 0, 1, 0),
(567, 'A-493MC', 'Ultimate 60 mm x 3000 m', '-', '0000-00-00 00:00:00', '0000-00-00 00:00:00', 1, NULL, 0, 0, 5, 0),
(568, 'A-494MC', 'HW Marble 50 mm x 3000 m', '-', '0000-00-00 00:00:00', '0000-00-00 00:00:00', 1, NULL, 0, 0, 1, 0),
(569, 'A-495MC', 'Dji Dji 60 mm x 3000 m', '-', '0000-00-00 00:00:00', '0000-00-00 00:00:00', 1, NULL, 0, 0, 1, 0),
(570, 'A-496MC', 'Vess Menthol 64 64 mm x 3000 m', '-', '0000-00-00 00:00:00', '0000-00-00 00:00:00', 1, NULL, 0, 0, 1, 0),
(571, 'A-497MC', 'Devon Ice 64 mm x 3000 m', '-', '0000-00-00 00:00:00', '0000-00-00 00:00:00', 1, NULL, 0, 0, 1, 0),
(572, 'A-498MC', 'D-GI Menthol 64 mm x 3000 m', '-', '0000-00-00 00:00:00', '0000-00-00 00:00:00', 1, NULL, 0, 0, 1, 0),
(573, 'A-499MC', 'Cakra On Bold 54 mm x 3000 m', '-', '0000-00-00 00:00:00', '0000-00-00 00:00:00', 1, NULL, 0, 0, 1, 0),
(574, 'A-500MC', 'Tradition 64 mm x 3000 m', '-', '0000-00-00 00:00:00', '0000-00-00 00:00:00', 1, NULL, 0, 0, 1, 0),
(575, 'A-501MC', 'A Satu Bold 60 mm x 3000 m', '-', '0000-00-00 00:00:00', '0000-00-00 00:00:00', 1, NULL, 0, 0, 1, 0),
(576, 'A-502MC', 'Grow Mild 60 mm x 3000 m', '-', '0000-00-00 00:00:00', '0000-00-00 00:00:00', 1, NULL, 0, 0, 1, 0),
(577, 'A-503MC', 'Grow Bold 50 mm x 3000 m', '-', '0000-00-00 00:00:00', '0000-00-00 00:00:00', 1, NULL, 0, 0, 1, 0),
(578, 'A-504MC', 'Rexo Bold 50 mm x 3000 m', '-', '0000-00-00 00:00:00', '0000-00-00 00:00:00', 1, NULL, 0, 0, 1, 0),
(579, 'A-505MC', 'W7N Mild Pop 60 mm x 3000 m', '-', '0000-00-00 00:00:00', '0000-00-00 00:00:00', 1, NULL, 0, 0, 1, 0),
(580, 'A-506MC', 'Nex Bold 60 mm x 3000 m', '-', '0000-00-00 00:00:00', '0000-00-00 00:00:00', 1, NULL, 0, 0, 1, 0),
(581, 'A-507MC', 'Neslite Black Red Gold 60 mm x 3000 m', '-', '0000-00-00 00:00:00', '0000-00-00 00:00:00', 1, NULL, 0, 0, 1, 0),
(582, 'A-508MC', 'Fillla 60 mm x 3000 m', '-', '0000-00-00 00:00:00', '0000-00-00 00:00:00', 1, NULL, 0, 0, 1, 0),
(583, 'A-509MC', 'Java Black 55 mm x 1500 m', '-', '0000-00-00 00:00:00', '0000-00-00 00:00:00', 1, NULL, 0, 0, 1, 0),
(584, 'A-510MC', 'RX Bold 50 mm x 1500 m', '-', '0000-00-00 00:00:00', '0000-00-00 00:00:00', 1, NULL, 0, 0, 1, 0),
(585, 'A-511MC', 'NCX Bold 50 mm x 3000 m', '-', '0000-00-00 00:00:00', '0000-00-00 00:00:00', 1, NULL, 0, 0, 1, 0),
(586, 'A-512MC', 'NCX Bright 60 mm x 3000 m', '-', '0000-00-00 00:00:00', '0000-00-00 00:00:00', 1, NULL, 0, 0, 1, 0),
(587, 'A-513MC', 'Aston Bold 60 mm x 3000 m', '-', '0000-00-00 00:00:00', '0000-00-00 00:00:00', 1, NULL, 0, 0, 1, 0),
(588, 'A-514MC', 'ST Nice 50 mm x 3000 m', '-', '0000-00-00 00:00:00', '0000-00-00 00:00:00', 1, NULL, 0, 0, 1, 0),
(589, 'A-515MC', 'C2 Mild 60 mm x 3000 m', '-', '0000-00-00 00:00:00', '0000-00-00 00:00:00', 1, NULL, 0, 0, 1, 0),
(590, 'A-516MC', 'L&V Bold 50 mm x 3000 m', '-', '0000-00-00 00:00:00', '0000-00-00 00:00:00', 1, NULL, 0, 0, 1, 0),
(591, 'A-517MC', 'Aston Marble 56 56 mm x 3000 m', '-', '0000-00-00 00:00:00', '0000-00-00 00:00:00', 1, NULL, 0, 0, 1, 0),
(592, 'A-518MC', 'SBR Marble 50 mm x 3000 m', '-', '0000-00-00 00:00:00', '0000-00-00 00:00:00', 1, NULL, 0, 0, 1, 0),
(593, 'A-519MC', 'Filla Bold 60 mm x 3000 m', '-', '0000-00-00 00:00:00', '0000-00-00 00:00:00', 1, NULL, 0, 0, 1, 0),
(594, 'A-520MC', 'Mansion Marble  50 mm x 3000 m', '-', '0000-00-00 00:00:00', '0000-00-00 00:00:00', 1, NULL, 0, 0, 1, 0),
(595, 'A-521MC', 'V Mild 60 mm x 3000 m', '-', '0000-00-00 00:00:00', '0000-00-00 00:00:00', 1, NULL, 0, 0, 1, 0),
(596, 'A-522MC', 'RX New 50 mm x 1500 m', '-', '0000-00-00 00:00:00', '0000-00-00 00:00:00', 1, NULL, 0, 0, 1, 0),
(597, 'A-523MC', 'Cakra Marble F Blue 54 mm x 3000 m', '-', '0000-00-00 00:00:00', '0000-00-00 00:00:00', 1, NULL, 0, 0, 1, 0),
(598, 'A-524MC', 'Prisma Bold 60 mm x 3000 m', '-', '0000-00-00 00:00:00', '0000-00-00 00:00:00', 1, NULL, 0, 0, 1, 0),
(599, 'A-525MC', 'Atoom Mild 60 mm x 3000 m', '-', '0000-00-00 00:00:00', '0000-00-00 00:00:00', 1, NULL, 0, 0, 1, 0),
(600, 'A-526MC', 'Executive Premium Black 50 mm x 3000 m', '-', '0000-00-00 00:00:00', '0000-00-00 00:00:00', 1, NULL, 0, 0, 1, 0),
(601, 'A-527MC', 'MBC Reguler 50 mm x 3000 m', '-', '0000-00-00 00:00:00', '0000-00-00 00:00:00', 1, NULL, 0, 0, 1, 0),
(602, 'A-528MC', 'MBC Mild Brown 60 mm x 3000 m', '-', '0000-00-00 00:00:00', '0000-00-00 00:00:00', 1, NULL, 0, 0, 1, 0),
(603, 'A-529MC', 'Akmal 50 mm x 3000 m', '-', '0000-00-00 00:00:00', '0000-00-00 00:00:00', 1, NULL, 0, 0, 1, 0),
(604, 'A-530MC', 'Elite 50 mm x 3000 m', '-', '0000-00-00 00:00:00', '0000-00-00 00:00:00', 1, NULL, 0, 0, 1, 0),
(605, 'A-531MC', 'V Bold 50 mm x 3000 m', '-', '0000-00-00 00:00:00', '0000-00-00 00:00:00', 1, NULL, 0, 0, 1, 0),
(606, 'A-532MC', 'Pin Clasic 60 mm x 3000 m', '-', '0000-00-00 00:00:00', '0000-00-00 00:00:00', 1, NULL, 0, 0, 1, 0),
(607, 'A-533MC', 'Gondam Jaya 50 mm x 3000 m', '-', '0000-00-00 00:00:00', '0000-00-00 00:00:00', 1, NULL, 0, 0, 1, 0),
(608, 'B-533MC', 'Kertas Roll R - 36 50 mm x 3000 m', '-', '0000-00-00 00:00:00', '0000-00-00 00:00:00', 1, NULL, 0, 0, 1, 0),
(609, 'C-000MC', 'White Blank 60 60 mm x 9000 m', NULL, '0000-00-00 00:00:00', NULL, 1, NULL, 0, 0, 1, 0),
(610, 'test', 'asdasd', NULL, '0000-00-00 00:00:00', NULL, 1, NULL, 0, 0, 1, 1),
(611, 'asd', 'asd', NULL, '0000-00-00 00:00:00', NULL, 2, NULL, 0, 0, 3, 1),
(612, 'D-000mc', 'white blank p', NULL, '0000-00-00 00:00:00', NULL, 1, NULL, 0, 0, 5, 0),
(613, 'B-468MC', 'Kertas Roll R - 40 (468MC) 50 mm x 3000 m', NULL, '0000-00-00 00:00:00', NULL, 1, NULL, 0, 140, 5, 0);

-- --------------------------------------------------------

--
-- Table structure for table `products_unfinished`
--

CREATE TABLE `products_unfinished` (
  `id` int(10) UNSIGNED NOT NULL,
  `code` varchar(10) DEFAULT NULL,
  `name` varchar(255) NOT NULL,
  `unit` varchar(20) DEFAULT NULL,
  `created_at` datetime NOT NULL,
  `updated_at` datetime DEFAULT NULL,
  `product_categories_id` int(10) UNSIGNED NOT NULL,
  `colours_id` int(10) UNSIGNED DEFAULT NULL,
  `initial_qty` float DEFAULT '0',
  `initial_half_qty` float DEFAULT '0',
  `uom_id` int(10) UNSIGNED NOT NULL,
  `deleted` tinyint(4) DEFAULT '0'
) ENGINE=InnoDB DEFAULT CHARSET=utf8;

-- --------------------------------------------------------

--
-- Table structure for table `product_categories`
--

CREATE TABLE `product_categories` (
  `id` int(10) UNSIGNED NOT NULL,
  `name` varchar(50) NOT NULL,
  `slug` varchar(50) NOT NULL,
  `parent_id` int(10) UNSIGNED DEFAULT '0',
  `created_at` datetime NOT NULL,
  `updated_at` datetime DEFAULT NULL,
  `deleted` tinyint(4) DEFAULT '0'
) ENGINE=InnoDB DEFAULT CHARSET=utf8;

--
-- Dumping data for table `product_categories`
--

INSERT INTO `product_categories` (`id`, `name`, `slug`, `parent_id`, `created_at`, `updated_at`, `deleted`) VALUES
(1, 'Cigarette Tipping Paper', 'cigarette_tipping_paper', 0, '0000-00-00 00:00:00', '0000-00-00 00:00:00', 0),
(2, 'Cigarette Aluminium Foil', 'cigarette_aluminium_foil', 0, '0000-00-00 00:00:00', '0000-00-00 00:00:00', 0);

-- --------------------------------------------------------

--
-- Table structure for table `product_inventory`
--

CREATE TABLE `product_inventory` (
  `id` int(10) UNSIGNED NOT NULL,
  `date` datetime DEFAULT NULL,
  `type` varchar(5) DEFAULT NULL,
  `product_shipping_detail_id` int(10) UNSIGNED DEFAULT NULL,
  `qty` float DEFAULT '0',
  `products_id` int(10) UNSIGNED NOT NULL,
  `s_return_details_id` int(10) UNSIGNED DEFAULT NULL,
  `product_movement_id` int(10) UNSIGNED DEFAULT NULL,
  `adjustment` int(10) UNSIGNED DEFAULT NULL
) ENGINE=InnoDB DEFAULT CHARSET=utf8;

--
-- Dumping data for table `product_inventory`
--

INSERT INTO `product_inventory` (`id`, `date`, `type`, `product_shipping_detail_id`, `qty`, `products_id`, `s_return_details_id`, `product_movement_id`, `adjustment`) VALUES
(1, '2018-04-04 20:24:05', 'in', NULL, 98, 1, NULL, 1, NULL),
(3, '2018-06-07 13:26:29', 'in', NULL, 1, 1, 1, NULL, NULL),
(11, '2018-05-03 23:53:26', 'out', 2, 34, 399, NULL, NULL, NULL),
(12, '2018-05-09 15:11:35', 'in', NULL, 13, 567, NULL, 6, NULL),
(13, '2018-05-09 15:13:39', 'in', NULL, 13, 567, NULL, 6, NULL),
(14, '2018-05-09 15:15:05', 'in', NULL, 22, 567, NULL, 6, NULL),
(15, '2018-05-09 15:16:34', 'in', NULL, 9, 567, NULL, 6, NULL),
(16, '2018-05-09 15:44:41', 'out', 4, 50, 567, NULL, NULL, NULL),
(17, '2018-05-19 10:35:25', 'out', 5, 76, 613, NULL, NULL, NULL),
(18, '2018-06-07 04:18:38', 'in', NULL, 17, 1, NULL, 9, NULL),
(19, '2018-06-07 13:04:37', 'in', NULL, 17, 303, NULL, 13, NULL),
(20, '2018-06-07 13:05:27', 'in', NULL, 18, 303, NULL, 13, NULL),
(21, '2018-06-07 13:06:20', 'in', NULL, 5, 303, NULL, 13, NULL),
(22, '2018-06-07 13:27:08', 'in', NULL, 100, 613, 2, NULL, NULL),
(23, '2018-07-07 10:18:41', 'in', NULL, 10, 1, NULL, 9, NULL),
(24, '2018-07-07 11:06:28', 'in', NULL, 5, 8, NULL, 17, NULL),
(25, '2018-07-07 11:07:05', 'out', 6, 3, 8, NULL, NULL, NULL),
(26, '2018-07-07 11:09:36', 'in', NULL, 4, 8, NULL, 18, NULL),
(27, '2018-07-07 11:10:34', 'out', 7, 3, 8, NULL, NULL, NULL);

-- --------------------------------------------------------

--
-- Table structure for table `product_materials`
--

CREATE TABLE `product_materials` (
  `id` int(10) UNSIGNED NOT NULL,
  `products_id` int(10) UNSIGNED NOT NULL,
  `materials_id` int(10) UNSIGNED NOT NULL,
  `qty` float DEFAULT '0'
) ENGINE=InnoDB DEFAULT CHARSET=utf8;

--
-- Dumping data for table `product_materials`
--

INSERT INTO `product_materials` (`id`, `products_id`, `materials_id`, `qty`) VALUES
(1, 1, 1, 1),
(2, 612, 322, 50000),
(3, 612, 15, 100000),
(4, 1, 23, 100),
(5, 567, 16, 12200),
(6, 567, 60, 15),
(8, 567, 153, 12),
(9, 567, 231, 40),
(10, 567, 324, 40),
(11, 567, 287, 45),
(12, 567, 288, 5),
(13, 567, 257, 100),
(14, 567, 323, 15),
(16, 567, 324, 40),
(17, 567, 292, 20),
(18, 567, 326, 0),
(19, 303, 20, 36000),
(20, 303, 56, 100),
(21, 303, 51, 50),
(22, 303, 86, 50),
(23, 303, 54, 20),
(24, 303, 47, 20),
(25, 303, 115, 100),
(26, 303, 114, 150),
(27, 303, 331, 200),
(28, 303, 329, 50),
(29, 303, 324, 120),
(30, 303, 228, 120),
(31, 303, 253, 170),
(32, 8, 16, 24000),
(33, 8, 56, 200);

-- --------------------------------------------------------

--
-- Table structure for table `product_movement`
--

CREATE TABLE `product_movement` (
  `id` int(10) UNSIGNED NOT NULL,
  `created_at` datetime DEFAULT NULL,
  `created_by` varchar(100) DEFAULT NULL,
  `updated_at` datetime DEFAULT NULL,
  `updated_by` varchar(100) DEFAULT NULL,
  `work_orders_id` int(10) UNSIGNED NOT NULL,
  `products_id` int(10) UNSIGNED NOT NULL,
  `machine_id` int(10) UNSIGNED DEFAULT NULL
) ENGINE=InnoDB DEFAULT CHARSET=utf8;

--
-- Dumping data for table `product_movement`
--

INSERT INTO `product_movement` (`id`, `created_at`, `created_by`, `updated_at`, `updated_by`, `work_orders_id`, `products_id`, `machine_id`) VALUES
(9, '2018-06-05 05:06:34', 'Admin Megahjaya', NULL, NULL, 1, 1, NULL),
(10, '2018-06-05 07:06:28', 'Admin Megahjaya', NULL, NULL, 1, 1, NULL),
(11, '2018-06-05 07:06:24', 'Admin Megahjaya', NULL, NULL, 1, 1, NULL),
(12, '2018-06-05 07:06:13', 'Admin Megahjaya', NULL, NULL, 1, 1, NULL),
(13, '2018-06-07 11:06:03', 'Admin Megahjaya', NULL, NULL, 9, 303, NULL),
(14, '2018-06-07 12:06:24', 'Admin Megahjaya', NULL, NULL, 9, 303, NULL),
(15, '2018-06-07 12:06:22', 'Admin Megahjaya', NULL, NULL, 9, 303, NULL),
(16, '2018-07-07 10:07:54', 'Admin Megahjaya', NULL, NULL, 1, 1, NULL),
(17, '2018-07-07 11:07:19', 'Admin Megahjaya', NULL, NULL, 10, 8, NULL),
(18, '2018-07-07 11:07:29', 'Admin Megahjaya', NULL, NULL, 10, 8, NULL),
(19, '2018-07-11 19:07:32', 'Admin Megahjaya', NULL, NULL, 1, 1, NULL);

-- --------------------------------------------------------

--
-- Table structure for table `product_movement_details`
--

CREATE TABLE `product_movement_details` (
  `id` int(10) UNSIGNED NOT NULL,
  `from_id` int(11) NOT NULL,
  `code` varchar(50) DEFAULT NULL,
  `no` int(100) DEFAULT NULL,
  `note` varchar(50) DEFAULT NULL,
  `date` datetime DEFAULT NULL,
  `machine_id` int(11) DEFAULT NULL,
  `product_movement_id` int(10) UNSIGNED DEFAULT NULL,
  `qty` float DEFAULT NULL,
  `length` float DEFAULT NULL,
  `processes_id` int(2) DEFAULT NULL
) ENGINE=InnoDB DEFAULT CHARSET=utf8;

--
-- Dumping data for table `product_movement_details`
--

INSERT INTO `product_movement_details` (`id`, `from_id`, `code`, `no`, `note`, `date`, `machine_id`, `product_movement_id`, `qty`, `length`, `processes_id`) VALUES
(428, 0, 'VIMC000 0001', NULL, NULL, '2018-06-05 05:09:34', 0, 9, 1, 122000, 1),
(441, 428, 'VIMC000S1 0001', 1, 'asd', '2018-06-05 06:20:30', 0, 9, 17, 3000, 2),
(442, 428, 'VIMC000S1 0001', 18, 'asd', '2018-06-05 06:52:16', 0, 9, 17, 3000, 2),
(443, 428, 'VIMC000S1 0001', 35, 'asd', '2018-06-05 06:56:43', 0, 9, 6, 3000, 2),
(444, 441, 'VIMC000S1 0001', 1, 'asd', '2018-06-05 06:58:45', 0, 9, 17, 3000, 0),
(447, 0, 'VIMC000P1 0004', NULL, NULL, '2018-06-05 07:15:13', 0, 12, 1, 1230000, 1),
(448, 447, 'VIMC000P1 0004', 1, '', '2018-06-05 07:17:18', 0, 12, 17, 3000, 2),
(449, 447, 'VIMC000P1S1 0004', 18, '', '2018-06-05 07:18:20', 0, 12, 17, 3000, 2),
(450, 447, 'VIMC000P1S1 0004', 35, '', '2018-06-05 07:20:11', 0, 12, 18, 3000, 2),
(451, 442, 'VIMC000S1 0001', 18, 'asd', '2018-06-07 04:18:38', 0, 9, 17, 3000, 0),
(452, 443, 'VIMC000S1 0001', 35, 'asd', '2018-06-07 04:35:24', 0, 9, 4, 1256, -1),
(453, 0, 'VIMC268P1 0001', NULL, NULL, '2018-06-07 11:13:03', 0, 13, 1, 11820, 1),
(454, 453, 'VIMC268P1S1 0001', 1, '', '2018-06-07 11:16:19', 0, 13, 17, 4000, 2),
(455, 453, 'VIMC268P1 0001', 18, 'ada tinta', '2018-06-07 11:17:30', 0, 13, 1, 4000, -1),
(456, 453, 'VIMC268P1S1 0001', 19, '', '2018-06-07 11:17:57', 0, 13, 18, 4000, 2),
(457, 453, 'VIMC268P1S1 0001', 37, '', '2018-06-07 11:18:34', 0, 13, 9, 4000, 2),
(458, 453, 'VIMC268P1 0001', 46, 'belang', '2018-06-07 11:31:24', 0, 13, 9, 4000, -1),
(459, 0, 'VIMC268P1 0002', NULL, NULL, '2018-06-07 12:04:24', 0, 14, 1, 11920, 1),
(460, 459, 'VIMC268P1S1 0002', 1, '', '2018-06-07 12:04:56', 0, 14, 18, 4000, 2),
(461, 459, 'VIMC268P1S1 0002', 19, '', '2018-06-07 12:05:18', 0, 14, 18, 4000, 2),
(462, 459, 'VIMC268P1 0002', 37, 'shifting', '2018-06-07 12:06:09', 0, 14, 18, 4000, -1),
(463, 0, 'VIMC268P1 0003', NULL, NULL, '2018-06-07 12:08:22', 0, 15, 1, 11980, 1),
(464, 463, 'VIMC268P1S1 0003', 1, '', '2018-06-07 12:10:12', 0, 15, 13, 4000, 2),
(465, 463, 'VIMC268P1 0003', 14, 'missprint', '2018-06-07 12:11:44', 0, 15, 5, 4000, -1),
(467, 463, 'VIMC268P1S1 0003', 19, '', '2018-06-07 12:16:04', 0, 15, 12, 4000, 2),
(468, 463, 'VIMC268P1 0003', 31, 'belang', '2018-06-07 12:16:26', 0, 15, 6, 4000, -1),
(469, 454, 'VIMC268P1S1 0001', 1, '', '2018-06-07 13:04:37', 0, 13, 17, 4000, 0),
(470, 456, 'VIMC268P1S1 0001', 19, '', '2018-06-07 13:05:27', 0, 13, 18, 4000, 0),
(471, 457, 'VIMC268P1S1LS1 0001', 37, '', '2018-06-07 13:06:02', 0, 13, 4, 4000, 4),
(472, 457, 'VIMC268P1S1 0001', 41, '', '2018-06-07 13:06:20', 0, 13, 5, 4000, 0),
(473, 459, 'VIMC268P1S1 0002', 55, '', '2018-06-07 13:08:01', 0, 14, 1, 3920, 2),
(474, 428, 'VIMC000S1 0001', 36, '', '2018-07-11 20:02:55', 0, 9, 1, 0, -1),
(475, 428, 'VIMC000S1 0001', 37, '', '2018-07-07 10:24:41', 0, 9, 1, 0, -1),
(476, 428, 'VIMC000S1 0001', 38, '', '2018-07-07 10:18:41', 0, 9, 1, 0, 0),
(477, 428, 'VIMC000S1 0001', 39, '', '2018-07-07 10:18:41', 0, 9, 1, 0, 0),
(478, 428, 'VIMC000S1 0001', 40, '', '2018-07-07 10:18:41', 0, 9, 1, 0, 0),
(479, 428, 'VIMC000S1 0001', 41, '', '2018-07-07 10:18:41', 0, 9, 1, 0, 0),
(480, 428, 'VIMC000S1 0001', 42, '', '2018-07-07 10:18:41', 0, 9, 1, 0, 0),
(481, 428, 'VIMC000S1 0001', 43, '', '2018-07-07 10:18:41', 0, 9, 1, 0, 0),
(482, 428, 'VIMC000S1 0001', 44, '', '2018-07-07 10:18:41', 0, 9, 1, 0, 0),
(483, 428, 'VIMC000S1 0001', 45, '', '2018-07-07 10:18:41', 0, 9, 1, 0, 0),
(484, 428, 'VIMC000S1 0001', 46, '', '2018-07-07 10:18:41', 0, 9, 1, 0, 0),
(485, 428, 'VIMC000S1 0001', 47, '', '2018-07-07 10:18:41', 0, 9, 1, 0, 0),
(486, 0, 'VIIMC000P1 0005', NULL, NULL, '2018-07-07 10:47:54', 0, 16, 1, 5, 1),
(487, 0, 'VIIMC005P1 0001', NULL, NULL, '2018-07-07 11:03:19', 0, 17, 1, 10112, 1),
(488, 0, 'VIIMC005P1 0002', NULL, NULL, '2018-07-07 11:03:29', 0, 18, 1, 11700, 1),
(489, 487, 'VIIMC005P1S1 0001', 1, '', '2018-07-07 11:06:28', 0, 17, 1, 0, 0),
(490, 487, 'VIIMC005P1S1 0001', 2, '', '2018-07-07 11:06:28', 0, 17, 1, 0, 0),
(491, 487, 'VIIMC005P1S1 0001', 3, '', '2018-07-07 11:06:28', 0, 17, 1, 0, 0),
(492, 487, 'VIIMC005P1S1 0001', 4, '', '2018-07-07 11:06:28', 0, 17, 1, 0, 0),
(493, 487, 'VIIMC005P1S1 0001', 5, '', '2018-07-07 11:06:28', 0, 17, 1, 0, 0),
(494, 487, 'VIIMC005P1S1 0001', 6, '', '2018-07-07 11:09:36', 0, 17, 1, 0, 0),
(495, 487, 'VIIMC005P1S1 0001', 7, '', '2018-07-07 11:09:36', 0, 17, 1, 0, 0),
(496, 487, 'VIIMC005P1S1 0001', 8, '', '2018-07-07 11:09:36', 0, 17, 1, 0, 0),
(497, 487, 'VIIMC005P1S1 0001', 9, '', '2018-07-07 11:09:36', 0, 17, 1, 0, 0),
(498, 487, 'VIIMC005P1S1 0001', 10, '', '2018-07-07 11:05:37', 0, 17, 1, 0, 4),
(499, 487, 'VIIMC005P1S1 0001', 11, '', '2018-07-07 11:04:29', 0, 17, 1, 0, 2),
(500, 487, 'VIIMC005P1S1 0001', 12, '', '2018-07-07 11:04:29', 0, 17, 1, 0, 2),
(501, 487, 'VIIMC005P1S1 0001', 13, '', '2018-07-07 11:04:29', 0, 17, 1, 0, 2),
(502, 487, 'VIIMC005P1S1 0001', 14, '', '2018-07-07 11:04:29', 0, 17, 1, 0, 2),
(503, 487, 'VIIMC005P1S1 0001', 15, '', '2018-07-07 11:04:29', 0, 17, 1, 0, 2),
(504, 487, 'VIIMC005P1S1 0001', 16, '', '2018-07-07 11:04:29', 0, 17, 1, 0, 2),
(505, 487, 'VIIMC005P1S1 0001', 17, '', '2018-07-07 11:04:29', 0, 17, 1, 0, 2),
(506, 487, 'VIIMC005P1S1 0001', 18, '', '2018-07-07 11:04:29', 0, 17, 1, 0, 2),
(507, 487, 'VIIMC005P1S1 0001', 19, '', '2018-07-07 11:04:29', 0, 17, 1, 0, 2),
(508, 487, 'VIIMC005P1S1 0001', 20, '', '2018-07-07 11:04:29', 0, 17, 1, 0, 2),
(509, 487, 'VIIMC005P1S1 0001', 21, '', '2018-07-07 11:04:29', 0, 17, 1, 0, 2),
(510, 487, 'VIIMC005P1S1 0001', 22, '', '2018-07-07 11:04:29', 0, 17, 1, 0, 2),
(511, 487, 'VIIMC005P1S1 0001', 23, '', '2018-07-07 11:04:29', 0, 17, 1, 0, 2),
(512, 487, 'VIIMC005P1S1 0001', 24, '', '2018-07-07 11:04:29', 0, 17, 1, 0, 2),
(513, 487, 'VIIMC005P1S1 0001', 25, '', '2018-07-07 11:04:29', 0, 17, 1, 0, 2),
(514, 487, 'VIIMC005P1S1 0001', 26, '', '2018-07-07 11:04:29', 0, 17, 1, 0, 2),
(515, 487, 'VIIMC005P1S1 0001', 27, '', '2018-07-07 11:04:29', 0, 17, 1, 0, 2),
(516, 487, 'VIIMC005P1S1 0001', 28, '', '2018-07-07 11:04:29', 0, 17, 1, 0, 2),
(517, 487, 'VIIMC005P1S1 0001', 29, '', '2018-07-07 11:04:29', 0, 17, 1, 0, 2),
(518, 487, 'VIIMC005P1S1 0001', 30, '', '2018-07-07 11:04:29', 0, 17, 1, 0, 2),
(519, 487, 'VIIMC005P1S1 0001', 31, '', '2018-07-07 11:04:29', 0, 17, 1, 0, 2),
(520, 487, 'VIIMC005P1S1 0001', 32, '', '2018-07-07 11:04:29', 0, 17, 1, 0, 2),
(521, 487, 'VIIMC005P1S1 0001', 33, '', '2018-07-07 11:04:29', 0, 17, 1, 0, 2),
(522, 487, 'VIIMC005P1S1 0001', 34, '', '2018-07-07 11:04:29', 0, 17, 1, 0, 2),
(523, 487, 'VIIMC005P1S1 0001', 35, '', '2018-07-07 11:04:29', 0, 17, 1, 0, 2),
(524, 487, 'VIIMC005P1S1 0001', 36, '', '2018-07-07 11:04:29', 0, 17, 1, 0, 2),
(525, 487, 'VIIMC005P1S1 0001', 37, '', '2018-07-07 11:04:29', 0, 17, 1, 0, 2),
(526, 487, 'VIIMC005P1S1 0001', 38, '', '2018-07-07 11:04:29', 0, 17, 1, 0, 2),
(527, 487, 'VIIMC005P1S1 0001', 39, '', '2018-07-07 11:04:29', 0, 17, 1, 0, 2),
(528, 487, 'VIIMC005P1S1 0001', 40, '', '2018-07-07 11:04:29', 0, 17, 1, 0, 2),
(529, 487, 'VIIMC005P1S1 0001', 41, '', '2018-07-07 11:04:29', 0, 17, 1, 0, 2),
(530, 487, 'VIIMC005P1S1 0001', 42, '', '2018-07-07 11:04:29', 0, 17, 1, 0, 2),
(531, 487, 'VIIMC005P1S1 0001', 43, '', '2018-07-07 11:04:29', 0, 17, 1, 0, 2),
(532, 487, 'VIIMC005P1S1 0001', 44, '', '2018-07-07 11:04:29', 0, 17, 1, 0, 2),
(533, 487, 'VIIMC005P1S1 0001', 45, '', '2018-07-07 11:04:29', 0, 17, 1, 0, 2),
(534, 487, 'VIIMC005P1S1 0001', 46, '', '2018-07-07 11:04:29', 0, 17, 1, 0, 2),
(535, 487, 'VIIMC005P1S1 0001', 47, '', '2018-07-07 11:04:29', 0, 17, 1, 0, 2),
(536, 487, 'VIIMC005P1S1 0001', 48, '', '2018-07-07 11:04:29', 0, 17, 1, 0, 2),
(537, 487, 'VIIMC005P1S1 0001', 49, '', '2018-07-07 11:04:29', 0, 17, 1, 0, 2),
(538, 487, 'VIIMC005P1S1 0001', 50, '', '2018-07-07 11:04:29', 0, 17, 1, 0, 2),
(539, 487, 'VIIMC005P1S1 0001', 51, '', '2018-07-07 11:04:29', 0, 17, 1, 0, 2),
(540, 487, 'VIIMC005P1S1 0001', 52, '', '2018-07-07 11:04:29', 0, 17, 1, 0, 2),
(541, 487, 'VIIMC005P1S1 0001', 53, '', '2018-07-07 11:04:29', 0, 17, 1, 0, 2),
(542, 487, 'VIIMC005P1S1 0001', 54, '', '2018-07-07 11:04:29', 0, 17, 1, 0, 2),
(543, 487, 'VIIMC005P1S1 0001', 55, '', '2018-07-07 11:04:29', 0, 17, 1, 0, 2),
(544, 487, 'VIIMC005P1S1 0001', 56, '', '2018-07-07 11:04:29', 0, 17, 1, 0, 2),
(545, 487, 'VIIMC005P1S1 0001', 57, '', '2018-07-07 11:04:29', 0, 17, 1, 0, 2),
(546, 487, 'VIIMC005P1S1 0001', 58, '', '2018-07-07 11:04:29', 0, 17, 1, 0, 2),
(547, 487, 'VIIMC005P1S1 0001', 59, '', '2018-07-07 11:04:29', 0, 17, 1, 0, 2),
(548, 487, 'VIIMC005P1S1 0001', 60, '', '2018-07-07 11:04:29', 0, 17, 1, 0, 2),
(549, 487, 'VIIMC005P1S1 0001', 61, '', '2018-07-07 11:04:29', 0, 17, 1, 0, 2),
(550, 487, 'VIIMC005P1S1 0001', 62, '', '2018-07-07 11:04:29', 0, 17, 1, 0, 2),
(551, 487, 'VIIMC005P1S1 0001', 63, '', '2018-07-07 11:04:29', 0, 17, 1, 0, 2),
(552, 487, 'VIIMC005P1S1 0001', 64, '', '2018-07-07 11:04:29', 0, 17, 1, 0, 2),
(553, 487, 'VIIMC005P1S1 0001', 65, '', '2018-07-07 11:04:29', 0, 17, 1, 0, 2),
(554, 487, 'VIIMC005P1S1 0001', 66, '', '2018-07-07 11:04:29', 0, 17, 1, 0, 2),
(555, 487, 'VIIMC005P1S1 0001', 67, '', '2018-07-07 11:04:29', 0, 17, 1, 0, 2),
(556, 487, 'VIIMC005P1S1 0001', 68, '', '2018-07-07 11:04:29', 0, 17, 1, 0, 2),
(557, 487, 'VIIMC005P1S1 0001', 69, '', '2018-07-07 11:04:29', 0, 17, 1, 0, 2),
(558, 487, 'VIIMC005P1S1 0001', 70, '', '2018-07-07 11:04:29', 0, 17, 1, 0, 2),
(559, 487, 'VIIMC005P1S1 0001', 71, '', '2018-07-07 11:04:29', 0, 17, 1, 0, 2),
(560, 487, 'VIIMC005P1S1 0001', 72, '', '2018-07-07 11:04:29', 0, 17, 1, 0, 2),
(561, 487, 'VIIMC005P1S1 0001', 73, '', '2018-07-07 11:04:29', 0, 17, 1, 0, 2),
(562, 487, 'VIIMC005P1S1 0001', 74, '', '2018-07-07 11:06:00', 0, 17, 1, 0, 4),
(563, 487, 'VIIMC005P1S1 0001', 75, '', '2018-07-07 11:05:08', 0, 17, 1, 0, 3),
(564, 487, 'VIIMC005P1S1 0001', 76, '', '2018-07-07 11:05:08', 0, 17, 1, 0, 3),
(565, 0, 'VIIMC000P1 0006', NULL, NULL, '2018-07-11 19:55:32', 0, 19, 1, 12000, 1),
(566, 565, 'VIIMC000P1S1 0006', 1, '', '2018-07-11 20:02:55', 0, 19, 1, 0, -1),
(567, 565, 'VIIMC000P1S1 0006', 2, '', '2018-07-11 20:02:55', 0, 19, 1, 0, -1),
(568, 565, 'VIIMC000P1S1 0006', 3, '', '2018-07-11 20:02:55', 0, 19, 1, 0, -1),
(569, 565, 'VIIMC000P1S1 0006', 4, '', '2018-07-11 19:59:35', 0, 19, 1, 0, 2),
(570, 565, 'VIIMC000P1S1 0006', 5, '', '2018-07-11 20:02:26', 0, 19, 1, 0, 2);

-- --------------------------------------------------------

--
-- Table structure for table `product_process`
--

CREATE TABLE `product_process` (
  `id` int(10) UNSIGNED NOT NULL,
  `processes_id` int(10) UNSIGNED NOT NULL,
  `products_id` int(10) UNSIGNED NOT NULL
) ENGINE=InnoDB DEFAULT CHARSET=utf8;

--
-- Dumping data for table `product_process`
--

INSERT INTO `product_process` (`id`, `processes_id`, `products_id`) VALUES
(1, 1, 1),
(3, 2, 1),
(4, 3, 1),
(5, 4, 1),
(6, 1, 567),
(7, 1, 303),
(8, 2, 303),
(9, 3, 303),
(10, 4, 303),
(11, 1, 8),
(12, 2, 8),
(13, 3, 8),
(14, 4, 8);

-- --------------------------------------------------------

--
-- Table structure for table `product_shipping`
--

CREATE TABLE `product_shipping` (
  `id` int(10) UNSIGNED NOT NULL,
  `code` varchar(45) DEFAULT NULL,
  `shipping_date` datetime NOT NULL,
  `transport` varchar(100) DEFAULT NULL,
  `note` varchar(255) DEFAULT NULL,
  `created_at` datetime NOT NULL,
  `created_by` varchar(100) DEFAULT NULL,
  `updated_at` datetime DEFAULT NULL,
  `updated_by` varchar(100) DEFAULT NULL,
  `projects_id` int(10) UNSIGNED NOT NULL,
  `deleted` tinyint(4) DEFAULT '0'
) ENGINE=InnoDB DEFAULT CHARSET=utf8;

--
-- Dumping data for table `product_shipping`
--

INSERT INTO `product_shipping` (`id`, `code`, `shipping_date`, `transport`, `note`, `created_at`, `created_by`, `updated_at`, `updated_by`, `projects_id`, `deleted`) VALUES
(1, 'SH-20180404-0001', '2018-04-25 00:04:00', NULL, 'Asdsa', '2018-04-04 20:04:52', NULL, NULL, NULL, 2, 0),
(2, 'SH-20180503-0001', '2018-05-18 00:05:00', NULL, 'Asd', '2018-05-03 23:05:19', NULL, NULL, NULL, 2, 0),
(3, 'SH-20180509-0001', '2018-05-26 00:05:00', NULL, '', '2018-05-09 15:05:15', NULL, NULL, NULL, 9, 0),
(4, 'SH-20180519-0001', '2018-05-30 00:05:00', NULL, '-', '2018-05-19 10:05:25', NULL, NULL, NULL, 10, 0),
(5, 'SH-20180519-0002', '2018-05-30 00:05:00', NULL, '-', '2018-05-19 10:05:20', NULL, NULL, NULL, 11, 0),
(6, 'SH-20180707-0001', '2018-07-07 00:07:00', NULL, '', '2018-07-07 11:07:51', NULL, NULL, NULL, 13, 0),
(7, 'SH-20180707-0002', '2018-07-07 00:07:00', NULL, '', '2018-07-07 11:07:22', NULL, NULL, NULL, 13, 0);

-- --------------------------------------------------------

--
-- Table structure for table `product_shipping_detail`
--

CREATE TABLE `product_shipping_detail` (
  `id` int(10) UNSIGNED NOT NULL,
  `qty` float NOT NULL,
  `unit_price` float NOT NULL,
  `total_price` float NOT NULL,
  `note` text,
  `product_shipping_id` int(10) UNSIGNED NOT NULL,
  `products_id` int(10) UNSIGNED NOT NULL
) ENGINE=InnoDB DEFAULT CHARSET=utf8;

--
-- Dumping data for table `product_shipping_detail`
--

INSERT INTO `product_shipping_detail` (`id`, `qty`, `unit_price`, `total_price`, `note`, `product_shipping_id`, `products_id`) VALUES
(2, 34, 12000, 408000, NULL, 2, 399),
(4, 50, 315000, 15750000, NULL, 3, 567),
(5, 76, 0, 0, NULL, 4, 613),
(6, 3, 20000, 60000, NULL, 6, 8),
(7, 3, 25000, 75000, NULL, 7, 8);

-- --------------------------------------------------------

--
-- Stand-in structure for view `product_stock`
--
CREATE TABLE `product_stock` (
`id` int(10) unsigned
,`name` varchar(255)
,`total` double
);

-- --------------------------------------------------------

--
-- Table structure for table `projects`
--

CREATE TABLE `projects` (
  `id` int(10) UNSIGNED NOT NULL,
  `code` varchar(25) DEFAULT NULL,
  `vat` tinyint(4) DEFAULT '0',
  `description` varchar(255) DEFAULT NULL,
  `po_cust` varchar(30) NOT NULL,
  `created_at` datetime NOT NULL,
  `created_by` varchar(100) DEFAULT NULL,
  `updated_at` datetime DEFAULT NULL,
  `updated_by` varchar(100) DEFAULT NULL,
  `customers_id` int(10) UNSIGNED NOT NULL,
  `deleted` tinyint(4) DEFAULT '0'
) ENGINE=InnoDB DEFAULT CHARSET=utf8;

--
-- Dumping data for table `projects`
--

INSERT INTO `projects` (`id`, `code`, `vat`, `description`, `po_cust`, `created_at`, `created_by`, `updated_at`, `updated_by`, `customers_id`, `deleted`) VALUES
(2, '001/MC-P/SO-IV/2018', 1, 'Test', '', '2018-04-04 20:04:33', 'Admin Megahjaya', NULL, NULL, 4, 0),
(3, '002/MC-P/SO-IV/2018', 1, 'Asd', '', '2018-04-26 21:04:38', 'Admin Megahjaya', NULL, NULL, 9, 0),
(4, '001/MC-P/SO-V/2018', 1, 'Test', '', '2018-05-03 22:05:56', 'Admin Megahjaya', NULL, NULL, 1, 0),
(5, '001/MC-NP/SO-V/2018', 0, 'Minta Dikirim Segera', '', '2018-05-09 10:05:05', 'Admin Megahjaya', '2018-05-09 10:05:08', 'Admin Megahjaya', 42, 0),
(6, '002/MC-P/SO-V/2018', 1, 'Minta Dikirim', '', '2018-05-09 10:05:01', 'Admin Megahjaya', NULL, NULL, 41, 0),
(8, '003/MC-P/SO-V/2018', 1, 'Minta Dikirim Tanggal 21 Mei 2018, Minta Dikirim Tanggal 21 Mei 2018, Minta Dikirim Tanggal 21 Mei 2018, Minta Dikirim Tanggal 21 Mei 2018, Minta Dikirim Tanggal 21 Mei 2018,', '', '2018-05-09 10:05:30', 'Admin Megahjaya', '2018-05-14 14:05:24', 'Admin Megahjaya', 17, 0),
(9, '004/MC-NP/SO-V/2018', 0, 'Dikirim Tgl 26 Mei 2018', '', '2018-05-09 12:05:43', 'Admin Megahjaya', '2018-05-09 13:05:50', 'Admin Megahjaya', 43, 0),
(10, '004/MC-P/SO-V/2018', 1, 'Minta dikirim segera', 'PO5/18/05/00036', '2018-05-19 09:05:33', 'Admin Megahjaya', NULL, NULL, 14, 0),
(11, '005/MC-P/SO-V/2018', 1, '', '112/12/5', '2018-05-19 10:05:24', 'Admin Megahjaya', NULL, NULL, 14, 0),
(12, '001/MC-P/SO-VI/2018', 1, 'kirim cpt', '123456', '2018-06-07 09:06:20', 'Admin Megahjaya', NULL, NULL, 2, 0),
(13, '001/MC-P/SO-VII/2018', 1, '', '010/2018', '2018-07-07 10:07:10', 'Admin Megahjaya', NULL, NULL, 34, 0);

-- --------------------------------------------------------

--
-- Table structure for table `project_details`
--

CREATE TABLE `project_details` (
  `id` int(10) UNSIGNED NOT NULL,
  `qty` float DEFAULT NULL,
  `price` float DEFAULT NULL,
  `total_price` float DEFAULT NULL,
  `note` text,
  `projects_id` int(10) UNSIGNED NOT NULL,
  `products_id` int(10) UNSIGNED NOT NULL,
  `project_detailscol` varchar(45) DEFAULT NULL
) ENGINE=InnoDB DEFAULT CHARSET=utf8;

--
-- Dumping data for table `project_details`
--

INSERT INTO `project_details` (`id`, `qty`, `price`, `total_price`, `note`, `projects_id`, `products_id`, `project_detailscol`) VALUES
(3, 34, 45000, 1530000, 'test', 2, 399, NULL),
(4, 10, 50000, 500000, 'TAMBAH PEMANIS 9', 5, 612, NULL),
(5, 2, 100000, 200000, 'TAMBAH PEMANIS 2', 5, 35, NULL),
(6, 10, 10000, 100000, 'TAMBAH PEMANIS 8', 6, 1, NULL),
(7, 20, 100000, 2000000, 'pemanis 9 pemanis 9 pemanis 9 pemanis 9 pemanis 9', 8, 99, NULL),
(8, 60, 315000, 18900000, 'No : 15/III/18', 9, 567, NULL),
(9, 30, 120000, 3600000, 'coba enter', 8, 1, NULL),
(10, 15, 110000, 1650000, 'pemanis 9', 8, 1, NULL),
(11, 11, 120000, 1320000, 'Tambah Pemanis 9', 8, 6, NULL),
(12, 15, 110000, 1650000, '-', 8, 5, NULL),
(13, 76, 257000, 19532000, '-', 10, 613, NULL),
(14, 160, 100000, 16000000, '-', 12, 303, NULL),
(15, 152, 470000, 71440000, '0', 13, 8, NULL);

-- --------------------------------------------------------

--
-- Table structure for table `purchase_details`
--

CREATE TABLE `purchase_details` (
  `id` int(10) UNSIGNED NOT NULL,
  `purchasing_id` int(10) UNSIGNED NOT NULL,
  `materials_id` int(10) UNSIGNED NOT NULL,
  `qty` float DEFAULT NULL,
  `price` float DEFAULT NULL,
  `discount` varchar(45) DEFAULT NULL,
  `total_price` float DEFAULT NULL,
  `note` text,
  `rechrome` tinyint(4) DEFAULT '0'
) ENGINE=InnoDB DEFAULT CHARSET=utf8;

--
-- Dumping data for table `purchase_details`
--

INSERT INTO `purchase_details` (`id`, `purchasing_id`, `materials_id`, `qty`, `price`, `discount`, `total_price`, `note`, `rechrome`) VALUES
(1, 1, 1, 100, 10000, '0', 1000000, 'asd', 0),
(2, 2, 2, 10, 1000, '0', 10000, 'asd', 0),
(7, 4, 322, 50000, 10000, '1000', 500000000, '-', 0),
(8, 5, 322, 50, 10000, '2000', 500000, '-', 0),
(9, 7, 16, 12200, 300, '0', 3660000, '-', 0),
(10, 8, 323, 150, 47000, '0', 7050000, '-', 0),
(11, 8, 60, 150, 50000, '0', 7500000, '-', 0),
(12, 8, 80, 150, 55000, '0', 8250000, '-', 0),
(13, 9, 324, 800, 17000, '0', 13600000, '-', 0),
(14, 10, 231, 800, 15000, '0', 12000000, '-', 0),
(15, 11, 287, 50, 165000, '0', 8250000, '-', 0),
(16, 12, 257, 1000, 1200, '0', 1200000, '-', 0),
(17, 13, 328, 50, 6000, '0', 300000, '-', 0),
(18, 13, 327, 5, 22000, '0', 110000, '0', 0),
(19, 14, 231, 5, 2600000, '0', 13000000, '-', 0),
(20, 15, 324, 120, 50000, '0', 6000000, '-', 0),
(21, 16, 331, 200, 10000, '0', 2000000, '0', 0),
(22, 16, 329, 100, 20000, '0', 2000000, '0', 0),
(23, 17, 20, 61000, 10000, '0', 610000000, '0', 0),
(24, 19, 56, 100, 10000, '0', 1000000, '0', 0),
(25, 19, 51, 50, 10000, '0', 500000, '0', 0),
(26, 19, 86, 100, 50000, '0', 5000000, '0', 0),
(27, 19, 54, 50, 20000, '0', 1000000, '0', 0),
(28, 19, 47, 100, 30000, '0', 3000000, '0', 0),
(29, 19, 115, 100, 30000, '0', 3000000, '0', 0),
(30, 19, 114, 200, 40000, '0', 8000000, '0', 0),
(31, 20, 253, 300, 10000, '0', 3000000, '0', 0),
(32, 22, 16, 48000, 100, '100000', 4800000, '0', 0),
(33, 23, 56, 350, 200, '200', 70000, '0', 0);

-- --------------------------------------------------------

--
-- Table structure for table `purchase_return`
--

CREATE TABLE `purchase_return` (
  `id` int(10) UNSIGNED NOT NULL,
  `code` varchar(45) DEFAULT NULL,
  `date` datetime DEFAULT NULL,
  `note` text,
  `created_at` datetime DEFAULT NULL,
  `created_by` varchar(100) DEFAULT NULL,
  `updated_at` datetime DEFAULT NULL,
  `updated_by` varchar(100) DEFAULT NULL,
  `receiving_id` int(10) UNSIGNED NOT NULL,
  `deleted` tinyint(4) DEFAULT '0'
) ENGINE=InnoDB DEFAULT CHARSET=utf8;

--
-- Dumping data for table `purchase_return`
--

INSERT INTO `purchase_return` (`id`, `code`, `date`, `note`, `created_at`, `created_by`, `updated_at`, `updated_by`, `receiving_id`, `deleted`) VALUES
(1, 'PR-20180404-0001', '2018-04-26 00:04:00', NULL, '2018-04-04 20:04:03', 'Admin Megahjaya', NULL, NULL, 1, 0);

-- --------------------------------------------------------

--
-- Table structure for table `purchasing`
--

CREATE TABLE `purchasing` (
  `id` int(10) UNSIGNED NOT NULL,
  `code` varchar(45) NOT NULL,
  `vat` tinyint(4) DEFAULT '0',
  `delivery_date` datetime NOT NULL,
  `delivery_place` varchar(255) DEFAULT NULL,
  `created_at` datetime NOT NULL,
  `created_by` varchar(100) DEFAULT NULL,
  `updated_at` datetime DEFAULT NULL,
  `updated_by` varchar(100) DEFAULT NULL,
  `note` text,
  `vendors_id` int(10) UNSIGNED NOT NULL,
  `currency_id` int(10) UNSIGNED NOT NULL,
  `deleted` tinyint(4) DEFAULT '0'
) ENGINE=InnoDB DEFAULT CHARSET=utf8;

--
-- Dumping data for table `purchasing`
--

INSERT INTO `purchasing` (`id`, `code`, `vat`, `delivery_date`, `delivery_place`, `created_at`, `created_by`, `updated_at`, `updated_by`, `note`, `vendors_id`, `currency_id`, `deleted`) VALUES
(1, '001/OP-MC/IV/18', 0, '2018-04-19 00:00:00', 'Your Company Address', '2018-04-04 20:04:52', NULL, '2018-04-30 17:04:39', NULL, 'Asd', 44, 1, 0),
(2, '002/OP-MC/IV/18', 1, '2018-04-19 00:00:00', 'Your Company Address', '2018-04-26 21:04:51', NULL, '2018-04-30 17:04:17', NULL, 'Asd', 1, 1, 0),
(3, '001/OP-MC-NP/V/18', 0, '2018-05-15 00:00:00', 'Your Company Address', '2018-05-07 21:05:29', NULL, NULL, NULL, 'Asd', 44, 1, 0),
(4, '002/OP-MC-NP/V/18', 0, '2018-05-10 00:00:00', 'Your Company Address', '2018-05-09 10:05:34', NULL, NULL, NULL, '', 44, 1, 0),
(5, '001/OP-MC/V/18', NULL, '2018-05-09 00:00:00', 'Your Company Address', '2018-05-09 11:05:17', NULL, '2018-05-09 11:05:01', NULL, 'Minta Dikirim Segera', 46, 1, 0),
(6, '002/OP-MC/V/18', 1, '2018-05-09 00:00:00', 'Mojosari', '2018-05-09 12:05:19', NULL, NULL, NULL, 'Minta Di Kirim Segera', 27, 1, 0),
(7, '003/OP-MC/V/18', 1, '2018-05-09 00:00:00', 'Mojosari', '2018-05-09 12:05:14', NULL, NULL, NULL, 'Urgent Segera Dikirim', 27, 1, 0),
(8, '004/OP-MC/V/18', 1, '2018-05-09 00:00:00', 'Mojosari', '2018-05-09 12:05:06', NULL, NULL, NULL, '', 6, 1, 0),
(9, '005/OP-MC/V/18', 1, '2018-05-09 00:00:00', 'Your Company Address', '2018-05-09 12:05:32', NULL, NULL, NULL, '', 1, 1, 0),
(10, '006/OP-MC/V/18', 1, '2018-05-09 00:00:00', 'Your Company Address', '2018-05-09 12:05:08', NULL, NULL, NULL, '', 19, 1, 0),
(11, '003/OP-MC-NP/V/18', 0, '2018-05-09 00:00:00', 'Your Company Address', '2018-05-09 12:05:03', NULL, NULL, NULL, '', 37, 1, 0),
(12, '007/OP-MC/V/18', 1, '2018-05-09 00:00:00', 'Your Company Address', '2018-05-09 12:05:49', NULL, NULL, NULL, '', 28, 1, 0),
(13, '004/OP-MC-NP/V/18', NULL, '2018-05-19 00:00:00', 'Jl. Mojosari Trawas Km 7 No. 88 Kec. Pungging Mojosari - Mojokerto', '2018-05-19 09:05:52', NULL, '2018-05-19 09:05:22', NULL, 'Minta Dikirim Jam 08.00', 47, 1, 0),
(14, '008/OP-MC/V/18', 1, '2018-05-22 00:00:00', 'Jl. Mojosari Trawas Km 7 No. 88 Kec. Pungging Mojosari - Mojokerto', '2018-05-19 09:05:31', NULL, NULL, NULL, '', 19, 1, 0),
(15, '001/OP-MC/VI/18', 1, '2018-06-07 00:00:00', 'Jl. Mojosari Trawas Km 7 No. 88 Kec. Pungging Mojosari - Mojokerto', '2018-06-07 09:06:13', NULL, NULL, NULL, '', 1, 1, 0),
(16, '002/OP-MC/VI/18', 1, '2018-06-07 00:00:00', 'Jl. Mojosari Trawas Km 7 No. 88 Kec. Pungging Mojosari - Mojokerto', '2018-06-07 09:06:47', NULL, NULL, NULL, '', 21, 1, 0),
(17, '003/OP-MC/VI/18', 1, '2018-06-07 00:00:00', 'Jl. Mojosari Trawas Km 7 No. 88 Kec. Pungging Mojosari - Mojokerto', '2018-06-07 09:06:44', NULL, NULL, NULL, '', 27, 1, 0),
(18, '004/OP-MC/VI/18', 1, '2018-06-07 00:00:00', 'Jl. Mojosari Trawas Km 7 No. 88 Kec. Pungging Mojosari - Mojokerto', '2018-06-07 09:06:04', NULL, NULL, NULL, '', 1, 1, 0),
(19, '005/OP-MC/VI/18', 1, '2018-06-07 00:00:00', 'Jl. Mojosari Trawas Km 7 No. 88 Kec. Pungging Mojosari - Mojokerto', '2018-06-07 09:06:38', NULL, NULL, NULL, '', 6, 1, 0),
(20, '006/OP-MC/VI/18', 1, '2018-06-07 00:00:00', 'Jl. Mojosari Trawas Km 7 No. 88 Kec. Pungging Mojosari - Mojokerto', '2018-06-07 10:06:37', NULL, NULL, NULL, '', 28, 1, 0),
(21, '001/OP-MC/VII/18', 1, '2018-07-07 00:00:00', 'Jl. Mojosari Trawas Km 7 No. 88 Kec. Pungging Mojosari - Mojokerto', '2018-07-07 10:07:37', NULL, NULL, NULL, '', 38, 1, 0),
(22, '002/OP-MC/VII/18', 1, '2018-07-07 00:00:00', 'Jl. Mojosari Trawas Km 7 No. 88 Kec. Pungging Mojosari - Mojokerto', '2018-07-07 10:07:12', NULL, NULL, NULL, '', 27, 1, 0),
(23, '003/OP-MC/VII/18', 1, '2018-07-07 00:00:00', 'Jl. Mojosari Trawas Km 7 No. 88 Kec. Pungging Mojosari - Mojokerto', '2018-07-07 10:07:56', NULL, NULL, NULL, '', 6, 1, 0);

-- --------------------------------------------------------

--
-- Table structure for table `p_return_details`
--

CREATE TABLE `p_return_details` (
  `id` int(10) UNSIGNED NOT NULL,
  `qty` float DEFAULT NULL,
  `price` float DEFAULT NULL,
  `total_price` float DEFAULT NULL,
  `note` text,
  `return_id` int(10) UNSIGNED NOT NULL,
  `materials_id` int(10) UNSIGNED NOT NULL
) ENGINE=InnoDB DEFAULT CHARSET=utf8;

--
-- Dumping data for table `p_return_details`
--

INSERT INTO `p_return_details` (`id`, `qty`, `price`, `total_price`, `note`, `return_id`, `materials_id`) VALUES
(1, 5, NULL, NULL, 'asd', 1, 1);

-- --------------------------------------------------------

--
-- Table structure for table `receive_details`
--

CREATE TABLE `receive_details` (
  `id` int(10) UNSIGNED NOT NULL,
  `qty` float NOT NULL,
  `unit_price` float NOT NULL,
  `discount` float DEFAULT NULL,
  `total_price` float NOT NULL,
  `note` text,
  `receiving_id` int(10) UNSIGNED NOT NULL,
  `materials_id` int(10) UNSIGNED NOT NULL
) ENGINE=InnoDB DEFAULT CHARSET=utf8;

--
-- Dumping data for table `receive_details`
--

INSERT INTO `receive_details` (`id`, `qty`, `unit_price`, `discount`, `total_price`, `note`, `receiving_id`, `materials_id`) VALUES
(1, 100, 10000, 0, 1000000, NULL, 1, 1),
(2, 100, 10000, 0, 1000000, NULL, 2, 1),
(3, 100, 10000, 0, 1000000, NULL, 3, 1),
(4, 25, 10, 0, 250, NULL, 4, 322),
(5, 25, 10000, 0, 250000, NULL, 5, 322),
(6, 100, 10000, 0, 1000000, NULL, 6, 322),
(7, 49975, 100000, 0, 4997500000, NULL, 7, 322),
(8, 24000, 300, 0, 7200000, NULL, 8, 16),
(9, 45, 47000, 0, 2115000, NULL, 9, 323),
(10, 105, 50000, 0, 5250000, NULL, 9, 60),
(11, 150, 55000, 0, 8250000, NULL, 9, 80),
(12, 400, 17000, 0, 6800000, NULL, 10, 324),
(13, 45, 48000, 0, 2160000, NULL, 11, 323),
(14, 0, 50000, 0, 7500000, NULL, 11, 60),
(15, 0, 55000, 0, 8250000, NULL, 11, 80),
(16, 300, 15000, 0, 4500000, NULL, 12, 231),
(17, 50, 165000, 0, 8250000, NULL, 13, 287),
(18, 500, 1200, 0, 600000, NULL, 14, 257),
(19, 5, 2600000, 0, 13000000, NULL, 15, 231),
(20, 120, 50000, 1000000, 6000000, NULL, 16, 324),
(21, 200, 10000, 10000, 2000000, NULL, 17, 331),
(22, 100, 20000, 50000, 2000000, NULL, 17, 329),
(23, 61000, 10000, 2000000, 610000000, NULL, 18, 20),
(24, 100, 10000, 50000, 1000000, NULL, 19, 56),
(25, 50, 10000, 0, 500000, NULL, 19, 51),
(26, 100, 50000, 0, 5000000, NULL, 19, 86),
(27, 50, 20000, 0, 1000000, NULL, 19, 54),
(28, 100, 30000, 0, 3000000, NULL, 19, 47),
(29, 100, 30000, 0, 3000000, NULL, 19, 115),
(30, 200, 40000, 0, 8000000, NULL, 19, 114),
(31, 200, 10000, 20000, 2000000, NULL, 20, 253),
(32, 54, 10000, 0, 540000, NULL, 21, 253),
(33, 36000, 100, 0, 3600000, NULL, 22, 16),
(34, 250, 200, 0, 50000, NULL, 23, 56),
(35, 50, 200, 100, 10000, NULL, 24, 56);

-- --------------------------------------------------------

--
-- Table structure for table `receiving`
--

CREATE TABLE `receiving` (
  `id` int(10) UNSIGNED NOT NULL,
  `code` varchar(45) NOT NULL,
  `no_sj` varchar(50) NOT NULL,
  `receive_date` datetime NOT NULL,
  `note` text,
  `created_at` datetime NOT NULL,
  `created_by` varchar(100) DEFAULT NULL,
  `updated_at` datetime DEFAULT NULL,
  `updated_by` varchar(100) DEFAULT NULL,
  `purchasing_id` int(10) UNSIGNED NOT NULL,
  `doc_path` varchar(255) DEFAULT NULL,
  `currency_id` int(10) UNSIGNED NOT NULL,
  `delivery_order` varchar(45) DEFAULT NULL,
  `deleted` tinyint(4) DEFAULT '0'
) ENGINE=InnoDB DEFAULT CHARSET=utf8;

--
-- Dumping data for table `receiving`
--

INSERT INTO `receiving` (`id`, `code`, `no_sj`, `receive_date`, `note`, `created_at`, `created_by`, `updated_at`, `updated_by`, `purchasing_id`, `doc_path`, `currency_id`, `delivery_order`, `deleted`) VALUES
(1, '001/OP-MC/IV/18', '', '2018-04-04 00:00:00', NULL, '2018-04-04 20:28:40', NULL, NULL, NULL, 1, NULL, 1, NULL, 0),
(2, '001/OP-MC/IV/18', '', '2018-05-04 00:00:00', NULL, '2018-05-07 21:51:09', NULL, NULL, NULL, 1, NULL, 1, NULL, 0),
(3, '001/OP-MC/IV/18', '', '2018-05-04 00:00:00', NULL, '2018-05-07 22:04:54', NULL, NULL, NULL, 1, NULL, 1, NULL, 0),
(4, 'LPB/MC/V/001', '123', '2018-05-09 00:00:00', NULL, '2018-05-09 11:10:11', NULL, NULL, NULL, 5, NULL, 1, NULL, 0),
(5, 'LPB/MC/V/002', '', '2018-05-09 00:00:00', NULL, '2018-05-09 11:11:12', NULL, NULL, NULL, 4, NULL, 1, NULL, 0),
(6, 'LPB/MC/V/003', '548', '2018-05-09 00:00:00', NULL, '2018-05-09 11:16:17', NULL, NULL, NULL, 5, NULL, 1, NULL, 0),
(7, 'LPB/MC/V/004', '698', '2018-05-09 00:00:00', NULL, '2018-05-09 11:19:59', NULL, NULL, NULL, 4, NULL, 1, NULL, 0),
(8, 'LPB/MC/V/005', 'SJ-00000045/18', '2018-05-09 00:00:00', NULL, '2018-05-09 12:48:03', NULL, NULL, NULL, 7, NULL, 1, NULL, 0),
(9, 'LPB/MC/V/006', '548/SJ/18', '2018-05-09 00:00:00', NULL, '2018-05-09 13:26:05', NULL, NULL, NULL, 8, NULL, 1, NULL, 0),
(10, 'LPB/MC/V/007', '560/V/18/SJ', '2018-05-09 00:00:00', NULL, '2018-05-09 13:27:22', NULL, NULL, NULL, 9, NULL, 1, NULL, 0),
(11, 'LPB/MC/V/008', '450/SJ/V/18', '2018-05-09 00:00:00', NULL, '2018-05-09 12:56:04', NULL, NULL, NULL, 8, NULL, 1, NULL, 0),
(12, 'LPB/MC/V/009', '555/58', '2018-05-09 00:00:00', NULL, '2018-05-09 13:27:41', NULL, NULL, NULL, 10, NULL, 1, NULL, 0),
(13, 'LPB/MC/V/010', '58', '2018-05-09 00:00:00', NULL, '2018-05-09 13:28:11', NULL, NULL, NULL, 11, NULL, 1, NULL, 0),
(14, 'LPB/MC/V/011', '5', '2018-05-09 00:00:00', NULL, '2018-05-09 13:28:32', NULL, NULL, NULL, 12, NULL, 1, NULL, 0),
(15, 'LPB/MC/V/012', '006991', '2018-05-19 00:00:00', NULL, '2018-05-19 09:52:02', NULL, NULL, NULL, 14, NULL, 1, NULL, 0),
(16, 'LPB/MC/VI/001', '12345', '2018-06-07 00:00:00', NULL, '2018-06-07 10:08:22', NULL, NULL, NULL, 15, NULL, 1, NULL, 0),
(17, 'LPB/MC/VI/002', '12354', '2018-06-07 00:00:00', NULL, '2018-06-07 10:15:55', NULL, NULL, NULL, 16, NULL, 1, NULL, 0),
(18, 'LPB/MC/VI/003', '25469', '2018-06-07 00:00:00', NULL, '2018-06-07 10:21:21', NULL, NULL, NULL, 17, NULL, 1, NULL, 0),
(19, 'LPB/MC/VI/004', '58974', '2018-06-07 00:00:00', NULL, '2018-06-07 10:22:39', NULL, NULL, NULL, 19, NULL, 1, NULL, 0),
(20, 'LPB/MC/VI/005', '89544', '2018-06-07 00:00:00', NULL, '2018-06-07 10:23:31', NULL, NULL, NULL, 20, NULL, 1, NULL, 0),
(21, 'LPB/MC/VI/006', '8964', '2018-06-07 00:00:00', NULL, '2018-06-07 10:28:19', NULL, NULL, NULL, 20, NULL, 0, NULL, 0),
(22, 'LPB/MC/VII/001', '12345', '2018-07-07 00:00:00', NULL, '2018-07-07 10:57:33', NULL, NULL, NULL, 22, NULL, 1, NULL, 0),
(23, 'LPB/MC/VII/002', '2546', '2018-07-07 00:00:00', NULL, '2018-07-07 10:58:04', NULL, NULL, NULL, 23, NULL, 1, NULL, 0),
(24, 'LPB/MC/VII/003', '2589', '2018-07-07 00:00:00', NULL, '2018-07-07 10:58:47', NULL, NULL, NULL, 23, NULL, 1, NULL, 0);

-- --------------------------------------------------------

--
-- Table structure for table `request`
--

CREATE TABLE `request` (
  `id` int(11) NOT NULL,
  `date` datetime DEFAULT NULL,
  `code` varchar(45) DEFAULT NULL,
  `created_at` datetime DEFAULT NULL,
  `created_by` varchar(50) DEFAULT NULL,
  `updated_at` datetime DEFAULT NULL,
  `updated_by` varchar(50) DEFAULT NULL
) ENGINE=InnoDB DEFAULT CHARSET=utf8;

-- --------------------------------------------------------

--
-- Table structure for table `request_detail`
--

CREATE TABLE `request_detail` (
  `id` int(11) NOT NULL,
  `qty` float DEFAULT NULL,
  `request_id` int(11) NOT NULL,
  `materials_id` int(10) UNSIGNED NOT NULL
) ENGINE=InnoDB DEFAULT CHARSET=utf8;

-- --------------------------------------------------------

--
-- Table structure for table `rewind`
--

CREATE TABLE `rewind` (
  `id` int(11) NOT NULL,
  `code` int(11) NOT NULL,
  `date` date NOT NULL,
  `deleted` int(1) NOT NULL,
  `created_at` timestamp NOT NULL DEFAULT CURRENT_TIMESTAMP ON UPDATE CURRENT_TIMESTAMP,
  `updated_at` datetime NOT NULL
) ENGINE=InnoDB DEFAULT CHARSET=latin1;

-- --------------------------------------------------------

--
-- Table structure for table `rewind_details`
--

CREATE TABLE `rewind_details` (
  `id` int(11) NOT NULL,
  `rewind_id` int(11) NOT NULL,
  `product_unfinished_id` int(11) NOT NULL,
  `length` int(11) NOT NULL,
  `deleted` int(1) NOT NULL,
  `created_at` timestamp NOT NULL DEFAULT CURRENT_TIMESTAMP ON UPDATE CURRENT_TIMESTAMP,
  `updated_at` datetime NOT NULL
) ENGINE=InnoDB DEFAULT CHARSET=latin1;

-- --------------------------------------------------------

--
-- Table structure for table `roles`
--

CREATE TABLE `roles` (
  `id` int(10) UNSIGNED NOT NULL,
  `name` varchar(45) NOT NULL
) ENGINE=InnoDB DEFAULT CHARSET=utf8;

--
-- Dumping data for table `roles`
--

INSERT INTO `roles` (`id`, `name`) VALUES
(1, 'Admin');

-- --------------------------------------------------------

--
-- Table structure for table `sales_return`
--

CREATE TABLE `sales_return` (
  `id` int(10) UNSIGNED NOT NULL,
  `code` varchar(45) DEFAULT NULL,
  `date` datetime DEFAULT NULL,
  `note` text,
  `created_at` datetime DEFAULT NULL,
  `created_by` varchar(100) DEFAULT NULL,
  `updated_at` datetime DEFAULT NULL,
  `updated_by` varchar(100) DEFAULT NULL,
  `product_shipping_id` int(10) UNSIGNED NOT NULL,
  `deleted` tinyint(4) DEFAULT '0'
) ENGINE=InnoDB DEFAULT CHARSET=utf8;

--
-- Dumping data for table `sales_return`
--

INSERT INTO `sales_return` (`id`, `code`, `date`, `note`, `created_at`, `created_by`, `updated_at`, `updated_by`, `product_shipping_id`, `deleted`) VALUES
(1, 'SR-20180404-0001', '2018-04-26 00:04:00', NULL, '2018-04-04 20:04:32', 'Admin Megahjaya', NULL, NULL, 1, 0),
(2, 'SR-20180607-0001', '2018-06-21 00:06:00', NULL, '2018-06-07 13:06:22', 'Admin Megahjaya', NULL, NULL, 4, 0);

-- --------------------------------------------------------

--
-- Table structure for table `s_return_details`
--

CREATE TABLE `s_return_details` (
  `id` int(10) UNSIGNED NOT NULL,
  `qty` float DEFAULT NULL,
  `price` float DEFAULT NULL,
  `total_price` float DEFAULT NULL,
  `note` text,
  `sales_return_id` int(10) UNSIGNED NOT NULL,
  `products_id` int(10) UNSIGNED NOT NULL
) ENGINE=InnoDB DEFAULT CHARSET=utf8;

--
-- Dumping data for table `s_return_details`
--

INSERT INTO `s_return_details` (`id`, `qty`, `price`, `total_price`, `note`, `sales_return_id`, `products_id`) VALUES
(1, 1, NULL, NULL, 'asd', 1, 613),
(2, 100, NULL, NULL, '', 2, 613);

-- --------------------------------------------------------

--
-- Table structure for table `time_table`
--

CREATE TABLE `time_table` (
  `id` int(11) NOT NULL,
  `wo_id` int(11) NOT NULL,
  `products_id` int(11) NOT NULL,
  `processes_id` int(11) NOT NULL,
  `date` date NOT NULL,
  `time_start` time NOT NULL,
  `time_end` time NOT NULL,
  `note` varchar(255) DEFAULT NULL,
  `created_at` timestamp NOT NULL DEFAULT CURRENT_TIMESTAMP ON UPDATE CURRENT_TIMESTAMP
) ENGINE=InnoDB DEFAULT CHARSET=utf8;

--
-- Dumping data for table `time_table`
--

INSERT INTO `time_table` (`id`, `wo_id`, `products_id`, `processes_id`, `date`, `time_start`, `time_end`, `note`, `created_at`) VALUES
(18, 1, 1, 1, '2018-06-14', '07:45:00', '07:45:00', 'asdasd', '2018-06-06 21:34:38'),
(24, 1, 1, 1, '2018-06-14', '07:45:00', '07:45:00', 'asd', '2018-06-06 21:34:43'),
(25, 1, 1, 1, '2018-06-14', '12:00:00', '12:05:00', 'asd', '2018-06-06 21:34:47'),
(26, 9, 303, 1, '2018-06-07', '07:00:00', '09:50:00', 'overchange produksi dalil + tunggu tinta', '2018-06-07 07:06:41'),
(27, 9, 303, 1, '2018-06-07', '00:00:00', '01:00:00', 'asd', '2018-06-07 07:08:16');

-- --------------------------------------------------------

--
-- Table structure for table `unfinished_product_inventory`
--

CREATE TABLE `unfinished_product_inventory` (
  `id` int(10) UNSIGNED NOT NULL,
  `date` datetime DEFAULT NULL,
  `type` char(5) DEFAULT NULL,
  `qty` float DEFAULT NULL,
  `nonmaterial_usages_detail_id` int(10) UNSIGNED DEFAULT NULL,
  `product_movement_id` int(10) UNSIGNED NOT NULL,
  `products_id` int(10) UNSIGNED NOT NULL,
  `adjustment` int(10) UNSIGNED DEFAULT NULL
) ENGINE=InnoDB DEFAULT CHARSET=utf8;

--
-- Dumping data for table `unfinished_product_inventory`
--

INSERT INTO `unfinished_product_inventory` (`id`, `date`, `type`, `qty`, `nonmaterial_usages_detail_id`, `product_movement_id`, `products_id`, `adjustment`) VALUES
(1, '2018-04-04 20:24:17', 'in', 2, NULL, 1, 1, NULL),
(2, '2018-05-09 15:18:38', 'in', 3, NULL, 6, 567, NULL),
(3, '2018-06-07 04:35:24', 'in', 4, NULL, 9, 1, NULL),
(12, '2018-06-07 05:06:04', 'out', 16, 12, 0, 1, NULL),
(13, '2018-06-07 06:06:09', 'in', 12, 12, 0, 1, NULL),
(14, '2018-06-07 06:06:40', 'in', 12, 12, 0, 1, NULL),
(15, '2018-06-07 11:17:30', 'in', 1, NULL, 13, 303, NULL),
(16, '2018-06-07 11:31:24', 'in', 9, NULL, 13, 303, NULL),
(17, '2018-06-07 12:06:09', 'in', 18, NULL, 14, 303, NULL),
(18, '2018-06-07 12:11:44', 'in', 5, NULL, 15, 303, NULL),
(19, '2018-06-07 12:16:26', 'in', 6, NULL, 15, 303, NULL),
(20, '2018-07-07 10:24:41', 'in', 1, NULL, 9, 1, NULL),
(21, '2018-07-07 10:07:58', 'out', 10, 13, 0, 1, NULL),
(22, '2018-07-07 10:07:08', 'out', 10, 14, 0, 1, NULL),
(23, '2018-07-07 10:07:31', 'out', 5, 15, 0, 1, NULL),
(24, '2018-07-11 20:02:55', 'in', 4, NULL, 19, 1, NULL),
(25, '2018-07-11 08:07:40', 'out', 1, 16, 0, 1, NULL),
(26, '2018-07-11 08:07:01', 'out', 1, 17, 0, 1, NULL),
(27, '2018-07-11 08:07:36', 'out', 1, 18, 0, 1, NULL);

-- --------------------------------------------------------

--
-- Table structure for table `uom`
--

CREATE TABLE `uom` (
  `id` int(10) UNSIGNED NOT NULL,
  `name` varchar(25) DEFAULT NULL,
  `symbol` varchar(10) DEFAULT NULL,
  `deleted` tinyint(4) DEFAULT '0'
) ENGINE=InnoDB DEFAULT CHARSET=utf8;

--
-- Dumping data for table `uom`
--

INSERT INTO `uom` (`id`, `name`, `symbol`, `deleted`) VALUES
(1, 'Meter', 'm', 0),
(2, 'Kilogram', 'kg', 0),
(3, 'Pieces', 'pcs', 0),
(4, 'Litre', 'ltr', 0),
(5, 'Roll', 'roll', 0),
(6, 'Pack', 'pck', 0);

-- --------------------------------------------------------

--
-- Table structure for table `uom_converter`
--

CREATE TABLE `uom_converter` (
  `id` int(10) UNSIGNED NOT NULL,
  `rate` float DEFAULT NULL,
  `uom_id` int(10) UNSIGNED NOT NULL,
  `uom_id1` int(10) UNSIGNED NOT NULL
) ENGINE=InnoDB DEFAULT CHARSET=utf8;

-- --------------------------------------------------------

--
-- Table structure for table `usage_categories`
--

CREATE TABLE `usage_categories` (
  `id` int(10) UNSIGNED NOT NULL,
  `name` varchar(255) NOT NULL,
  `code` varchar(10) NOT NULL,
  `created_at` datetime NOT NULL,
  `updated_at` datetime DEFAULT NULL,
  `deleted` tinyint(4) DEFAULT '0'
) ENGINE=InnoDB DEFAULT CHARSET=utf8;

--
-- Dumping data for table `usage_categories`
--

INSERT INTO `usage_categories` (`id`, `name`, `code`, `created_at`, `updated_at`, `deleted`) VALUES
(1, 'Kertas, Tinta , Solvent', 'KTS', '0000-00-00 00:00:00', NULL, 0),
(2, 'Tfhb', '', '0000-00-00 00:00:00', NULL, 1),
(3, 'Dfxgcnjm', '', '0000-00-00 00:00:00', NULL, 1),
(4, 'Asdasd', '', '0000-00-00 00:00:00', NULL, 1),
(5, 'Tinta ', 'T', '0000-00-00 00:00:00', NULL, 0),
(6, 'Core, Kardus', 'CK', '0000-00-00 00:00:00', NULL, 0),
(7, 'Lol', '', '0000-00-00 00:00:00', NULL, 1),
(8, 'Pemanis', 'P', '0000-00-00 00:00:00', NULL, 0),
(9, 'Penolong', 'p', '0000-00-00 00:00:00', NULL, 1);

-- --------------------------------------------------------

--
-- Table structure for table `users`
--

CREATE TABLE `users` (
  `id` int(10) UNSIGNED NOT NULL,
  `username` varchar(50) NOT NULL,
  `email` varchar(50) DEFAULT NULL,
  `name` varchar(50) NOT NULL,
  `password` varchar(255) NOT NULL,
  `address` varchar(255) DEFAULT NULL,
  `telp` varchar(25) DEFAULT NULL,
  `created_at` datetime NOT NULL,
  `updated_at` datetime DEFAULT NULL,
  `roles_id` int(10) UNSIGNED NOT NULL
) ENGINE=InnoDB DEFAULT CHARSET=utf8;

--
-- Dumping data for table `users`
--

INSERT INTO `users` (`id`, `username`, `email`, `name`, `password`, `address`, `telp`, `created_at`, `updated_at`, `roles_id`) VALUES
(1, 'admin', 'admin@mail.com', 'Admin Megahjaya', '$2y$10$jeczkYckxe90k3oSH9dmD.FAxAjamXH79unLVWkXdOQdd4CUOiBpm', 'Jl. Test No. 1', '123321123', '0000-00-00 00:00:00', NULL, 1);

-- --------------------------------------------------------

--
-- Table structure for table `vendors`
--

CREATE TABLE `vendors` (
  `id` int(10) UNSIGNED NOT NULL,
  `code` varchar(45) DEFAULT NULL,
  `name` varchar(255) NOT NULL,
  `description` varchar(255) DEFAULT NULL,
  `address` varchar(255) NOT NULL,
  `telp` varchar(25) NOT NULL,
  `created_at` datetime NOT NULL,
  `updated_at` datetime DEFAULT NULL,
  `ppn` tinyint(4) DEFAULT '1',
  `deleted` tinyint(4) DEFAULT '0'
) ENGINE=InnoDB DEFAULT CHARSET=utf8;

--
-- Dumping data for table `vendors`
--

INSERT INTO `vendors` (`id`, `code`, `name`, `description`, `address`, `telp`, `created_at`, `updated_at`, `ppn`, `deleted`) VALUES
(1, '-', 'PT. Adiguna Eka Sejahtera', 'Bapak Sugianto', 'Jl. Sidomulyo No.07 , Buduran , Sidoarjo', '-', '0000-00-00 00:00:00', '0000-00-00 00:00:00', 1, 0),
(2, '-', 'CV. Adikarya Dwi Sentosa', 'Bapak Rizky', 'Jl. Kalimantan No. 29 RT. 005 RW. 003 Kranggan , Kota Mojokerto', '-', '0000-00-00 00:00:00', '0000-00-00 00:00:00', 1, 0),
(3, '-', 'PT. Alumindo Light Metal Industry', 'Bapak Yulianto', 'Ds. Sawotratap , Gedangan , Sidoarjo', '-', '0000-00-00 00:00:00', '0000-00-00 00:00:00', 1, 0),
(4, '-', 'PT. Aneka Mega Energi', 'Ibu Ririn', 'Jl. Raya Kemangsen , KM 32 RT.016/RW.006 , Sidoarjo', '-', '0000-00-00 00:00:00', '0000-00-00 00:00:00', 1, 0),
(5, '-', 'PT. Berca Indonesia', '', 'Jl. P. Jayakarta No. 149A , Mangga Dua Selatan , Jakarta Pusat', '-', '0000-00-00 00:00:00', '0000-00-00 00:00:00', 1, 0),
(6, '-', 'PT. Colorpak Indonesia Tbk', 'Ibu Yani', 'Jl. Industri II Blok F No.7 , Pasir Jaya , Tangerang', '-', '0000-00-00 00:00:00', '0000-00-00 00:00:00', 1, 0),
(8, '-', 'PT. Dunia Mas Indopratama', 'Bapak Hartawan', 'Jl. Multatuli Kom. Multatuli Indah Blok - D No.13, Aur , Medan', '-', '0000-00-00 00:00:00', '0000-00-00 00:00:00', 1, 0),
(9, '-', 'PT. Global Chemindo', 'Bapak Budi Antony', 'Jl. Margomulyo Permai Blok R No. 14-14A RT.001/RW.001 , Greges , Surabaya', '-', '0000-00-00 00:00:00', '0000-00-00 00:00:00', 1, 0),
(10, '-', 'PT. Hana Grafika', 'Bapak Andhy Arianto', 'Jl. Pandanaran No.81 , Mugasari , Kota Semarang', '-', '0000-00-00 00:00:00', '0000-00-00 00:00:00', 1, 0),
(11, '-', 'PT. Indochemical Citra Kimia', 'Bapak Sugianto', 'Graha Indochem LT.9 Jl. Pantai Indah Kapuk Boulevard Kav. SSB/E RT.004 RW.003 Jakarta Utara', '-', '0000-00-00 00:00:00', '0000-00-00 00:00:00', 1, 0),
(12, '-', 'Ing Wibisono', '', 'Jl. Kapuas No. 21-I , Keputran , Surabaya', '-', '0000-00-00 00:00:00', '0000-00-00 00:00:00', 1, 0),
(13, '-', 'PT. Kharindo Prakarsa', 'Ibu Ratna', 'Jl. Majapahit 34/4 , Petojo Selatan , Jakarta Utara', '-', '0000-00-00 00:00:00', '0000-00-00 00:00:00', 1, 0),
(14, '-', 'PT. Kemas Super Indonesia', 'Bapak Lukas', 'Desa Randuagung , Randu Agung , Malang', '-', '0000-00-00 00:00:00', '0000-00-00 00:00:00', 1, 0),
(15, '-', 'PT. Kemira Nityatama', 'Bapak Hendra', 'Jl. Agung Karya III Blok D Kav.6 , Papanggo , Jakarta Utara', '-', '0000-00-00 00:00:00', '0000-00-00 00:00:00', 1, 0),
(16, '-', 'PT. Kunyun Gravure Industries Indonesia', '', 'Jl. Kranji Blok F3 No.5 Delta Silicon II Lippo , Bekasi', '-', '0000-00-00 00:00:00', '0000-00-00 00:00:00', 1, 0),
(17, '-', 'PT. Meshindo Jayatama', '', 'Ruko Mega Grosir Cempaka Mas Blok D No. 32 , Jakarta Pusat', '-', '0000-00-00 00:00:00', '0000-00-00 00:00:00', 1, 0),
(18, '-', 'PT. Metsa', '', 'Raya Rungkut No.5 Komp Rungkut Megah Raya E-30 RT.000 RW.000 Kalirungkut Surabaya', '-', '0000-00-00 00:00:00', '0000-00-00 00:00:00', 1, 0),
(19, '-', 'PT. Molindo Raya Industrial', '', 'Jl. Sumber Waras No.225 , Kalirejo , Malang', '-', '0000-00-00 00:00:00', '0000-00-00 00:00:00', 1, 0),
(20, '-', 'CV. Mulia Frozindo', '', 'Kutisari Indah Utara 10/54 RT. 006 RW. 006 Kutisari - Surabaya', '-', '0000-00-00 00:00:00', '0000-00-00 00:00:00', 1, 0),
(21, '-', 'PT. Mulya Adhi Paramita', '', 'Jl. Kapuk Kamal No.19 , Kamal Muara , Jakarta Utara', '-', '0000-00-00 00:00:00', '0000-00-00 00:00:00', 1, 0),
(22, '-', 'PT. Rungkut Cahaya Industri', '', 'Jl. Rungkut Industri IV/6 , Kutisari , Surabaya', '-', '0000-00-00 00:00:00', '0000-00-00 00:00:00', 1, 0),
(23, '-', 'PT. Sarianugerah Semesta', '', 'Pulo Gebang Permai Blok A4/8 , Pulo Gebang , Jakarta Timur', '-', '0000-00-00 00:00:00', '0000-00-00 00:00:00', 1, 0),
(24, '-', 'PT. Sele Ingredients', 'Bapak Yasin', 'Jl. Tebet Raya No.8-10 RT.013 RW.003 , Tebet Barat , Jakarta Selatan', '-', '0000-00-00 00:00:00', '0000-00-00 00:00:00', 1, 0),
(25, '-', 'PT. Siegwerk Indonesia', '', 'Jl. Pajajaran No.10 RT.001 RW.03 , Jati Uwung , Tangerang', '-', '0000-00-00 00:00:00', '0000-00-00 00:00:00', 1, 0),
(26, '-', 'PT. Supra Aluminium Industri', 'Ibu Tia', 'Jl. Raya Kasri Pandaan No. 146 , Tawangrejo , Pandaan', '-', '0000-00-00 00:00:00', '0000-00-00 00:00:00', 1, 0),
(27, '-', 'PT. Surya Zig-Zag', '', 'Jl. Raya Kediri Kertosono KM.7 Kab. Kediri', '-', '0000-00-00 00:00:00', '0000-00-00 00:00:00', 1, 0),
(28, '-', 'PT. Taman Sriwedari', 'Ibu Sri', 'Jl. Sersan KKO Usman No. 27 , Dandangan , Kota Kediri', '-', '0000-00-00 00:00:00', '0000-00-00 00:00:00', 1, 0),
(29, '-', 'PT. Teleindo Prakarsa', 'Bapak Rizal Hartono', 'Gedung Eightyeight @Kasablanka Tower A Lantai 5 Unit E , Jalan Casablanca Raya Kav. 88 , Jakarta Selatan', '-', '0000-00-00 00:00:00', '0000-00-00 00:00:00', 1, 0),
(30, '-', 'CV. Surya Terang', '', '-', '-', '0000-00-00 00:00:00', '0000-00-00 00:00:00', 1, 0),
(31, '-', 'Feurstein ', '', '-', '-', '0000-00-00 00:00:00', '0000-00-00 00:00:00', 1, 0),
(32, '-', 'SAMPLE KERTAS', '', '-', '-', '0000-00-00 00:00:00', '0000-00-00 00:00:00', 1, 0),
(33, '-', 'TINTA TAP CTP', '', '-', '-', '0000-00-00 00:00:00', '0000-00-00 00:00:00', 1, 0),
(34, '-', 'SAMPLE TINTA', '', '-', '-', '0000-00-00 00:00:00', '0000-00-00 00:00:00', 1, 0),
(35, '-', 'PT. Mulya Adhi Paramita', '', '-', '-', '0000-00-00 00:00:00', '0000-00-00 00:00:00', 1, 0),
(36, '-', 'SAMPLE CORE', '', '-', '-', '0000-00-00 00:00:00', '0000-00-00 00:00:00', 1, 0),
(37, '-', 'CV. Surya Alam Makmur', '', '-', '-', '0000-00-00 00:00:00', '0000-00-00 00:00:00', 1, 0),
(38, '-', 'Sinar Young', '', '-', '-', '0000-00-00 00:00:00', '0000-00-00 00:00:00', 1, 0),
(39, '-', 'Pemanis Tap', '', '-', '-', '0000-00-00 00:00:00', '0000-00-00 00:00:00', 1, 0),
(40, '-', 'Pemanis dari Customer', '', '-', '-', '0000-00-00 00:00:00', '0000-00-00 00:00:00', 1, 0),
(41, '-', 'Grafindo', '', '-', '-', '0000-00-00 00:00:00', '0000-00-00 00:00:00', 1, 0),
(42, '-', 'Unknown', '', '-', '-', '0000-00-00 00:00:00', '0000-00-00 00:00:00', 1, 1),
(43, NULL, 'putri', '', 'sby', '031', '2018-04-04 12:04:21', '2018-04-04 12:04:35', 0, 0),
(44, NULL, 'aldi test ', 'jual krupuk', 'test', '007', '2018-04-26 20:04:11', NULL, 0, 0),
(45, NULL, 'R', '', 'SF', '0232', '2018-05-09 10:05:24', NULL, 0, 0),
(46, NULL, 'P', '', 'D', '2', '2018-05-09 10:05:42', NULL, 1, 0),
(47, NULL, 'Toko Pranata', 'Majun & Masker', 'Jl. Rungkut', '031-755555', '2018-05-19 08:05:41', '2018-05-19 08:05:45', 0, 0);

-- --------------------------------------------------------

--
-- Table structure for table `work_orders`
--

CREATE TABLE `work_orders` (
  `id` int(10) UNSIGNED NOT NULL,
  `code` varchar(50) DEFAULT NULL,
  `start_date` datetime NOT NULL,
  `end_date` datetime NOT NULL,
  `ppn` tinyint(4) DEFAULT '0',
  `created_at` datetime NOT NULL,
  `created_by` varchar(100) DEFAULT NULL,
  `updated_at` datetime DEFAULT NULL,
  `updated_by` varchar(100) DEFAULT NULL,
  `qty` float DEFAULT NULL,
  `projects_id` int(10) UNSIGNED NOT NULL,
  `deleted` tinyint(4) DEFAULT '0'
) ENGINE=InnoDB DEFAULT CHARSET=utf8;

--
-- Dumping data for table `work_orders`
--

INSERT INTO `work_orders` (`id`, `code`, `start_date`, `end_date`, `ppn`, `created_at`, `created_by`, `updated_at`, `updated_by`, `qty`, `projects_id`, `deleted`) VALUES
(1, '001/MC-P/MKT-IV/2018', '2018-04-19 00:00:00', '2018-04-28 00:00:00', 1, '2018-04-04 20:04:13', 'Admin Megahjaya', NULL, NULL, NULL, 2, 0),
(3, '001/MC-P/MKT-V/2018', '2018-05-16 00:00:00', '2018-05-31 00:00:00', 1, '2018-05-05 16:05:39', 'Admin Megahjaya', NULL, NULL, NULL, 2, 0),
(4, '002/MC-P/MKT-V/2018', '2018-05-25 00:00:00', '2018-05-31 00:00:00', 1, '2018-05-07 22:05:30', 'Admin Megahjaya', NULL, NULL, NULL, 2, 0),
(5, '003/MC-P/MKT-V/2018', '2018-05-10 00:00:00', '2018-05-18 00:00:00', 1, '2018-05-07 22:05:09', 'Admin Megahjaya', NULL, NULL, NULL, 4, 0),
(6, '004/MC-P/MKT-V/2018', '2018-05-09 00:00:00', '2018-05-12 00:00:00', 1, '2018-05-09 11:05:26', 'Admin Megahjaya', NULL, NULL, NULL, 6, 0),
(7, '005/MC-P/MKT-V/2018', '2018-05-15 00:00:00', '2018-05-26 00:00:00', 1, '2018-05-09 13:05:13', 'Admin Megahjaya', NULL, NULL, NULL, 9, 0),
(8, '006/MC-P/MKT-V/2018', '2018-05-19 00:00:00', '2018-05-25 00:00:00', 1, '2018-05-19 10:05:21', 'Admin Megahjaya', NULL, NULL, NULL, 10, 0),
(9, '001/MC-P/MKT-VI/2018', '2018-06-07 00:00:00', '2018-06-11 00:00:00', 1, '2018-06-07 10:06:49', 'Admin Megahjaya', NULL, NULL, NULL, 12, 0),
(10, '001/MC-P/MKT-VII/2018', '2018-07-06 00:00:00', '2018-07-09 00:00:00', 1, '2018-07-07 10:07:53', 'Admin Megahjaya', NULL, NULL, NULL, 13, 0);

-- --------------------------------------------------------

--
-- Table structure for table `work_order_detail`
--

CREATE TABLE `work_order_detail` (
  `id` int(10) UNSIGNED NOT NULL,
  `qty` float DEFAULT NULL,
  `note` varchar(255) DEFAULT NULL,
  `work_orders_id` int(10) UNSIGNED NOT NULL,
  `products_id` int(10) UNSIGNED NOT NULL
) ENGINE=InnoDB DEFAULT CHARSET=utf8;

--
-- Dumping data for table `work_order_detail`
--

INSERT INTO `work_order_detail` (`id`, `qty`, `note`, `work_orders_id`, `products_id`) VALUES
(1, 1, 'test', 1, 1),
(2, 34, 'test', 3, 399),
(3, 34, 'test', 4, 399),
(4, 20, 'TAMBAH PEMANIS 8', 6, 1),
(5, 60, '-', 7, 567),
(6, 76, '-', 8, 613),
(7, 160, '-', 9, 303),
(8, 152, '0', 10, 8);

-- --------------------------------------------------------

--
-- Structure for view `material_stock`
--
DROP TABLE IF EXISTS `material_stock`;

CREATE ALGORITHM=UNDEFINED DEFINER=`indk5_user`@`localhost` SQL SECURITY DEFINER VIEW `material_stock`  AS  select `mi`.`materials_id` AS `id`,`m`.`name` AS `name`,(sum((case when (`mi`.`type` = 'in') then `mi`.`qty` else 0 end)) - sum((case when (`mi`.`type` = 'out') then `mi`.`qty` else 0 end))) AS `total` from (`material_inventory` `mi` left join `materials` `m` on((`mi`.`materials_id` = `m`.`id`))) ;

-- --------------------------------------------------------

--
-- Structure for view `product_stock`
--
DROP TABLE IF EXISTS `product_stock`;

CREATE ALGORITHM=UNDEFINED DEFINER=`indk5_user`@`localhost` SQL SECURITY DEFINER VIEW `product_stock`  AS  select `pi`.`products_id` AS `id`,`p`.`name` AS `name`,(sum((case when (`pi`.`type` = 'in') then `pi`.`qty` else 0 end)) - sum((case when (`pi`.`type` = 'out') then `pi`.`qty` else 0 end))) AS `total` from (`product_inventory` `pi` left join `products` `p` on((`pi`.`products_id` = `p`.`id`))) ;

--
-- Indexes for dumped tables
--

--
-- Indexes for table `btkl`
--
ALTER TABLE `btkl`
  ADD PRIMARY KEY (`id`);

--
-- Indexes for table `ci_sessions`
--
ALTER TABLE `ci_sessions`
  ADD KEY `ci_sessions_timestamp` (`timestamp`);

--
-- Indexes for table `colours`
--
ALTER TABLE `colours`
  ADD PRIMARY KEY (`id`);

--
-- Indexes for table `company_info`
--
ALTER TABLE `company_info`
  ADD PRIMARY KEY (`id`),
  ADD KEY `fk_company_info_currency1_idx` (`currency_id`);

--
-- Indexes for table `currency`
--
ALTER TABLE `currency`
  ADD PRIMARY KEY (`id`);

--
-- Indexes for table `customers`
--
ALTER TABLE `customers`
  ADD PRIMARY KEY (`id`);

--
-- Indexes for table `history`
--
ALTER TABLE `history`
  ADD PRIMARY KEY (`id`);

--
-- Indexes for table `hpp`
--
ALTER TABLE `hpp`
  ADD PRIMARY KEY (`id`),
  ADD KEY `fk_hpp_work_orders1_idx` (`work_orders_id`);

--
-- Indexes for table `machine`
--
ALTER TABLE `machine`
  ADD PRIMARY KEY (`id`),
  ADD KEY `fk_machine_processes1_idx` (`processes_id`);

--
-- Indexes for table `materials`
--
ALTER TABLE `materials`
  ADD PRIMARY KEY (`id`),
  ADD KEY `fk_materials_material_categories_idx` (`material_categories_id`),
  ADD KEY `fk_materials_uom1_idx` (`uom_id`);

--
-- Indexes for table `material_categories`
--
ALTER TABLE `material_categories`
  ADD PRIMARY KEY (`id`);

--
-- Indexes for table `material_cost`
--
ALTER TABLE `material_cost`
  ADD PRIMARY KEY (`id`);

--
-- Indexes for table `material_inventory`
--
ALTER TABLE `material_inventory`
  ADD PRIMARY KEY (`id`),
  ADD KEY `fk_material_inventory_receive_details1_idx` (`receive_details_id`),
  ADD KEY `fk_material_inventory_p_return_details1_idx` (`p_return_details_id`),
  ADD KEY `fk_material_inventory_materials1_idx` (`materials_id`),
  ADD KEY `fk_material_inventory_material_usages_detail1_idx` (`material_usages_detail_id`);

--
-- Indexes for table `material_usages`
--
ALTER TABLE `material_usages`
  ADD PRIMARY KEY (`id`),
  ADD KEY `fk_material_usages_work_orders1_idx` (`work_orders_id`),
  ADD KEY `fk_material_usages_machine1_idx` (`machine_id`),
  ADD KEY `fk_material_usages_usage_categories1_idx` (`usage_categories_id`),
  ADD KEY `fk_material_usages_products1_idx` (`products_id`);

--
-- Indexes for table `material_usages_detail`
--
ALTER TABLE `material_usages_detail`
  ADD PRIMARY KEY (`id`),
  ADD KEY `fk_material_usages_detail_materials1_idx` (`materials_id`),
  ADD KEY `fk_material_usages_detail_material_usages1_idx` (`material_usages_id`);

--
-- Indexes for table `material_usage_categories`
--
ALTER TABLE `material_usage_categories`
  ADD PRIMARY KEY (`id`),
  ADD KEY `fk_material_usage_categories_material_categories1_idx` (`material_categories_id`),
  ADD KEY `fk_material_usage_categories_usage_categories1_idx` (`usage_categories_id`);

--
-- Indexes for table `material_vendor`
--
ALTER TABLE `material_vendor`
  ADD PRIMARY KEY (`id`),
  ADD KEY `fk_material_vendor_vendors1_idx` (`vendors_id`),
  ADD KEY `fk_material_vendor_materials1_idx` (`materials_id`);

--
-- Indexes for table `menu`
--
ALTER TABLE `menu`
  ADD PRIMARY KEY (`id`);

--
-- Indexes for table `nonmaterial_usages_detail`
--
ALTER TABLE `nonmaterial_usages_detail`
  ADD PRIMARY KEY (`id`),
  ADD KEY `fk_nonmaterial_usages_detail_products1_idx` (`products_id`),
  ADD KEY `fk_nonmaterial_usages_detail_material_usages1_idx` (`material_usages_id`) USING BTREE;

--
-- Indexes for table `previlege`
--
ALTER TABLE `previlege`
  ADD PRIMARY KEY (`id`),
  ADD KEY `fk_previllage_roles1_idx` (`roles_id`),
  ADD KEY `fk_previlege_menu1_idx` (`menu_id`);

--
-- Indexes for table `processes`
--
ALTER TABLE `processes`
  ADD PRIMARY KEY (`id`);

--
-- Indexes for table `process_dependency`
--
ALTER TABLE `process_dependency`
  ADD PRIMARY KEY (`id`),
  ADD KEY `fk_process_dependency_processes1_idx` (`processes_id`),
  ADD KEY `fk_process_dependency_processes2_idx` (`processes_id1`);

--
-- Indexes for table `products`
--
ALTER TABLE `products`
  ADD PRIMARY KEY (`id`),
  ADD KEY `fk_products_product_categories1_idx` (`product_categories_id`),
  ADD KEY `fk_products_colours1_idx` (`colours_id`),
  ADD KEY `fk_products_uom1_idx` (`uom_id`);

--
-- Indexes for table `products_unfinished`
--
ALTER TABLE `products_unfinished`
  ADD PRIMARY KEY (`id`),
  ADD KEY `fk_products_product_categories1_idx` (`product_categories_id`),
  ADD KEY `fk_products_colours1_idx` (`colours_id`),
  ADD KEY `fk_products_uom1_idx` (`uom_id`);

--
-- Indexes for table `product_categories`
--
ALTER TABLE `product_categories`
  ADD PRIMARY KEY (`id`);

--
-- Indexes for table `product_inventory`
--
ALTER TABLE `product_inventory`
  ADD PRIMARY KEY (`id`),
  ADD KEY `fk_product_inventory_product_shipping_detail1_idx` (`product_shipping_detail_id`),
  ADD KEY `fk_product_inventory_products1_idx` (`products_id`),
  ADD KEY `fk_product_inventory_s_return_details1_idx` (`s_return_details_id`),
  ADD KEY `fk_product_inventory_product_movement1_idx` (`product_movement_id`);

--
-- Indexes for table `product_materials`
--
ALTER TABLE `product_materials`
  ADD PRIMARY KEY (`id`),
  ADD KEY `fk_product_materials_products1_idx` (`products_id`),
  ADD KEY `fk_product_materials_materials1_idx` (`materials_id`);

--
-- Indexes for table `product_movement`
--
ALTER TABLE `product_movement`
  ADD PRIMARY KEY (`id`),
  ADD KEY `fk_product_movement_work_orders1_idx` (`work_orders_id`),
  ADD KEY `fk_product_movement_products1_idx` (`products_id`),
  ADD KEY `fk_product_movement_machine1_idx` (`machine_id`);

--
-- Indexes for table `product_movement_details`
--
ALTER TABLE `product_movement_details`
  ADD PRIMARY KEY (`id`),
  ADD KEY `fk_product_movement_details_product_movement1_idx` (`product_movement_id`);

--
-- Indexes for table `product_process`
--
ALTER TABLE `product_process`
  ADD PRIMARY KEY (`id`),
  ADD KEY `fk_product_process_processes1_idx` (`processes_id`),
  ADD KEY `fk_product_process_products1_idx` (`products_id`);

--
-- Indexes for table `product_shipping`
--
ALTER TABLE `product_shipping`
  ADD PRIMARY KEY (`id`),
  ADD KEY `fk_product_shipping_projects1_idx` (`projects_id`);

--
-- Indexes for table `product_shipping_detail`
--
ALTER TABLE `product_shipping_detail`
  ADD PRIMARY KEY (`id`),
  ADD KEY `fk_product_shipping_detail_product_shipping1_idx` (`product_shipping_id`),
  ADD KEY `fk_product_shipping_detail_products1_idx` (`products_id`);

--
-- Indexes for table `projects`
--
ALTER TABLE `projects`
  ADD PRIMARY KEY (`id`),
  ADD KEY `fk_projects_customers1_idx` (`customers_id`);

--
-- Indexes for table `project_details`
--
ALTER TABLE `project_details`
  ADD PRIMARY KEY (`id`),
  ADD KEY `fk_project_details_projects1_idx` (`projects_id`),
  ADD KEY `fk_project_details_products1_idx` (`products_id`);

--
-- Indexes for table `purchase_details`
--
ALTER TABLE `purchase_details`
  ADD PRIMARY KEY (`id`),
  ADD KEY `fk_purchase_details_purchasing1_idx` (`purchasing_id`),
  ADD KEY `fk_purchase_details_materials1_idx` (`materials_id`);

--
-- Indexes for table `purchase_return`
--
ALTER TABLE `purchase_return`
  ADD PRIMARY KEY (`id`),
  ADD KEY `fk_return_receiving1_idx` (`receiving_id`);

--
-- Indexes for table `purchasing`
--
ALTER TABLE `purchasing`
  ADD PRIMARY KEY (`id`),
  ADD UNIQUE KEY `code_UNIQUE` (`code`),
  ADD KEY `fk_purchasing_vendors1_idx` (`vendors_id`),
  ADD KEY `fk_purchasing_currency1_idx` (`currency_id`);

--
-- Indexes for table `p_return_details`
--
ALTER TABLE `p_return_details`
  ADD PRIMARY KEY (`id`),
  ADD KEY `fk_return_details_return1_idx` (`return_id`),
  ADD KEY `fk_p_return_details_materials1_idx` (`materials_id`);

--
-- Indexes for table `receive_details`
--
ALTER TABLE `receive_details`
  ADD PRIMARY KEY (`id`),
  ADD KEY `fk_receive_details_receiving1_idx` (`receiving_id`),
  ADD KEY `fk_receive_details_materials1_idx` (`materials_id`);

--
-- Indexes for table `receiving`
--
ALTER TABLE `receiving`
  ADD PRIMARY KEY (`id`),
  ADD KEY `fk_receiving_purchasing1_idx` (`purchasing_id`),
  ADD KEY `fk_receiving_currency1_idx` (`currency_id`);

--
-- Indexes for table `request`
--
ALTER TABLE `request`
  ADD PRIMARY KEY (`id`);

--
-- Indexes for table `request_detail`
--
ALTER TABLE `request_detail`
  ADD PRIMARY KEY (`id`),
  ADD KEY `fk_request_detail_request1_idx` (`request_id`),
  ADD KEY `fk_request_detail_materials1_idx` (`materials_id`);

--
-- Indexes for table `roles`
--
ALTER TABLE `roles`
  ADD PRIMARY KEY (`id`);

--
-- Indexes for table `sales_return`
--
ALTER TABLE `sales_return`
  ADD PRIMARY KEY (`id`),
  ADD KEY `fk_sales_return_product_shipping1_idx` (`product_shipping_id`);

--
-- Indexes for table `s_return_details`
--
ALTER TABLE `s_return_details`
  ADD PRIMARY KEY (`id`),
  ADD KEY `fk_s_return_details_sales_return1_idx` (`sales_return_id`),
  ADD KEY `fk_s_return_details_products1_idx` (`products_id`);

--
-- Indexes for table `time_table`
--
ALTER TABLE `time_table`
  ADD PRIMARY KEY (`id`);

--
-- Indexes for table `unfinished_product_inventory`
--
ALTER TABLE `unfinished_product_inventory`
  ADD PRIMARY KEY (`id`),
  ADD KEY `fk_unfinished_product_inventory_nonmaterial_usages_detail1_idx` (`nonmaterial_usages_detail_id`),
  ADD KEY `fk_unfinished_product_inventory_product_movement1_idx` (`product_movement_id`),
  ADD KEY `fk_unfinished_product_inventory_products1_idx` (`products_id`);

--
-- Indexes for table `uom`
--
ALTER TABLE `uom`
  ADD PRIMARY KEY (`id`);

--
-- Indexes for table `uom_converter`
--
ALTER TABLE `uom_converter`
  ADD PRIMARY KEY (`id`),
  ADD KEY `fk_uom_converter_uom1_idx` (`uom_id`),
  ADD KEY `fk_uom_converter_uom2_idx` (`uom_id1`);

--
-- Indexes for table `usage_categories`
--
ALTER TABLE `usage_categories`
  ADD PRIMARY KEY (`id`);

--
-- Indexes for table `users`
--
ALTER TABLE `users`
  ADD PRIMARY KEY (`id`),
  ADD UNIQUE KEY `username_UNIQUE` (`username`),
  ADD UNIQUE KEY `email_UNIQUE` (`email`),
  ADD KEY `fk_users_roles1_idx` (`roles_id`);

--
-- Indexes for table `vendors`
--
ALTER TABLE `vendors`
  ADD PRIMARY KEY (`id`);

--
-- Indexes for table `work_orders`
--
ALTER TABLE `work_orders`
  ADD PRIMARY KEY (`id`),
  ADD UNIQUE KEY `code_UNIQUE` (`code`),
  ADD KEY `fk_work_orders_projects1_idx` (`projects_id`);

--
-- Indexes for table `work_order_detail`
--
ALTER TABLE `work_order_detail`
  ADD PRIMARY KEY (`id`),
  ADD KEY `fk_work_order_detail_work_orders1_idx` (`work_orders_id`),
  ADD KEY `fk_work_order_detail_products1_idx` (`products_id`);

--
-- AUTO_INCREMENT for dumped tables
--

--
-- AUTO_INCREMENT for table `btkl`
--
ALTER TABLE `btkl`
  MODIFY `id` int(10) UNSIGNED NOT NULL AUTO_INCREMENT, AUTO_INCREMENT=4;
--
-- AUTO_INCREMENT for table `colours`
--
ALTER TABLE `colours`
  MODIFY `id` int(10) UNSIGNED NOT NULL AUTO_INCREMENT, AUTO_INCREMENT=7;
--
-- AUTO_INCREMENT for table `company_info`
--
ALTER TABLE `company_info`
  MODIFY `id` int(10) UNSIGNED NOT NULL AUTO_INCREMENT, AUTO_INCREMENT=2;
--
-- AUTO_INCREMENT for table `currency`
--
ALTER TABLE `currency`
  MODIFY `id` int(10) UNSIGNED NOT NULL AUTO_INCREMENT, AUTO_INCREMENT=3;
--
-- AUTO_INCREMENT for table `customers`
--
ALTER TABLE `customers`
  MODIFY `id` int(10) UNSIGNED NOT NULL AUTO_INCREMENT, AUTO_INCREMENT=44;
--
-- AUTO_INCREMENT for table `history`
--
ALTER TABLE `history`
  MODIFY `id` int(10) UNSIGNED NOT NULL AUTO_INCREMENT, AUTO_INCREMENT=1571;
--
-- AUTO_INCREMENT for table `hpp`
--
ALTER TABLE `hpp`
  MODIFY `id` int(10) UNSIGNED NOT NULL AUTO_INCREMENT, AUTO_INCREMENT=30;
--
-- AUTO_INCREMENT for table `machine`
--
ALTER TABLE `machine`
  MODIFY `id` int(10) UNSIGNED NOT NULL AUTO_INCREMENT, AUTO_INCREMENT=7;
--
-- AUTO_INCREMENT for table `materials`
--
ALTER TABLE `materials`
  MODIFY `id` int(10) UNSIGNED NOT NULL AUTO_INCREMENT, AUTO_INCREMENT=332;
--
-- AUTO_INCREMENT for table `material_categories`
--
ALTER TABLE `material_categories`
  MODIFY `id` int(10) UNSIGNED NOT NULL AUTO_INCREMENT, AUTO_INCREMENT=13;
--
-- AUTO_INCREMENT for table `material_cost`
--
ALTER TABLE `material_cost`
  MODIFY `id` int(11) NOT NULL AUTO_INCREMENT, AUTO_INCREMENT=45;
--
-- AUTO_INCREMENT for table `material_inventory`
--
ALTER TABLE `material_inventory`
  MODIFY `id` int(10) UNSIGNED NOT NULL AUTO_INCREMENT, AUTO_INCREMENT=73;
--
-- AUTO_INCREMENT for table `material_usages`
--
ALTER TABLE `material_usages`
  MODIFY `id` int(10) UNSIGNED NOT NULL AUTO_INCREMENT, AUTO_INCREMENT=18;
--
-- AUTO_INCREMENT for table `material_usages_detail`
--
ALTER TABLE `material_usages_detail`
  MODIFY `id` int(10) UNSIGNED NOT NULL AUTO_INCREMENT, AUTO_INCREMENT=27;
--
-- AUTO_INCREMENT for table `material_usage_categories`
--
ALTER TABLE `material_usage_categories`
  MODIFY `id` int(10) UNSIGNED NOT NULL AUTO_INCREMENT, AUTO_INCREMENT=16;
--
-- AUTO_INCREMENT for table `material_vendor`
--
ALTER TABLE `material_vendor`
  MODIFY `id` int(10) UNSIGNED NOT NULL AUTO_INCREMENT, AUTO_INCREMENT=31;
--
-- AUTO_INCREMENT for table `menu`
--
ALTER TABLE `menu`
  MODIFY `id` int(2) UNSIGNED NOT NULL AUTO_INCREMENT, AUTO_INCREMENT=44;
--
-- AUTO_INCREMENT for table `nonmaterial_usages_detail`
--
ALTER TABLE `nonmaterial_usages_detail`
  MODIFY `id` int(10) UNSIGNED NOT NULL AUTO_INCREMENT, AUTO_INCREMENT=19;
--
-- AUTO_INCREMENT for table `previlege`
--
ALTER TABLE `previlege`
  MODIFY `id` int(10) UNSIGNED NOT NULL AUTO_INCREMENT, AUTO_INCREMENT=44;
--
-- AUTO_INCREMENT for table `processes`
--
ALTER TABLE `processes`
  MODIFY `id` int(10) UNSIGNED NOT NULL AUTO_INCREMENT, AUTO_INCREMENT=10;
--
-- AUTO_INCREMENT for table `process_dependency`
--
ALTER TABLE `process_dependency`
  MODIFY `id` int(10) UNSIGNED NOT NULL AUTO_INCREMENT;
--
-- AUTO_INCREMENT for table `products`
--
ALTER TABLE `products`
  MODIFY `id` int(10) UNSIGNED NOT NULL AUTO_INCREMENT, AUTO_INCREMENT=614;
--
-- AUTO_INCREMENT for table `products_unfinished`
--
ALTER TABLE `products_unfinished`
  MODIFY `id` int(10) UNSIGNED NOT NULL AUTO_INCREMENT;
--
-- AUTO_INCREMENT for table `product_categories`
--
ALTER TABLE `product_categories`
  MODIFY `id` int(10) UNSIGNED NOT NULL AUTO_INCREMENT, AUTO_INCREMENT=3;
--
-- AUTO_INCREMENT for table `product_inventory`
--
ALTER TABLE `product_inventory`
  MODIFY `id` int(10) UNSIGNED NOT NULL AUTO_INCREMENT, AUTO_INCREMENT=28;
--
-- AUTO_INCREMENT for table `product_materials`
--
ALTER TABLE `product_materials`
  MODIFY `id` int(10) UNSIGNED NOT NULL AUTO_INCREMENT, AUTO_INCREMENT=34;
--
-- AUTO_INCREMENT for table `product_movement`
--
ALTER TABLE `product_movement`
  MODIFY `id` int(10) UNSIGNED NOT NULL AUTO_INCREMENT, AUTO_INCREMENT=20;
--
-- AUTO_INCREMENT for table `product_movement_details`
--
ALTER TABLE `product_movement_details`
  MODIFY `id` int(10) UNSIGNED NOT NULL AUTO_INCREMENT, AUTO_INCREMENT=571;
--
-- AUTO_INCREMENT for table `product_process`
--
ALTER TABLE `product_process`
  MODIFY `id` int(10) UNSIGNED NOT NULL AUTO_INCREMENT, AUTO_INCREMENT=15;
--
-- AUTO_INCREMENT for table `product_shipping`
--
ALTER TABLE `product_shipping`
  MODIFY `id` int(10) UNSIGNED NOT NULL AUTO_INCREMENT, AUTO_INCREMENT=8;
--
-- AUTO_INCREMENT for table `product_shipping_detail`
--
ALTER TABLE `product_shipping_detail`
  MODIFY `id` int(10) UNSIGNED NOT NULL AUTO_INCREMENT, AUTO_INCREMENT=8;
--
-- AUTO_INCREMENT for table `projects`
--
ALTER TABLE `projects`
  MODIFY `id` int(10) UNSIGNED NOT NULL AUTO_INCREMENT, AUTO_INCREMENT=14;
--
-- AUTO_INCREMENT for table `project_details`
--
ALTER TABLE `project_details`
  MODIFY `id` int(10) UNSIGNED NOT NULL AUTO_INCREMENT, AUTO_INCREMENT=16;
--
-- AUTO_INCREMENT for table `purchase_details`
--
ALTER TABLE `purchase_details`
  MODIFY `id` int(10) UNSIGNED NOT NULL AUTO_INCREMENT, AUTO_INCREMENT=34;
--
-- AUTO_INCREMENT for table `purchase_return`
--
ALTER TABLE `purchase_return`
  MODIFY `id` int(10) UNSIGNED NOT NULL AUTO_INCREMENT, AUTO_INCREMENT=2;
--
-- AUTO_INCREMENT for table `purchasing`
--
ALTER TABLE `purchasing`
  MODIFY `id` int(10) UNSIGNED NOT NULL AUTO_INCREMENT, AUTO_INCREMENT=24;
--
-- AUTO_INCREMENT for table `p_return_details`
--
ALTER TABLE `p_return_details`
  MODIFY `id` int(10) UNSIGNED NOT NULL AUTO_INCREMENT, AUTO_INCREMENT=2;
--
-- AUTO_INCREMENT for table `receive_details`
--
ALTER TABLE `receive_details`
  MODIFY `id` int(10) UNSIGNED NOT NULL AUTO_INCREMENT, AUTO_INCREMENT=36;
--
-- AUTO_INCREMENT for table `receiving`
--
ALTER TABLE `receiving`
  MODIFY `id` int(10) UNSIGNED NOT NULL AUTO_INCREMENT, AUTO_INCREMENT=25;
--
-- AUTO_INCREMENT for table `roles`
--
ALTER TABLE `roles`
  MODIFY `id` int(10) UNSIGNED NOT NULL AUTO_INCREMENT, AUTO_INCREMENT=2;
--
-- AUTO_INCREMENT for table `sales_return`
--
ALTER TABLE `sales_return`
  MODIFY `id` int(10) UNSIGNED NOT NULL AUTO_INCREMENT, AUTO_INCREMENT=3;
--
-- AUTO_INCREMENT for table `s_return_details`
--
ALTER TABLE `s_return_details`
  MODIFY `id` int(10) UNSIGNED NOT NULL AUTO_INCREMENT, AUTO_INCREMENT=3;
--
-- AUTO_INCREMENT for table `time_table`
--
ALTER TABLE `time_table`
  MODIFY `id` int(11) NOT NULL AUTO_INCREMENT, AUTO_INCREMENT=28;
--
-- AUTO_INCREMENT for table `unfinished_product_inventory`
--
ALTER TABLE `unfinished_product_inventory`
  MODIFY `id` int(10) UNSIGNED NOT NULL AUTO_INCREMENT, AUTO_INCREMENT=28;
--
-- AUTO_INCREMENT for table `uom`
--
ALTER TABLE `uom`
  MODIFY `id` int(10) UNSIGNED NOT NULL AUTO_INCREMENT, AUTO_INCREMENT=7;
--
-- AUTO_INCREMENT for table `uom_converter`
--
ALTER TABLE `uom_converter`
  MODIFY `id` int(10) UNSIGNED NOT NULL AUTO_INCREMENT;
--
-- AUTO_INCREMENT for table `usage_categories`
--
ALTER TABLE `usage_categories`
  MODIFY `id` int(10) UNSIGNED NOT NULL AUTO_INCREMENT, AUTO_INCREMENT=10;
--
-- AUTO_INCREMENT for table `users`
--
ALTER TABLE `users`
  MODIFY `id` int(10) UNSIGNED NOT NULL AUTO_INCREMENT, AUTO_INCREMENT=2;
--
-- AUTO_INCREMENT for table `vendors`
--
ALTER TABLE `vendors`
  MODIFY `id` int(10) UNSIGNED NOT NULL AUTO_INCREMENT, AUTO_INCREMENT=48;
--
-- AUTO_INCREMENT for table `work_orders`
--
ALTER TABLE `work_orders`
  MODIFY `id` int(10) UNSIGNED NOT NULL AUTO_INCREMENT, AUTO_INCREMENT=11;
--
-- AUTO_INCREMENT for table `work_order_detail`
--
ALTER TABLE `work_order_detail`
  MODIFY `id` int(10) UNSIGNED NOT NULL AUTO_INCREMENT, AUTO_INCREMENT=9;
--
-- Constraints for dumped tables
--

--
-- Constraints for table `company_info`
--
ALTER TABLE `company_info`
  ADD CONSTRAINT `fk_company_info_currency1` FOREIGN KEY (`currency_id`) REFERENCES `currency` (`id`) ON DELETE NO ACTION ON UPDATE NO ACTION;

--
-- Constraints for table `hpp`
--
ALTER TABLE `hpp`
  ADD CONSTRAINT `fk_hpp_work_orders1` FOREIGN KEY (`work_orders_id`) REFERENCES `work_orders` (`id`) ON DELETE NO ACTION ON UPDATE NO ACTION;

--
-- Constraints for table `machine`
--
ALTER TABLE `machine`
  ADD CONSTRAINT `fk_machine_processes1` FOREIGN KEY (`processes_id`) REFERENCES `processes` (`id`) ON DELETE NO ACTION ON UPDATE NO ACTION;

--
-- Constraints for table `materials`
--
ALTER TABLE `materials`
  ADD CONSTRAINT `fk_materials_material_categories` FOREIGN KEY (`material_categories_id`) REFERENCES `material_categories` (`id`) ON DELETE NO ACTION ON UPDATE NO ACTION,
  ADD CONSTRAINT `fk_materials_uom1` FOREIGN KEY (`uom_id`) REFERENCES `uom` (`id`) ON DELETE NO ACTION ON UPDATE NO ACTION;

--
-- Constraints for table `material_inventory`
--
ALTER TABLE `material_inventory`
  ADD CONSTRAINT `fk_material_inventory_material_usages_detail1` FOREIGN KEY (`material_usages_detail_id`) REFERENCES `material_usages_detail` (`id`) ON DELETE NO ACTION ON UPDATE NO ACTION,
  ADD CONSTRAINT `fk_material_inventory_materials1` FOREIGN KEY (`materials_id`) REFERENCES `materials` (`id`) ON DELETE NO ACTION ON UPDATE NO ACTION,
  ADD CONSTRAINT `fk_material_inventory_p_return_details1` FOREIGN KEY (`p_return_details_id`) REFERENCES `p_return_details` (`id`) ON DELETE NO ACTION ON UPDATE NO ACTION,
  ADD CONSTRAINT `fk_material_inventory_receive_details1` FOREIGN KEY (`receive_details_id`) REFERENCES `receive_details` (`id`) ON DELETE NO ACTION ON UPDATE NO ACTION;

--
-- Constraints for table `material_usages`
--
ALTER TABLE `material_usages`
  ADD CONSTRAINT `fk_material_usages_machine1` FOREIGN KEY (`machine_id`) REFERENCES `machine` (`id`) ON DELETE NO ACTION ON UPDATE NO ACTION,
  ADD CONSTRAINT `fk_material_usages_products1` FOREIGN KEY (`products_id`) REFERENCES `products` (`id`) ON DELETE NO ACTION ON UPDATE NO ACTION,
  ADD CONSTRAINT `fk_material_usages_usage_categories1` FOREIGN KEY (`usage_categories_id`) REFERENCES `usage_categories` (`id`) ON DELETE NO ACTION ON UPDATE NO ACTION,
  ADD CONSTRAINT `fk_material_usages_work_orders1` FOREIGN KEY (`work_orders_id`) REFERENCES `work_orders` (`id`) ON DELETE NO ACTION ON UPDATE NO ACTION;

--
-- Constraints for table `material_usages_detail`
--
ALTER TABLE `material_usages_detail`
  ADD CONSTRAINT `fk_material_usages_detail_material_usages1` FOREIGN KEY (`material_usages_id`) REFERENCES `material_usages` (`id`) ON DELETE NO ACTION ON UPDATE NO ACTION,
  ADD CONSTRAINT `fk_material_usages_detail_materials1` FOREIGN KEY (`materials_id`) REFERENCES `materials` (`id`) ON DELETE NO ACTION ON UPDATE NO ACTION;

--
-- Constraints for table `material_usage_categories`
--
ALTER TABLE `material_usage_categories`
  ADD CONSTRAINT `fk_material_usage_categories_material_categories1` FOREIGN KEY (`material_categories_id`) REFERENCES `material_categories` (`id`) ON DELETE NO ACTION ON UPDATE NO ACTION,
  ADD CONSTRAINT `fk_material_usage_categories_usage_categories1` FOREIGN KEY (`usage_categories_id`) REFERENCES `usage_categories` (`id`) ON DELETE NO ACTION ON UPDATE NO ACTION;

--
-- Constraints for table `material_vendor`
--
ALTER TABLE `material_vendor`
  ADD CONSTRAINT `fk_material_vendor_materials1` FOREIGN KEY (`materials_id`) REFERENCES `materials` (`id`) ON DELETE NO ACTION ON UPDATE NO ACTION,
  ADD CONSTRAINT `fk_material_vendor_vendors1` FOREIGN KEY (`vendors_id`) REFERENCES `vendors` (`id`) ON DELETE NO ACTION ON UPDATE NO ACTION;

--
-- Constraints for table `previlege`
--
ALTER TABLE `previlege`
  ADD CONSTRAINT `fk_previlege_menu1` FOREIGN KEY (`menu_id`) REFERENCES `menu` (`id`) ON DELETE NO ACTION ON UPDATE NO ACTION,
  ADD CONSTRAINT `fk_previllage_roles1` FOREIGN KEY (`roles_id`) REFERENCES `roles` (`id`) ON DELETE NO ACTION ON UPDATE NO ACTION;

--
-- Constraints for table `process_dependency`
--
ALTER TABLE `process_dependency`
  ADD CONSTRAINT `fk_process_dependency_processes1` FOREIGN KEY (`processes_id`) REFERENCES `processes` (`id`) ON DELETE NO ACTION ON UPDATE NO ACTION,
  ADD CONSTRAINT `fk_process_dependency_processes2` FOREIGN KEY (`processes_id1`) REFERENCES `processes` (`id`) ON DELETE NO ACTION ON UPDATE NO ACTION;

--
-- Constraints for table `products`
--
ALTER TABLE `products`
  ADD CONSTRAINT `fk_products_colours1` FOREIGN KEY (`colours_id`) REFERENCES `colours` (`id`) ON DELETE NO ACTION ON UPDATE NO ACTION,
  ADD CONSTRAINT `fk_products_product_categories1` FOREIGN KEY (`product_categories_id`) REFERENCES `product_categories` (`id`) ON DELETE NO ACTION ON UPDATE NO ACTION,
  ADD CONSTRAINT `fk_products_uom1` FOREIGN KEY (`uom_id`) REFERENCES `uom` (`id`) ON DELETE NO ACTION ON UPDATE NO ACTION;

--
-- Constraints for table `product_materials`
--
ALTER TABLE `product_materials`
  ADD CONSTRAINT `fk_product_materials_materials1` FOREIGN KEY (`materials_id`) REFERENCES `materials` (`id`) ON DELETE NO ACTION ON UPDATE NO ACTION,
  ADD CONSTRAINT `fk_product_materials_products1` FOREIGN KEY (`products_id`) REFERENCES `products` (`id`) ON DELETE NO ACTION ON UPDATE NO ACTION;

/*!40101 SET CHARACTER_SET_CLIENT=@OLD_CHARACTER_SET_CLIENT */;
/*!40101 SET CHARACTER_SET_RESULTS=@OLD_CHARACTER_SET_RESULTS */;
/*!40101 SET COLLATION_CONNECTION=@OLD_COLLATION_CONNECTION */;
